scheduler,workload,p50_latency_ms,p95_latency_ms,p99_latency_ms,mean_latency_ms,std_latency_ms,throughput,total_energy,total_cost,energy_per_job,cost_per_job,slo_violations,slo_violation_rate,slo_compliance_rate,cold_starts,warm_hits,cold_start_rate,num_jobs,simulation_time_s,hw_0_util,hw_1_util,hw_2_util,hw_3_util,hw_4_util,hw_5_util,hw_6_util,run_id
Dandelion-Learn,azure_trace_day_01,8.636546297999814,26.636546298000496,27.87846640150624,14.358207768886386,8.489758400006032,81.63242621083654,29631.306396500957,29329.110084979086,14.815653198250478,14.664555042489543,0,0.0,1.0,700,1300,0.35,2000,4.155156850814819,9.995738604666183,45.65706540414488,30.86816734338332,17.85825105799372,1.9477105107156039,0.5191912994339171,4.581921903258615,0
Dandelion-Learn,azure_trace_day_01,8.636546297999814,26.636546298000496,27.87846640150624,14.358207768886386,8.489758400006032,81.63242621083654,29631.306396500957,29329.110084979086,14.815653198250478,14.664555042489543,0,0.0,1.0,700,1300,0.35,2000,4.123405456542969,30.86816734338332,9.995738604666183,45.65706540414488,17.85825105799372,0.5191912994339171,1.9477105107156039,4.581921903258615,1
Dandelion-Learn,azure_trace_day_01,8.636546297999814,26.636546298000496,27.87846640150624,14.358207768886386,8.489758400006032,81.63242621083654,29631.306396500957,29329.110084979086,14.815653198250478,14.664555042489543,0,0.0,1.0,700,1300,0.35,2000,3.999382734298706,30.86816734338332,9.995738604666183,17.85825105799372,45.65706540414488,0.5191912994339171,1.9477105107156039,4.581921903258615,2
Dandelion-Learn,azure_trace_day_01,8.636546297999814,26.636546298000496,27.87846640150624,14.358207768886386,8.489758400006032,81.63242621083654,29631.306396500957,29329.110084979086,14.815653198250478,14.664555042489543,0,0.0,1.0,700,1300,0.35,2000,4.048700571060181,45.65706540414488,30.86816734338332,9.995738604666183,17.85825105799372,0.5191912994339171,1.9477105107156039,4.581921903258615,3
Dandelion-Learn,azure_trace_day_01,8.636546297999814,26.636546298000496,27.87846640150624,14.358207768886386,8.489758400006032,81.63242621083654,29631.306396500957,29329.110084979086,14.815653198250478,14.664555042489543,0,0.0,1.0,700,1300,0.35,2000,4.169031620025635,30.86816734338332,45.65706540414488,17.85825105799372,9.995738604666183,0.5191912994339171,1.9477105107156039,4.581921903258615,4
Dandelion-Learn,azure_trace_day_02,8.636546297999814,26.636546298000496,28.349446782571768,14.226810228142178,8.522706220270656,85.19229793960162,30048.074971106365,29665.183871806596,15.024037485553183,14.832591935903297,0,0.0,1.0,694,1306,0.347,2000,4.094992637634277,9.1060677904251,45.44420328587279,32.90957298720604,19.520589113815593,2.3426297730247154,0.9193074879720509,5.613491406094892,0
Dandelion-Learn,azure_trace_day_02,8.636546297999814,26.636546298000496,28.349446782571768,14.226810228142178,8.522706220270656,85.19229793960162,30048.074971106365,29665.183871806596,15.024037485553183,14.832591935903297,0,0.0,1.0,694,1306,0.347,2000,4.021806240081787,45.44420328587279,19.520589113815593,32.90957298720604,9.1060677904251,2.3426297730247154,0.9193074879720509,5.613491406094892,1
Dandelion-Learn,azure_trace_day_02,8.636546297999814,26.636546298000496,28.349446782571768,14.226810228142178,8.522706220270656,85.19229793960162,30048.074971106365,29665.183871806596,15.024037485553183,14.832591935903297,0,0.0,1.0,694,1306,0.347,2000,4.140743970870972,32.76616697455727,45.44420328587279,19.55395558606715,9.216107330822306,0.9193074879720509,2.3426297730247154,5.613491406094892,2
Dandelion-Learn,azure_trace_day_02,8.636546297999814,26.636546298000496,28.349446782571768,14.226810228142178,8.522706220270656,85.19229793960162,30048.074971106365,29665.183871806596,15.024037485553183,14.832591935903297,0,0.0,1.0,694,1306,0.347,2000,4.140652656555176,9.1060677904251,19.520589113815593,45.44420328587279,32.90957298720604,0.9193074879720509,2.3426297730247154,5.613491406094892,3
Dandelion-Learn,azure_trace_day_02,8.636546297999814,26.636546298000496,28.349446782571768,14.223076400131372,8.523833102493501,85.19229793960162,30048.074971106365,29665.183871806596,15.024037485553183,14.832591935903297,0,0.0,1.0,694,1306,0.347,2000,4.0517895221710205,45.44420328587279,32.90957298720604,9.1060677904251,19.520589113815593,0.9200889198470291,2.341848341149737,5.613491406094892,4
Dandelion-Learn,azure_trace_day_03,8.636546297999814,26.636546297999608,27.380050072473797,14.196105829200842,8.414327610783507,80.63812272762861,29047.938667833627,28894.915569915815,14.523969333916813,14.447457784957907,0,0.0,1.0,688,1312,0.344,2000,4.060960531234741,30.753302223045704,45.727268799340216,8.600158705905216,17.268156257464227,0.5235509221384999,0.7103986128674977,5.533913786648508,0
Dandelion-Learn,azure_trace_day_03,8.636546297999814,26.636546297999608,27.380050072473797,14.196105829200842,8.414327610783507,80.63812272762861,29047.938667833627,28894.915569915815,14.523969333916813,14.447457784957907,0,0.0,1.0,688,1312,0.344,2000,4.140158653259277,45.82139999266234,17.278175167833844,8.496008602213468,30.753302223045704,0.5235509221384999,0.7103986128674977,5.533913786648508,1
Dandelion-Learn,azure_trace_day_03,8.636546297999814,26.636546297999608,27.380050072473797,14.196105829200842,8.414327610783507,80.63812272762861,29047.938667833627,28894.915569915815,14.523969333916813,14.447457784957907,0,0.0,1.0,688,1312,0.344,2000,4.1056809425354,17.1740250641421,45.82139999266234,8.600158705905216,30.753302223045704,0.8831521106643793,0.35079742434161826,5.533913786648508,2
Dandelion-Learn,azure_trace_day_03,8.636546297999814,26.636546297999608,27.380050072473797,14.196105829200842,8.414327610783507,80.63812272762861,29047.938667833627,28894.915569915815,14.523969333916813,14.447457784957907,0,0.0,1.0,688,1312,0.344,2000,4.001255035400391,45.727268799340216,8.600158705905216,30.753302223045704,17.268156257464227,0.8831521106643793,0.35079742434161826,5.533913786648508,3
Dandelion-Learn,azure_trace_day_03,8.636546297999814,26.636546297999608,27.380050072473797,14.196105829200842,8.414327610783507,80.63812272762861,29047.938667833627,28894.915569915815,14.523969333916813,14.447457784957907,0,0.0,1.0,688,1312,0.344,2000,4.1192708015441895,8.496008602213468,45.82139999266234,17.278175167833844,30.753302223045704,0.35079742434161826,0.8831521106643793,5.533913786648508,4
Dandelion-Learn,synthetic_chain,26.414723523403794,49.91450934598216,68.29274239325702,26.213623125188583,14.291655798327222,86.15644285651881,53946.85794420268,53086.88521681819,26.973428972101342,26.543442608409094,0,0.0,1.0,1160,840,0.58,2000,4.081721305847168,43.87676650634126,47.696961008260395,48.75229719994909,48.30420230080379,7.4092191145069,0.0,10.767792414523482,0
Dandelion-Learn,synthetic_chain,26.414723523403794,49.91450934598216,68.29274239325702,26.213623125188583,14.291655798327222,86.15644285651881,53946.85794420268,53086.88521681819,26.973428972101342,26.543442608409094,0,0.0,1.0,1160,840,0.58,2000,3.997993230819702,48.30420230080379,43.87676650634126,48.75229719994909,47.696961008260395,7.4092191145069,0.0,10.767792414523482,1
Dandelion-Learn,synthetic_chain,26.414723523403794,49.91450934598216,68.29274239325702,26.213623125188583,14.291655798327222,86.15644285651881,53946.85794420268,53086.88521681819,26.973428972101342,26.543442608409094,0,0.0,1.0,1160,840,0.58,2000,3.9935648441314697,43.87676650634126,48.30420230080379,48.75229719994909,47.696961008260395,7.4092191145069,0.0,10.767792414523482,2
Dandelion-Learn,synthetic_chain,25.292692867567634,49.167340564358675,67.39545857626781,24.289861145396248,14.773575753909565,86.19891459567003,50958.103524139464,50002.30114176862,25.479051762069734,25.00115057088431,0,0.0,1.0,1035,965,0.5175,2000,4.108299970626831,40.370694753064434,44.430517828177,46.765009922985016,41.86317777817873,3.1515467251617446,5.0873660676710495,10.740261010413757,3
Dandelion-Learn,synthetic_chain,25.292692867567634,49.167340564358675,67.39545857626781,24.289861145396248,14.773575753909565,86.19891459567003,50958.103524139464,50002.30114176862,25.479051762069734,25.00115057088431,0,0.0,1.0,1035,965,0.5175,2000,4.088862895965576,41.86317777817873,46.765009922985016,40.370694753064434,44.430517828177,3.1515467251617446,5.0873660676710495,10.740261010413757,4
Dandelion-Learn,synthetic_diamond,26.974913393332578,49.961725127187506,70.29582057082567,27.357159997209326,13.786996152012673,81.89114929694813,66093.0187280363,63895.565348945296,33.04650936401815,31.94778267447265,0,0.0,1.0,1454,546,0.727,2000,4.007489204406738,34.534807371957335,46.731628599417206,62.483903579067125,36.71677433636243,8.949756216035496,9.045442057986895,18.084477249154514,0
Dandelion-Learn,synthetic_diamond,26.96459001433027,49.99618647662878,70.29582057082567,27.3352043300651,13.798488694862291,81.89114929694813,66028.01131334658,63830.55793425557,33.01400565667329,31.915278967127787,0,0.0,1.0,1453,547,0.7265,2000,4.088881015777588,34.9435600663541,62.784202717325634,47.66910232163667,35.20263943164515,9.045442057986895,8.949756216035496,17.885193626531674,1
Dandelion-Learn,synthetic_diamond,26.96459001433027,49.99618647662878,70.29582057082567,27.3352043300651,13.798488694862291,81.89114929694813,66028.01131334658,63830.55793425557,33.01400565667329,31.915278967127787,0,0.0,1.0,1453,547,0.7265,2000,4.094606161117554,62.784202717325634,47.66910232163667,34.9435600663541,35.20263943164515,8.949756216035496,9.045442057986895,17.885193626531674,2
Dandelion-Learn,synthetic_diamond,26.96459001433027,49.99618647662878,70.29582057082567,27.3352043300651,13.798488694862291,81.89114929694813,66028.01131334658,63830.55793425557,33.01400565667329,31.915278967127787,0,0.0,1.0,1453,547,0.7265,2000,4.017661809921265,34.9435600663541,47.66910232163667,35.20263943164515,62.784202717325634,8.949756216035496,9.045442057986895,17.885193626531674,3
Dandelion-Learn,synthetic_diamond,26.96459001433027,49.99618647662878,70.29582057082567,27.3352043300651,13.798488694862291,81.89114929694813,66028.01131334658,63830.55793425557,33.01400565667329,31.915278967127787,0,0.0,1.0,1453,547,0.7265,2000,3.9701321125030518,34.9435600663541,62.784202717325634,35.20263943164515,47.66910232163667,9.045442057986895,8.949756216035496,17.885193626531674,4
Dandelion-Learn,synthetic_fork_join,23.723697783748833,47.90184687984986,63.33740795320902,21.58402973767771,15.35251667449882,80.5404032953947,45376.31213404433,44611.5519435341,22.688156067022167,22.305775971767048,2,0.001,0.999,892,1108,0.446,2000,4.053612947463989,38.79927291180776,34.9745488807068,35.28943223668184,37.101013566467834,2.818793801941763,3.34061561485435,9.044414060314706,0
Dandelion-Learn,synthetic_fork_join,23.723697783748833,47.90184687984986,63.33740795320902,21.58402973767771,15.35251667449882,80.5404032953947,45376.31213404433,44611.5519435341,22.688156067022167,22.305775971767048,2,0.001,0.999,892,1108,0.446,2000,4.026524305343628,37.101013566467834,35.28943223668184,34.9745488807068,38.79927291180776,2.818793801941763,3.34061561485435,9.044414060314706,1
Dandelion-Learn,synthetic_fork_join,23.723697783748833,47.90184687984986,63.33740795320902,21.58402973767771,15.35251667449882,80.5404032953947,45376.31213404433,44611.5519435341,22.688156067022167,22.305775971767048,2,0.001,0.999,892,1108,0.446,2000,3.9257731437683105,38.79927291180776,35.28943223668184,34.9745488807068,37.101013566467834,3.34061561485435,2.818793801941763,9.044414060314706,2
Dandelion-Learn,synthetic_fork_join,23.723697783748833,47.90184687984986,63.33740795320902,21.58402973767771,15.35251667449882,80.5404032953947,45376.31213404433,44611.5519435341,22.688156067022167,22.305775971767048,2,0.001,0.999,892,1108,0.446,2000,3.9763407707214355,37.101013566467834,38.79927291180776,34.9745488807068,35.28943223668184,2.818793801941763,3.34061561485435,9.044414060314706,3
Dandelion-Learn,synthetic_fork_join,23.723697783748833,47.90184687984986,63.33740795320902,21.58402973767771,15.35251667449882,80.5404032953947,45376.31213404433,44611.5519435341,22.688156067022167,22.305775971767048,2,0.001,0.999,892,1108,0.446,2000,4.025139570236206,35.28943223668184,34.9745488807068,37.101013566467834,38.79927291180776,2.818793801941763,3.34061561485435,9.044414060314706,4
Dandelion-Learn,synthetic_random,23.11438593062598,49.30111313696734,65.45213525059118,22.306252133930013,14.876033866111362,82.58870051781764,52615.45512107037,49922.44257812922,26.307727560535184,24.96122128906461,0,0.0,1.0,701,1299,0.3505,2000,3.9968907833099365,36.206076980028755,26.79521503786791,33.81160178889291,36.5333471019646,16.715766943860793,5.5254736961083415,8.601070225738194,0
Dandelion-Learn,synthetic_random,23.11438593062598,49.30111313696734,65.45213525059118,22.306252133930013,14.876033866111362,82.58870051781764,52615.45512107037,49922.44257812922,26.307727560535184,24.96122128906461,0,0.0,1.0,701,1299,0.3505,2000,3.9312753677368164,36.5333471019646,36.206076980028755,33.81160178889291,26.79521503786791,16.715766943860793,5.5254736961083415,8.601070225738194,1
Dandelion-Learn,synthetic_random,23.11438593062598,49.30111313696734,65.45213525059118,22.306252133930013,14.876033866111362,82.58870051781764,52615.45512107037,49922.44257812922,26.307727560535184,24.96122128906461,0,0.0,1.0,701,1299,0.3505,2000,4.029613971710205,36.5333471019646,26.79521503786791,33.81160178889291,36.206076980028755,5.5254736961083415,16.715766943860793,8.601070225738194,2
Dandelion-Learn,synthetic_random,23.11438593062598,49.30111313696734,65.45213525059118,22.306252133930013,14.876033866111362,82.58870051781764,52615.45512107037,49922.44257812922,26.307727560535184,24.96122128906461,0,0.0,1.0,701,1299,0.3505,2000,3.9040451049804688,26.79521503786791,36.5333471019646,36.206076980028755,33.81160178889291,16.715766943860793,5.5254736961083415,8.601070225738194,3
Dandelion-Learn,synthetic_random,23.11438593062598,49.30111313696734,65.45213525059118,22.306252133930013,14.876033866111362,82.58870051781764,52615.45512107037,49922.44257812922,26.307727560535184,24.96122128906461,0,0.0,1.0,701,1299,0.3505,2000,3.8053102493286133,36.5333471019646,33.81160178889291,36.206076980028755,26.79521503786791,16.715766943860793,5.5254736961083415,8.601070225738194,4
FIFO,azure_trace_day_01,23.346573590279363,27.260289485806393,29.455315696072404,19.413913983828383,8.37820308544169,81.6527106546124,63584.58379971336,58738.07146313868,31.79229189985668,29.36903573156934,0,0.0,1.0,1453,547,0.7265,2000,3.597468852996826,24.565465690546198,24.23935523597482,23.632888028798384,24.255798496621416,19.685206155401495,19.887880794831542,22.089956425977853,0
FIFO,azure_trace_day_01,23.346573590279363,27.260289485806393,29.455315696072404,19.413913983828383,8.37820308544169,81.6527106546124,63584.58379971336,58738.07146313868,31.79229189985668,29.36903573156934,0,0.0,1.0,1453,547,0.7265,2000,3.635106086730957,24.565465690546198,24.23935523597482,23.632888028798384,24.255798496621416,19.685206155401495,19.887880794831542,22.089956425977853,1
FIFO,azure_trace_day_01,23.346573590279363,27.260289485806393,29.455315696072404,19.413913983828383,8.37820308544169,81.6527106546124,63584.58379971336,58738.07146313868,31.79229189985668,29.36903573156934,0,0.0,1.0,1453,547,0.7265,2000,3.6322944164276123,24.565465690546198,24.23935523597482,23.632888028798384,24.255798496621416,19.685206155401495,19.887880794831542,22.089956425977853,2
FIFO,azure_trace_day_01,23.346573590279363,27.260289485806393,29.455315696072404,19.413913983828383,8.37820308544169,81.6527106546124,63584.58379971336,58738.07146313868,31.79229189985668,29.36903573156934,0,0.0,1.0,1453,547,0.7265,2000,3.5633950233459473,24.565465690546198,24.23935523597482,23.632888028798384,24.255798496621416,19.685206155401495,19.887880794831542,22.089956425977853,3
FIFO,azure_trace_day_01,23.346573590279363,27.260289485806393,29.455315696072404,19.413913983828383,8.37820308544169,81.6527106546124,63584.58379971336,58738.07146313868,31.79229189985668,29.36903573156934,0,0.0,1.0,1453,547,0.7265,2000,3.5481765270233154,24.565465690546198,24.23935523597482,23.632888028798384,24.255798496621416,19.685206155401495,19.887880794831542,22.089956425977853,4
FIFO,azure_trace_day_02,23.346573590279363,27.640961250034923,29.394476594947108,19.528499743885934,8.279307906228809,85.21020816309041,64338.840601521486,59350.55732773446,32.16942030076074,29.67527866386723,0,0.0,1.0,1462,538,0.731,2000,3.6061086654663086,25.343314742664013,25.004556049813697,25.075739208149518,25.435241537653425,21.35795050535294,21.147315108230707,22.870825826171473,0
FIFO,azure_trace_day_02,23.346573590279363,27.640961250034923,29.394476594947108,19.528499743885934,8.279307906228809,85.21020816309041,64338.840601521486,59350.55732773446,32.16942030076074,29.67527866386723,0,0.0,1.0,1462,538,0.731,2000,3.6207778453826904,25.343314742664013,25.004556049813697,25.075739208149518,25.435241537653425,21.35795050535294,21.147315108230707,22.870825826171473,1
FIFO,azure_trace_day_02,23.346573590279363,27.640961250034923,29.394476594947108,19.528499743885934,8.279307906228809,85.21020816309041,64338.840601521486,59350.55732773446,32.16942030076074,29.67527866386723,0,0.0,1.0,1462,538,0.731,2000,3.591172456741333,25.343314742664013,25.004556049813697,25.075739208149518,25.435241537653425,21.35795050535294,21.147315108230707,22.870825826171473,2
FIFO,azure_trace_day_02,23.346573590279363,27.640961250034923,29.394476594947108,19.528499743885934,8.279307906228809,85.21020816309041,64338.840601521486,59350.55732773446,32.16942030076074,29.67527866386723,0,0.0,1.0,1462,538,0.731,2000,3.604483127593994,25.343314742664013,25.004556049813697,25.075739208149518,25.435241537653425,21.35795050535294,21.147315108230707,22.870825826171473,3
FIFO,azure_trace_day_02,23.346573590279363,27.640961250034923,29.394476594947108,19.528499743885934,8.279307906228809,85.21020816309041,64338.840601521486,59350.55732773446,32.16942030076074,29.67527866386723,0,0.0,1.0,1462,538,0.731,2000,3.617875814437866,25.343314742664013,25.004556049813697,25.075739208149518,25.435241537653425,21.35795050535294,21.147315108230707,22.870825826171473,4
FIFO,azure_trace_day_03,23.346573590280556,27.16422553340969,29.394065023079712,19.712856548617324,8.06855890198179,80.58575586050719,65048.69567264144,60008.25284819862,32.52434783632072,30.00412642409931,0,0.0,1.0,1486,514,0.743,2000,3.6214163303375244,23.867035472695896,24.086478786125515,24.16484139654869,23.94686443686339,20.112253797610784,20.506535690327773,22.089163434972512,0
FIFO,azure_trace_day_03,23.346573590280556,27.16422553340969,29.394065023079712,19.712856548617324,8.06855890198179,80.58575586050719,65048.69567264144,60008.25284819862,32.52434783632072,30.00412642409931,0,0.0,1.0,1486,514,0.743,2000,3.597602367401123,23.867035472695896,24.086478786125515,24.16484139654869,23.94686443686339,20.112253797610784,20.506535690327773,22.089163434972512,1
FIFO,azure_trace_day_03,23.346573590280556,27.16422553340969,29.394065023079712,19.712856548617324,8.06855890198179,80.58575586050719,65048.69567264144,60008.25284819862,32.52434783632072,30.00412642409931,0,0.0,1.0,1486,514,0.743,2000,3.538933515548706,23.867035472695896,24.086478786125515,24.16484139654869,23.94686443686339,20.112253797610784,20.506535690327773,22.089163434972512,2
FIFO,azure_trace_day_03,23.346573590280556,27.16422553340969,29.394065023079712,19.712856548617324,8.06855890198179,80.58575586050719,65048.69567264144,60008.25284819862,32.52434783632072,30.00412642409931,0,0.0,1.0,1486,514,0.743,2000,3.589097499847412,23.867035472695896,24.086478786125515,24.16484139654869,23.94686443686339,20.112253797610784,20.506535690327773,22.089163434972512,3
FIFO,azure_trace_day_03,23.346573590280556,27.16422553340969,29.394065023079712,19.712856548617324,8.06855890198179,80.58575586050719,65048.69567264144,60008.25284819862,32.52434783632072,30.00412642409931,0,0.0,1.0,1486,514,0.743,2000,3.6172091960906982,23.867035472695896,24.086478786125515,24.16484139654869,23.94686443686339,20.112253797610784,20.506535690327773,22.089163434972512,4
FIFO,synthetic_chain,27.493906019187058,50.16029620703434,71.33070823504193,30.537764748079265,10.218249324154751,86.16444183273734,97546.17720753977,90253.46495865172,48.773088603769885,45.12673247932586,1,0.0005,0.9995,2000,0,1.0,2000,3.5604424476623535,40.72402711444147,40.616503616513434,40.922525419212505,39.89108301930576,30.919758716884516,31.917489320334326,34.792356159558125,0
FIFO,synthetic_chain,27.493906019187058,50.16029620703434,71.33070823504193,30.537764748079265,10.218249324154751,86.16444183273734,97546.17720753977,90253.46495865172,48.773088603769885,45.12673247932586,1,0.0005,0.9995,2000,0,1.0,2000,3.5159764289855957,40.72402711444147,40.616503616513434,40.922525419212505,39.89108301930576,30.919758716884516,31.917489320334326,34.792356159558125,1
FIFO,synthetic_chain,27.493906019187058,50.16029620703434,71.33070823504193,30.537764748079265,10.218249324154751,86.16444183273734,97546.17720753977,90253.46495865172,48.773088603769885,45.12673247932586,1,0.0005,0.9995,2000,0,1.0,2000,3.780790090560913,40.72402711444147,40.616503616513434,40.922525419212505,39.89108301930576,30.919758716884516,31.917489320334326,34.792356159558125,2
FIFO,synthetic_chain,27.493906019187058,50.16029620703434,71.33070823504193,30.537764748079265,10.218249324154751,86.16444183273734,97546.17720753977,90253.46495865172,48.773088603769885,45.12673247932586,1,0.0005,0.9995,2000,0,1.0,2000,3.6778175830841064,40.72402711444147,40.616503616513434,40.922525419212505,39.89108301930576,30.919758716884516,31.917489320334326,34.792356159558125,3
FIFO,synthetic_chain,27.493906019187058,50.16029620703434,71.33070823504193,30.537764748079265,10.218249324154751,86.16444183273734,97546.17720753977,90253.46495865172,48.773088603769885,45.12673247932586,1,0.0005,0.9995,2000,0,1.0,2000,3.6918773651123047,40.72402711444147,40.616503616513434,40.922525419212505,39.89108301930576,30.919758716884516,31.917489320334326,34.792356159558125,4
FIFO,synthetic_diamond,27.63813752419253,50.00779873882838,68.38670828282268,30.652179196052447,10.284518514858176,81.90600388065292,98033.72600887663,90736.39622871707,49.01686300443832,45.368198114358535,1,0.0005,0.9995,2000,0,1.0,2000,3.6247785091400146,38.194068245642306,38.19809890933688,38.99048904461396,39.695111969361704,30.194010476856082,29.575501652359204,33.54561629464722,0
FIFO,synthetic_diamond,27.63813752419253,50.00779873882838,68.38670828282268,30.652179196052447,10.284518514858176,81.90600388065292,98033.72600887663,90736.39622871707,49.01686300443832,45.368198114358535,1,0.0005,0.9995,2000,0,1.0,2000,3.5560779571533203,38.194068245642306,38.19809890933688,38.99048904461396,39.695111969361704,30.194010476856082,29.575501652359204,33.54561629464722,1
FIFO,synthetic_diamond,27.63813752419253,50.00779873882838,68.38670828282268,30.652179196052447,10.284518514858176,81.90600388065292,98033.72600887663,90736.39622871707,49.01686300443832,45.368198114358535,1,0.0005,0.9995,2000,0,1.0,2000,3.6002745628356934,38.194068245642306,38.19809890933688,38.99048904461396,39.695111969361704,30.194010476856082,29.575501652359204,33.54561629464722,2
FIFO,synthetic_diamond,27.63813752419253,50.00779873882838,68.38670828282268,30.652179196052447,10.284518514858176,81.90600388065292,98033.72600887663,90736.39622871707,49.01686300443832,45.368198114358535,1,0.0005,0.9995,2000,0,1.0,2000,3.636868953704834,38.194068245642306,38.19809890933688,38.99048904461396,39.695111969361704,30.194010476856082,29.575501652359204,33.54561629464722,3
FIFO,synthetic_diamond,27.63813752419253,50.00779873882838,68.38670828282268,30.652179196052447,10.284518514858176,81.90600388065292,98033.72600887663,90736.39622871707,49.01686300443832,45.368198114358535,1,0.0005,0.9995,2000,0,1.0,2000,3.619080066680908,38.194068245642306,38.19809890933688,38.99048904461396,39.695111969361704,30.194010476856082,29.575501652359204,33.54561629464722,4
FIFO,synthetic_fork_join,27.249406088790312,48.88291750523547,64.55311392599526,30.05592562268404,9.850221838192686,80.57322428160757,96575.88765133149,89356.44906979521,48.28794382566574,44.67822453489761,2,0.001,0.999,2000,0,1.0,2000,3.6700334548950195,37.824614006083706,37.46852372931501,36.58104283045838,36.959007756667766,29.255741481482232,28.913602920259603,32.865155634276235,0
FIFO,synthetic_fork_join,27.249406088790312,48.88291750523547,64.55311392599526,30.05592562268404,9.850221838192686,80.57322428160757,96575.88765133149,89356.44906979521,48.28794382566574,44.67822453489761,2,0.001,0.999,2000,0,1.0,2000,3.800387382507324,37.824614006083706,37.46852372931501,36.58104283045838,36.959007756667766,29.255741481482232,28.913602920259603,32.865155634276235,1
FIFO,synthetic_fork_join,27.249406088790312,48.88291750523547,64.55311392599526,30.05592562268404,9.850221838192686,80.57322428160757,96575.88765133149,89356.44906979521,48.28794382566574,44.67822453489761,2,0.001,0.999,2000,0,1.0,2000,3.714613199234009,37.824614006083706,37.46852372931501,36.58104283045838,36.959007756667766,29.255741481482232,28.913602920259603,32.865155634276235,2
FIFO,synthetic_fork_join,27.249406088790312,48.88291750523547,64.55311392599526,30.05592562268404,9.850221838192686,80.57322428160757,96575.88765133149,89356.44906979521,48.28794382566574,44.67822453489761,2,0.001,0.999,2000,0,1.0,2000,3.732501745223999,37.824614006083706,37.46852372931501,36.58104283045838,36.959007756667766,29.255741481482232,28.913602920259603,32.865155634276235,3
FIFO,synthetic_fork_join,27.249406088790312,48.88291750523547,64.55311392599526,30.05592562268404,9.850221838192686,80.57322428160757,96575.88765133149,89356.44906979521,48.28794382566574,44.67822453489761,2,0.001,0.999,2000,0,1.0,2000,3.8683648109436035,37.824614006083706,37.46852372931501,36.58104283045838,36.959007756667766,29.255741481482232,28.913602920259603,32.865155634276235,4
FIFO,synthetic_random,26.536039461872996,49.922859503903446,67.01199871561039,28.69435262034338,11.26533889008219,82.62589503524887,91022.82467518488,84425.35820728757,45.51141233759244,42.21267910364379,0,0.0,1.0,1798,202,0.899,2000,3.857142210006714,35.829033896163665,37.23128589722364,37.13385405081871,37.088219261118056,27.530063595747368,26.98209359175933,32.61162660167036,0
FIFO,synthetic_random,26.536039461872996,49.922859503903446,67.01199871561039,28.69435262034338,11.26533889008219,82.62589503524887,91022.82467518488,84425.35820728757,45.51141233759244,42.21267910364379,0,0.0,1.0,1798,202,0.899,2000,3.766211748123169,35.829033896163665,37.23128589722364,37.13385405081871,37.088219261118056,27.530063595747368,26.98209359175933,32.61162660167036,1
FIFO,synthetic_random,26.536039461872996,49.922859503903446,67.01199871561039,28.69435262034338,11.26533889008219,82.62589503524887,91022.82467518488,84425.35820728757,45.51141233759244,42.21267910364379,0,0.0,1.0,1798,202,0.899,2000,3.7974307537078857,35.829033896163665,37.23128589722364,37.13385405081871,37.088219261118056,27.530063595747368,26.98209359175933,32.61162660167036,2
FIFO,synthetic_random,26.536039461872996,49.922859503903446,67.01199871561039,28.69435262034338,11.26533889008219,82.62589503524887,91022.82467518488,84425.35820728757,45.51141233759244,42.21267910364379,0,0.0,1.0,1798,202,0.899,2000,3.871816873550415,35.829033896163665,37.23128589722364,37.13385405081871,37.088219261118056,27.530063595747368,26.98209359175933,32.61162660167036,3
FIFO,synthetic_random,26.536039461872996,49.922859503903446,67.01199871561039,28.69435262034338,11.26533889008219,82.62589503524887,91022.82467518488,84425.35820728757,45.51141233759244,42.21267910364379,0,0.0,1.0,1798,202,0.899,2000,3.834888458251953,35.829033896163665,37.23128589722364,37.13385405081871,37.088219261118056,27.530063595747368,26.98209359175933,32.61162660167036,4
Random,azure_trace_day_01,24.19894763639885,46.58898156433717,65.63239641847133,22.72656755566055,13.144148407237475,81.65026122792965,62794.159449235,57947.92634382378,31.397079724617498,28.97396317191189,2,0.001,0.999,1424,576,0.712,2000,3.8304316997528076,23.437542949686605,24.856269794896107,23.670703594488028,24.08739189433869,19.70559754005281,19.864022362772115,20.798604094514676,0
Random,azure_trace_day_01,24.198947636399183,47.70512620352018,69.69241145592851,22.877012151998127,13.738643588565422,81.63242621083654,63778.474834718,58646.368356168365,31.889237417359,29.323184178084183,2,0.001,0.999,1429,571,0.7145,2000,3.917154550552368,25.40244869959336,25.898135380919967,22.054343215662637,21.06056163340552,21.32892313694937,20.565707204685452,20.110101042376503,1
Random,azure_trace_day_01,24.19894763639924,47.244355983128386,64.35786517734213,22.862157946967265,13.025453179314066,81.6527106546124,63097.506318545304,58246.26122831367,31.548753159272653,29.123130614156835,0,0.0,1.0,1436,564,0.718,2000,3.940059185028076,23.70707832155619,22.642663376215665,23.247158781390247,25.8928476359073,19.82643853701041,19.785292629716768,21.639589853767667,2
Random,azure_trace_day_01,24.198947636399183,45.43934727429332,59.9760889181977,22.660840942881915,12.578156228349632,81.60468324183157,63732.71336182815,58751.3818458236,31.866356680914077,29.3756909229118,0,0.0,1.0,1440,560,0.72,2000,3.836958169937134,23.488405133981914,24.20832902514026,25.529504698608708,21.827430981706787,19.714107316098193,20.935890732509872,21.52036515822892,3
Random,azure_trace_day_01,24.19894763639885,46.73770075776557,63.09128658426146,22.72354352637944,12.689690418846372,81.63242621083654,63578.99885004007,58765.706822590015,31.789499425020036,29.382853411295006,0,0.0,1.0,1450,550,0.725,2000,3.853802442550659,24.64683949155727,23.335061280484965,24.46357627367771,24.014181168128584,19.308170324715697,19.98390030148548,22.58476325839208,4
Random,azure_trace_day_02,24.198947636399517,47.75877422484331,67.34682446727314,23.161929765338684,13.661790233260882,85.19229793960162,62447.15835970423,57807.35488607573,31.223579179852116,28.903677443037864,4,0.002,0.998,1444,556,0.722,2000,3.8919174671173096,24.796443373452806,28.51699525073667,23.980167772821762,25.554248343335416,20.89564457349625,18.631907417157905,22.28516765537939,0
Random,azure_trace_day_02,23.99720362072344,45.77158167936161,64.80844845022959,22.371707276321978,12.939311046532858,85.21020816309041,63126.617125169396,58230.78087174453,31.563308562584698,29.115390435872264,1,0.0005,0.9995,1417,583,0.7085,2000,3.8728344440460205,22.74956907095678,25.345095375227768,23.35655115643651,25.351976909015022,20.08838650411832,21.629136124553828,23.497924447857468,1
Random,azure_trace_day_02,24.15129254649706,47.62070899254329,63.921303713131074,22.890661821943244,13.046737955379578,85.21020816309041,63925.3781781707,58877.89696680556,31.96268908908535,29.43894848340278,1,0.0005,0.9995,1440,560,0.72,2000,3.8138790130615234,25.975159843349672,23.91772815770595,23.344078630882514,24.912306835975137,20.686182611933237,22.323509860036932,22.588194094741933,2
Random,azure_trace_day_02,24.386294361120164,46.54692560732737,61.8137356279513,23.126935123647105,12.638354309317059,85.19229793960162,63931.95203384333,58986.75040515277,31.965976016921665,29.493375202576384,0,0.0,1.0,1453,547,0.7265,2000,3.916266441345215,23.461009697221506,25.967659811359304,24.88008374261318,24.227156230270968,22.309029192902553,19.820279859376857,23.70082931903501,3
Random,azure_trace_day_02,24.15129254649706,47.57534134846022,58.89320372078707,22.75872575041199,12.626740662822343,85.19229793960162,62487.891147394614,57861.050125896,31.243945573697307,28.930525062948,0,0.0,1.0,1436,564,0.718,2000,3.919595956802368,24.062316522585853,23.241177794935066,27.3780086280856,26.969832240659454,20.71977469473894,18.6973471875279,23.13582558962129,4
Random,azure_trace_day_03,23.972955074527125,43.852412238365545,60.22913721600041,22.03653377547046,12.23066570791038,80.57964260763913,61906.15413824777,57174.69052355186,30.953077069123886,28.58734526177593,1,0.0005,0.9995,1407,593,0.7035,2000,3.8414266109466553,21.877138938231738,23.692587331457,24.555689210556718,24.854981386716126,20.319143971069277,17.806820737254725,20.030248895868375,0
Random,azure_trace_day_03,23.99293460831675,45.447911739056515,59.87428236667004,22.31242208962718,12.4213489291225,80.56996836443439,62613.60751224972,57924.81432948442,31.30680375612486,28.96240716474221,0,0.0,1.0,1434,566,0.717,2000,3.841355323791504,24.500551762366776,23.530369047304696,22.205860478399288,23.748034648339136,18.673745907221935,19.103845933054064,22.46061368250709,1
Random,azure_trace_day_03,23.958580120369888,45.661555192238076,60.803842043909846,22.25234141057636,12.631880751975013,80.56996836443439,63040.58037215508,58084.70972707832,31.52029018607754,29.04235486353916,1,0.0005,0.9995,1427,573,0.7135,2000,3.923020362854004,22.771296096084477,23.596101895575707,23.847061158259535,23.76489447259509,20.53631304167456,19.393121067530675,20.095611181436958,2
Random,azure_trace_day_03,24.098612288668164,45.98658024335708,61.93591997873309,22.667694249777313,12.585494731979988,80.64424485735584,62909.20287832903,58123.4179145599,31.454601439164517,29.061708957279947,0,0.0,1.0,1450,550,0.725,2000,3.920780897140503,23.165040951241636,24.656610411266122,24.30422606100609,24.221466328359707,20.80254749645305,17.792053948830567,20.766054973663213,3
Random,azure_trace_day_03,24.03972077084049,46.193278914301935,59.46833085369901,22.44063559286552,12.574199739386433,80.56996836443439,62443.77741120145,57743.97572778674,31.221888705600726,28.87198786389337,0,0.0,1.0,1428,572,0.714,2000,3.8282318115234375,22.923566989614656,24.30976681238172,22.113438504987045,24.845866149774405,17.928419477257876,19.937867817924754,21.88157909325355,4
Random,synthetic_chain,30.940296257484956,78.69948643584851,101.83014556053665,37.4182638342165,20.223690637148405,86.04160125720848,91689.81163083126,85165.98078346143,45.84490581541563,42.58299039173072,23,0.0115,0.9885,1842,158,0.921,2000,3.8839166164398193,38.19265136615769,42.364184666719154,36.900696307162434,39.07186446188889,29.62644214646976,26.505643097418712,34.76562902541658,0
Random,synthetic_chain,31.070492769653235,79.9988188670521,112.85855135431483,37.91187101617428,20.825605685965467,86.16444183273734,91413.2722050091,85062.35412934617,45.70663610250455,42.53117706467309,33,0.0165,0.9835,1870,130,0.935,2000,3.917192220687866,39.44468070048931,39.236175498948164,38.91214542529668,44.90763354137212,27.201547111219547,27.52078400027368,33.58052514092381,1
Random,synthetic_chain,31.49888119237154,79.99450288373494,112.24485747913418,38.26141534850466,21.069164608240424,86.15644285651881,94226.58833718723,87053.35188279593,47.11329416859362,43.52667594139797,33,0.0165,0.9835,1876,124,0.938,2000,3.834883451461792,40.08273145411304,38.4012336032044,38.93200417281362,37.11560887649371,33.70342033624865,28.09863333165708,32.986822285768476,2
Random,synthetic_chain,31.718383788045923,87.80468763128874,125.37210248968351,39.235605728102584,23.431176225028917,86.05860388563144,94626.93653085733,87492.6754471018,47.31346826542867,43.7463377235509,62,0.031,0.969,1852,148,0.926,2000,3.7784483432769775,39.615601042776944,35.843085448265796,38.019780598773714,37.141847543287405,29.587125862829062,31.809328999529825,36.18171158540512,3
Random,synthetic_chain,31.25219011065905,81.57549873404162,112.0882362157145,37.80838809971027,20.995967126746393,86.16444183273734,93364.62340932539,86256.50590976005,46.682311704662695,43.128252954880026,36,0.018,0.982,1842,158,0.921,2000,3.9013142585754395,40.56480128125652,38.34534631081903,38.74466411075323,38.198219862598336,32.24148549263441,29.00521219052092,31.32120426725877,4
Random,synthetic_diamond,32.283087568806934,86.10303447049564,119.05811407831675,39.722624164455816,21.823522985718245,81.89114929694813,96533.93555670971,89567.8623681259,48.266967778354854,44.78393118406295,56,0.028,0.972,1943,57,0.9715,2000,3.9016685485839844,40.88372084735356,37.96539758842998,37.74680463791235,36.400193104966036,28.846149945199794,28.199824004778357,35.56485420811375,0
Random,synthetic_diamond,31.897324884127663,82.25742549404839,121.43892713178687,39.04098038779596,21.489161988215365,81.90600388065292,96872.21602060943,89557.37865438598,48.436108010304714,44.778689327192986,43,0.0215,0.9785,1943,57,0.9715,2000,3.8205997943878174,40.98803209575315,38.79896735106579,37.43743212886474,34.10912740601312,29.314475368661924,30.598434401762077,32.82425838630211,1
Random,synthetic_diamond,31.785904381551987,85.45621921736463,121.45267342841733,39.49355045875713,21.796295760111157,81.89114929694813,94982.10027718694,88294.89824373955,47.49105013859347,44.147449121869776,49,0.0245,0.9755,1946,54,0.973,2000,3.8266403675079346,37.19850886918061,40.84589579379059,37.458481971967615,41.148742732623816,29.000575055032613,25.761690954957672,33.985620159653536,2
Random,synthetic_diamond,32.13827610112929,82.10163416990638,112.08888079224975,39.37559071338824,21.598678747062372,81.84333180493667,96671.28739809281,89520.29430342518,48.33564369904641,44.76014715171259,39,0.0195,0.9805,1967,33,0.9835,2000,3.9070334434509277,36.887733827845196,39.77055271497111,43.2791982586007,33.844054255900815,28.027781801154173,30.498328257015277,33.117571647399416,3
Random,synthetic_diamond,32.195299987502146,79.95582589643914,113.20877135095597,38.931326893393496,20.219067758008173,81.83470734353527,96946.84483184842,89646.07429614721,48.473422415924205,44.82303714807361,37,0.0185,0.9815,1951,49,0.9755,2000,3.8742482662200928,39.036026841763096,39.90130399508367,34.60093898781954,39.27979513099313,28.35481799670923,31.390824020433723,32.31292136379159,4
Random,synthetic_fork_join,30.19538385567011,73.59148830477842,109.2826243720545,36.39437382867942,19.50973895095693,80.5404032953947,92665.87234768903,85653.58550555786,46.332936173844516,42.82679275277893,31,0.0155,0.9845,1859,141,0.9295,2000,3.790123462677002,34.02984327510662,36.258859483048205,35.66236945860754,33.26872535556648,30.46916428715986,26.008076741663633,32.25790793566101,0
Random,synthetic_fork_join,30.48340587885523,80.28454431440596,118.16682265113764,37.660890465751365,21.17650719771047,80.5404032953947,90519.99257336813,84146.86082208133,45.259996286684064,42.07343041104067,43,0.0215,0.9785,1866,134,0.933,2000,3.881572961807251,36.313327036940024,42.129032422429816,36.22257340587775,34.72582344341285,25.901474008099758,25.42798614223374,30.573349324049815,1
Random,synthetic_fork_join,30.281242548880982,79.35078156410196,113.12250351461545,37.45969822464589,20.692732304715168,80.48302599909704,92334.44130155833,85440.58106253798,46.167220650779164,42.720290531268994,42,0.021,0.979,1857,143,0.9285,2000,3.8831627368927,34.11507888984514,35.870886486559755,39.13671438308193,34.614145621273074,27.480644490611507,28.003228794510203,30.68965837907307,2
Random,synthetic_fork_join,30.550287945729337,77.77273286990614,109.05515509251342,36.86965625073525,19.58302756800367,80.57322428160757,92138.78427891864,85364.20810024046,46.06939213945932,42.68210405012023,29,0.0145,0.9855,1859,141,0.9295,2000,3.809619188308716,34.05252766060567,37.73672303517413,36.20984712009631,36.239908773626965,25.532352736433445,29.052591849314364,31.60105309512607,3
Random,synthetic_fork_join,29.88341270761996,75.56041749863269,105.98423840649326,36.00109906588568,19.77443929206819,80.57322428160757,93492.31419299857,86443.23921736488,46.74615709649929,43.221619608682445,28,0.014,0.986,1862,138,0.931,2000,3.7750113010406494,36.22993929681698,35.34904497612359,34.8814957576425,31.97736134783924,29.281087237168258,27.515582661792614,33.910504464322344,4
Random,synthetic_random,30.961180135978374,75.29682657598488,101.45921748001199,36.77353520069238,19.372002871258143,82.58870051781764,93886.81392132942,86428.35928902238,46.94340696066471,43.21417964451119,24,0.012,0.988,1827,173,0.9135,2000,3.8532514572143555,38.797372295095165,38.48428370814757,31.562558533427833,35.50218334184933,30.510848943505298,31.087558651829085,29.278938605757297,0
Random,synthetic_random,30.012982826690404,73.65396142122987,96.29684540878226,35.5180985075849,18.781219975489417,82.58870051781764,91176.74787123674,84455.1843358111,45.58837393561837,42.22759216790555,18,0.009,0.991,1803,197,0.9015,2000,3.8983402252197266,37.806443463170154,38.546409964119675,36.725472815797914,34.95399510097688,29.247841421017018,26.264678362859534,30.96928775530648,1
Random,synthetic_random,30.27271789326136,74.7873601733381,104.07470751163628,36.26492752868624,19.90769132602533,82.62589503524887,90156.19676711039,83680.24274873231,45.078098383555194,41.840121374366156,26,0.013,0.987,1783,217,0.8915,2000,3.7988898754119873,39.171191822362665,35.86390978761233,33.14407311231594,42.21018998539987,26.75960260283543,26.74854709472453,30.774004371227043,2
Random,synthetic_random,30.30053125283283,78.14119689414757,105.90240521580176,36.60176364355256,20.05631527103484,82.53225141390921,92410.33184563437,85350.96113222717,46.20516592281719,42.675480566113585,29,0.0145,0.9855,1797,203,0.8985,2000,3.8415067195892334,34.964525455900535,36.68236322221007,38.07655252480283,34.09495265600864,27.735139525330098,30.5274363289622,31.367757817267517,3
Random,synthetic_random,30.69536259775507,75.98984145647262,106.97717265840983,36.920881052143244,20.093036592665417,82.62589503524887,91595.27552881117,84913.36016645165,45.797637764405586,42.45668008322583,33,0.0165,0.9835,1816,184,0.908,2000,3.8618013858795166,34.275529594911255,38.53991200311363,40.92079508400044,36.599035909536234,28.48367159304762,26.72625214342687,31.22101863871352,4
Round-Robin,azure_trace_day_01,23.346573590279363,27.260289485806393,29.455315696072404,19.413913983828383,8.37820308544169,81.6527106546124,63584.58379971336,58738.07146313868,31.79229189985668,29.36903573156934,0,0.0,1.0,1453,547,0.7265,2000,3.8476648330688477,24.565465690546198,24.23935523597482,23.632888028798384,24.255798496621416,19.685206155401495,19.887880794831542,22.089956425977853,0
Round-Robin,azure_trace_day_01,23.346573590279363,27.260289485806393,29.455315696072404,19.413913983828383,8.37820308544169,81.6527106546124,63584.58379971336,58738.07146313868,31.79229189985668,29.36903573156934,0,0.0,1.0,1453,547,0.7265,2000,3.7792584896087646,24.565465690546198,24.23935523597482,23.632888028798384,24.255798496621416,19.685206155401495,19.887880794831542,22.089956425977853,1
Round-Robin,azure_trace_day_01,23.346573590279363,27.260289485806393,29.455315696072404,19.413913983828383,8.37820308544169,81.6527106546124,63584.58379971336,58738.07146313868,31.79229189985668,29.36903573156934,0,0.0,1.0,1453,547,0.7265,2000,3.878380537033081,24.565465690546198,24.23935523597482,23.632888028798384,24.255798496621416,19.685206155401495,19.887880794831542,22.089956425977853,2
Round-Robin,azure_trace_day_01,23.346573590279363,27.260289485806393,29.455315696072404,19.413913983828383,8.37820308544169,81.6527106546124,63584.58379971336,58738.07146313868,31.79229189985668,29.36903573156934,0,0.0,1.0,1453,547,0.7265,2000,3.895887851715088,24.565465690546198,24.23935523597482,23.632888028798384,24.255798496621416,19.685206155401495,19.887880794831542,22.089956425977853,3
Round-Robin,azure_trace_day_01,23.346573590279363,27.260289485806393,29.455315696072404,19.413913983828383,8.37820308544169,81.6527106546124,63584.58379971336,58738.07146313868,31.79229189985668,29.36903573156934,0,0.0,1.0,1453,547,0.7265,2000,3.836745262145996,24.565465690546198,24.23935523597482,23.632888028798384,24.255798496621416,19.685206155401495,19.887880794831542,22.089956425977853,4
Round-Robin,azure_trace_day_02,23.346573590279363,27.640961250034923,29.394476594947108,19.528499743885934,8.279307906228809,85.21020816309041,64338.840601521486,59350.55732773446,32.16942030076074,29.67527866386723,0,0.0,1.0,1462,538,0.731,2000,3.813441514968872,25.343314742664013,25.004556049813697,25.075739208149518,25.435241537653425,21.35795050535294,21.147315108230707,22.870825826171473,0
Round-Robin,azure_trace_day_02,23.346573590279363,27.640961250034923,29.394476594947108,19.528499743885934,8.279307906228809,85.21020816309041,64338.840601521486,59350.55732773446,32.16942030076074,29.67527866386723,0,0.0,1.0,1462,538,0.731,2000,3.898538112640381,25.343314742664013,25.004556049813697,25.075739208149518,25.435241537653425,21.35795050535294,21.147315108230707,22.870825826171473,1
Round-Robin,azure_trace_day_02,23.346573590279363,27.640961250034923,29.394476594947108,19.528499743885934,8.279307906228809,85.21020816309041,64338.840601521486,59350.55732773446,32.16942030076074,29.67527866386723,0,0.0,1.0,1462,538,0.731,2000,3.8676180839538574,25.343314742664013,25.004556049813697,25.075739208149518,25.435241537653425,21.35795050535294,21.147315108230707,22.870825826171473,2
Round-Robin,azure_trace_day_02,23.346573590279363,27.640961250034923,29.394476594947108,19.528499743885934,8.279307906228809,85.21020816309041,64338.840601521486,59350.55732773446,32.16942030076074,29.67527866386723,0,0.0,1.0,1462,538,0.731,2000,3.786701202392578,25.343314742664013,25.004556049813697,25.075739208149518,25.435241537653425,21.35795050535294,21.147315108230707,22.870825826171473,3
Round-Robin,azure_trace_day_02,23.346573590279363,27.640961250034923,29.394476594947108,19.528499743885934,8.279307906228809,85.21020816309041,64338.840601521486,59350.55732773446,32.16942030076074,29.67527866386723,0,0.0,1.0,1462,538,0.731,2000,3.8622279167175293,25.343314742664013,25.004556049813697,25.075739208149518,25.435241537653425,21.35795050535294,21.147315108230707,22.870825826171473,4
Round-Robin,azure_trace_day_03,23.346573590280556,27.16422553340969,29.394065023079712,19.712856548617324,8.06855890198179,80.58575586050719,65048.69567264144,60008.25284819862,32.52434783632072,30.00412642409931,0,0.0,1.0,1486,514,0.743,2000,3.907952070236206,23.867035472695896,24.086478786125515,24.16484139654869,23.94686443686339,20.112253797610784,20.506535690327773,22.089163434972512,0
Round-Robin,azure_trace_day_03,23.346573590280556,27.16422553340969,29.394065023079712,19.712856548617324,8.06855890198179,80.58575586050719,65048.69567264144,60008.25284819862,32.52434783632072,30.00412642409931,0,0.0,1.0,1486,514,0.743,2000,3.863513469696045,23.867035472695896,24.086478786125515,24.16484139654869,23.94686443686339,20.112253797610784,20.506535690327773,22.089163434972512,1
Round-Robin,azure_trace_day_03,23.346573590280556,27.16422553340969,29.394065023079712,19.712856548617324,8.06855890198179,80.58575586050719,65048.69567264144,60008.25284819862,32.52434783632072,30.00412642409931,0,0.0,1.0,1486,514,0.743,2000,3.7968740463256836,23.867035472695896,24.086478786125515,24.16484139654869,23.94686443686339,20.112253797610784,20.506535690327773,22.089163434972512,2
Round-Robin,azure_trace_day_03,23.346573590280556,27.16422553340969,29.394065023079712,19.712856548617324,8.06855890198179,80.58575586050719,65048.69567264144,60008.25284819862,32.52434783632072,30.00412642409931,0,0.0,1.0,1486,514,0.743,2000,3.9190123081207275,23.867035472695896,24.086478786125515,24.16484139654869,23.94686443686339,20.112253797610784,20.506535690327773,22.089163434972512,3
Round-Robin,azure_trace_day_03,23.346573590280556,27.16422553340969,29.394065023079712,19.712856548617324,8.06855890198179,80.58575586050719,65048.69567264144,60008.25284819862,32.52434783632072,30.00412642409931,0,0.0,1.0,1486,514,0.743,2000,3.906033515930176,23.867035472695896,24.086478786125515,24.16484139654869,23.94686443686339,20.112253797610784,20.506535690327773,22.089163434972512,4
Round-Robin,synthetic_chain,27.493906019187058,50.16029620703434,71.33070823504193,30.537764748079265,10.218249324154751,86.16444183273734,97546.17720753977,90253.46495865172,48.773088603769885,45.12673247932586,1,0.0005,0.9995,2000,0,1.0,2000,3.793959856033325,40.72402711444147,40.616503616513434,40.922525419212505,39.89108301930576,30.919758716884516,31.917489320334326,34.792356159558125,0
Round-Robin,synthetic_chain,27.493906019187058,50.16029620703434,71.33070823504193,30.537764748079265,10.218249324154751,86.16444183273734,97546.17720753977,90253.46495865172,48.773088603769885,45.12673247932586,1,0.0005,0.9995,2000,0,1.0,2000,3.739072561264038,40.72402711444147,40.616503616513434,40.922525419212505,39.89108301930576,30.919758716884516,31.917489320334326,34.792356159558125,1
Round-Robin,synthetic_chain,27.493906019187058,50.16029620703434,71.33070823504193,30.537764748079265,10.218249324154751,86.16444183273734,97546.17720753977,90253.46495865172,48.773088603769885,45.12673247932586,1,0.0005,0.9995,2000,0,1.0,2000,3.8576223850250244,40.72402711444147,40.616503616513434,40.922525419212505,39.89108301930576,30.919758716884516,31.917489320334326,34.792356159558125,2
Round-Robin,synthetic_chain,27.493906019187058,50.16029620703434,71.33070823504193,30.537764748079265,10.218249324154751,86.16444183273734,97546.17720753977,90253.46495865172,48.773088603769885,45.12673247932586,1,0.0005,0.9995,2000,0,1.0,2000,3.853053569793701,40.72402711444147,40.616503616513434,40.922525419212505,39.89108301930576,30.919758716884516,31.917489320334326,34.792356159558125,3
Round-Robin,synthetic_chain,27.493906019187058,50.16029620703434,71.33070823504193,30.537764748079265,10.218249324154751,86.16444183273734,97546.17720753977,90253.46495865172,48.773088603769885,45.12673247932586,1,0.0005,0.9995,2000,0,1.0,2000,3.7706730365753174,40.72402711444147,40.616503616513434,40.922525419212505,39.89108301930576,30.919758716884516,31.917489320334326,34.792356159558125,4
Round-Robin,synthetic_diamond,27.63813752419253,50.00779873882838,68.38670828282268,30.652179196052447,10.284518514858176,81.90600388065292,98033.72600887663,90736.39622871707,49.01686300443832,45.368198114358535,1,0.0005,0.9995,2000,0,1.0,2000,3.7751834392547607,38.194068245642306,38.19809890933688,38.99048904461396,39.695111969361704,30.194010476856082,29.575501652359204,33.54561629464722,0
Round-Robin,synthetic_diamond,27.63813752419253,50.00779873882838,68.38670828282268,30.652179196052447,10.284518514858176,81.90600388065292,98033.72600887663,90736.39622871707,49.01686300443832,45.368198114358535,1,0.0005,0.9995,2000,0,1.0,2000,3.8709912300109863,38.194068245642306,38.19809890933688,38.99048904461396,39.695111969361704,30.194010476856082,29.575501652359204,33.54561629464722,1
Round-Robin,synthetic_diamond,27.63813752419253,50.00779873882838,68.38670828282268,30.652179196052447,10.284518514858176,81.90600388065292,98033.72600887663,90736.39622871707,49.01686300443832,45.368198114358535,1,0.0005,0.9995,2000,0,1.0,2000,3.8373968601226807,38.194068245642306,38.19809890933688,38.99048904461396,39.695111969361704,30.194010476856082,29.575501652359204,33.54561629464722,2
Round-Robin,synthetic_diamond,27.63813752419253,50.00779873882838,68.38670828282268,30.652179196052447,10.284518514858176,81.90600388065292,98033.72600887663,90736.39622871707,49.01686300443832,45.368198114358535,1,0.0005,0.9995,2000,0,1.0,2000,3.758901834487915,38.194068245642306,38.19809890933688,38.99048904461396,39.695111969361704,30.194010476856082,29.575501652359204,33.54561629464722,3
Round-Robin,synthetic_diamond,27.63813752419253,50.00779873882838,68.38670828282268,30.652179196052447,10.284518514858176,81.90600388065292,98033.72600887663,90736.39622871707,49.01686300443832,45.368198114358535,1,0.0005,0.9995,2000,0,1.0,2000,3.8097736835479736,38.194068245642306,38.19809890933688,38.99048904461396,39.695111969361704,30.194010476856082,29.575501652359204,33.54561629464722,4
Round-Robin,synthetic_fork_join,27.249406088790312,48.88291750523547,64.55311392599526,30.05592562268404,9.850221838192686,80.57322428160757,96575.88765133149,89356.44906979521,48.28794382566574,44.67822453489761,2,0.001,0.999,2000,0,1.0,2000,3.892238140106201,37.824614006083706,37.46852372931501,36.58104283045838,36.959007756667766,29.255741481482232,28.913602920259603,32.865155634276235,0
Round-Robin,synthetic_fork_join,27.249406088790312,48.88291750523547,64.55311392599526,30.05592562268404,9.850221838192686,80.57322428160757,96575.88765133149,89356.44906979521,48.28794382566574,44.67822453489761,2,0.001,0.999,2000,0,1.0,2000,3.8451337814331055,37.824614006083706,37.46852372931501,36.58104283045838,36.959007756667766,29.255741481482232,28.913602920259603,32.865155634276235,1
Round-Robin,synthetic_fork_join,27.249406088790312,48.88291750523547,64.55311392599526,30.05592562268404,9.850221838192686,80.57322428160757,96575.88765133149,89356.44906979521,48.28794382566574,44.67822453489761,2,0.001,0.999,2000,0,1.0,2000,3.7588086128234863,37.824614006083706,37.46852372931501,36.58104283045838,36.959007756667766,29.255741481482232,28.913602920259603,32.865155634276235,2
Round-Robin,synthetic_fork_join,27.249406088790312,48.88291750523547,64.55311392599526,30.05592562268404,9.850221838192686,80.57322428160757,96575.88765133149,89356.44906979521,48.28794382566574,44.67822453489761,2,0.001,0.999,2000,0,1.0,2000,3.824781656265259,37.824614006083706,37.46852372931501,36.58104283045838,36.959007756667766,29.255741481482232,28.913602920259603,32.865155634276235,3
Round-Robin,synthetic_fork_join,27.249406088790312,48.88291750523547,64.55311392599526,30.05592562268404,9.850221838192686,80.57322428160757,96575.88765133149,89356.44906979521,48.28794382566574,44.67822453489761,2,0.001,0.999,2000,0,1.0,2000,3.8600783348083496,37.824614006083706,37.46852372931501,36.58104283045838,36.959007756667766,29.255741481482232,28.913602920259603,32.865155634276235,4
Round-Robin,synthetic_random,26.536039461872996,49.922859503903446,67.01199871561039,28.69435262034338,11.26533889008219,82.62589503524887,91022.82467518488,84425.35820728757,45.51141233759244,42.21267910364379,0,0.0,1.0,1798,202,0.899,2000,3.814976692199707,35.829033896163665,37.23128589722364,37.13385405081871,37.088219261118056,27.530063595747368,26.98209359175933,32.61162660167036,0
Round-Robin,synthetic_random,26.536039461872996,49.922859503903446,67.01199871561039,28.69435262034338,11.26533889008219,82.62589503524887,91022.82467518488,84425.35820728757,45.51141233759244,42.21267910364379,0,0.0,1.0,1798,202,0.899,2000,3.736642360687256,35.829033896163665,37.23128589722364,37.13385405081871,37.088219261118056,27.530063595747368,26.98209359175933,32.61162660167036,1
Round-Robin,synthetic_random,26.536039461872996,49.922859503903446,67.01199871561039,28.69435262034338,11.26533889008219,82.62589503524887,91022.82467518488,84425.35820728757,45.51141233759244,42.21267910364379,0,0.0,1.0,1798,202,0.899,2000,3.833268165588379,35.829033896163665,37.23128589722364,37.13385405081871,37.088219261118056,27.530063595747368,26.98209359175933,32.61162660167036,2
Round-Robin,synthetic_random,26.536039461872996,49.922859503903446,67.01199871561039,28.69435262034338,11.26533889008219,82.62589503524887,91022.82467518488,84425.35820728757,45.51141233759244,42.21267910364379,0,0.0,1.0,1798,202,0.899,2000,3.8477869033813477,35.829033896163665,37.23128589722364,37.13385405081871,37.088219261118056,27.530063595747368,26.98209359175933,32.61162660167036,3
Round-Robin,synthetic_random,26.536039461872996,49.922859503903446,67.01199871561039,28.69435262034338,11.26533889008219,82.62589503524887,91022.82467518488,84425.35820728757,45.51141233759244,42.21267910364379,0,0.0,1.0,1798,202,0.899,2000,3.804766893386841,35.829033896163665,37.23128589722364,37.13385405081871,37.088219261118056,27.530063595747368,26.98209359175933,32.61162660167036,4
Locality-Aware,azure_trace_day_01,13.060511290702514,26.636546298000496,27.481602365298716,15.455870897376835,8.041957161944534,81.63242621083654,30609.906521420446,29886.374665446572,15.304953260710223,14.943187332723285,0,0.0,1.0,712,1288,0.356,2000,3.790945053100586,36.366087367495545,33.591085886147354,22.47028915695255,13.438410204508925,4.232190272710541,1.6741758116870418,0.6765379516134653,0
Locality-Aware,azure_trace_day_01,13.060511290702514,26.636546298000496,27.481602365298716,15.455870897376835,8.041957161944534,81.63242621083654,30609.906521420446,29886.374665446572,15.304953260710223,14.943187332723285,0,0.0,1.0,712,1288,0.356,2000,3.9076735973358154,36.366087367495545,33.591085886147354,22.47028915695255,13.438410204508925,4.232190272710541,1.6741758116870418,0.6765379516134653,1
Locality-Aware,azure_trace_day_01,13.060511290702514,26.636546298000496,27.481602365298716,15.455870897376835,8.041957161944534,81.63242621083654,30609.906521420446,29886.374665446572,15.304953260710223,14.943187332723285,0,0.0,1.0,712,1288,0.356,2000,3.9287631511688232,36.366087367495545,33.591085886147354,22.47028915695255,13.438410204508925,4.232190272710541,1.6741758116870418,0.6765379516134653,2
Locality-Aware,azure_trace_day_01,13.060511290702514,26.636546298000496,27.481602365298716,15.455870897376835,8.041957161944534,81.63242621083654,30609.906521420446,29886.374665446572,15.304953260710223,14.943187332723285,0,0.0,1.0,712,1288,0.356,2000,3.8410604000091553,36.366087367495545,33.591085886147354,22.47028915695255,13.438410204508925,4.232190272710541,1.6741758116870418,0.6765379516134653,3
Locality-Aware,azure_trace_day_01,13.060511290702514,26.636546298000496,27.481602365298716,15.455870897376835,8.041957161944534,81.63242621083654,30609.906521420446,29886.374665446572,15.304953260710223,14.943187332723285,0,0.0,1.0,712,1288,0.356,2000,3.819434404373169,36.366087367495545,33.591085886147354,22.47028915695255,13.438410204508925,4.232190272710541,1.6741758116870418,0.6765379516134653,4
Locality-Aware,azure_trace_day_02,13.020649986879462,26.636546298000496,27.991934332241897,15.464589623592419,7.9963541493994805,85.19229793960162,31066.51813458862,30258.440593947897,15.53325906729431,15.129220296973948,0,0.0,1.0,707,1293,0.3535,2000,3.915903329849243,37.18155964260571,34.642936795790284,24.900476895462052,12.712425616420898,5.091654225600902,1.7925440344554633,1.120704856474117,0
Locality-Aware,azure_trace_day_02,13.020649986879462,26.636546298000496,27.991934332241897,15.464589623592419,7.9963541493994805,85.19229793960162,31066.51813458862,30258.440593947897,15.53325906729431,15.129220296973948,0,0.0,1.0,707,1293,0.3535,2000,3.9120779037475586,37.18155964260571,34.642936795790284,24.900476895462052,12.712425616420898,5.091654225600902,1.7925440344554633,1.120704856474117,1
Locality-Aware,azure_trace_day_02,13.020649986879462,26.636546298000496,27.991934332241897,15.464589623592419,7.9963541493994805,85.19229793960162,31066.51813458862,30258.440593947897,15.53325906729431,15.129220296973948,0,0.0,1.0,707,1293,0.3535,2000,3.8036224842071533,37.18155964260571,34.642936795790284,24.900476895462052,12.712425616420898,5.091654225600902,1.7925440344554633,1.120704856474117,2
Locality-Aware,azure_trace_day_02,13.020649986879462,26.636546298000496,27.991934332241897,15.464589623592419,7.9963541493994805,85.19229793960162,31066.51813458862,30258.440593947897,15.53325906729431,15.129220296973948,0,0.0,1.0,707,1293,0.3535,2000,3.861423969268799,37.18155964260571,34.642936795790284,24.900476895462052,12.712425616420898,5.091654225600902,1.7925440344554633,1.120704856474117,3
Locality-Aware,azure_trace_day_02,13.020649986879462,26.636546298000496,27.991934332241897,15.464589623592419,7.9963541493994805,85.19229793960162,31066.51813458862,30258.440593947897,15.53325906729431,15.129220296973948,0,0.0,1.0,707,1293,0.3535,2000,3.900238513946533,37.18155964260571,34.642936795790284,24.900476895462052,12.712425616420898,5.091654225600902,1.7925440344554633,1.120704856474117,4
Locality-Aware,azure_trace_day_03,12.320779683596434,26.636546297999608,27.164422101465213,15.213102557645852,8.024148259284788,80.628434438142,29779.949842205107,29201.329056420323,14.889974921102553,14.600664528210162,0,0.0,1.0,700,1300,0.35,2000,3.868044376373291,38.02572782106508,30.992315628445944,22.72351261228522,13.428507837583789,3.78136222913926,0.883966579980321,0.4447431722155798,0
Locality-Aware,azure_trace_day_03,12.320779683596434,26.636546297999608,27.164422101465213,15.213102557645852,8.024148259284788,80.628434438142,29779.949842205107,29201.329056420323,14.889974921102553,14.600664528210162,0,0.0,1.0,700,1300,0.35,2000,3.791121244430542,38.02572782106508,30.992315628445944,22.72351261228522,13.428507837583789,3.78136222913926,0.883966579980321,0.4447431722155798,1
Locality-Aware,azure_trace_day_03,12.320779683596434,26.636546297999608,27.164422101465213,15.213102557645852,8.024148259284788,80.628434438142,29779.949842205107,29201.329056420323,14.889974921102553,14.600664528210162,0,0.0,1.0,700,1300,0.35,2000,3.870377779006958,38.02572782106508,30.992315628445944,22.72351261228522,13.428507837583789,3.78136222913926,0.883966579980321,0.4447431722155798,2
Locality-Aware,azure_trace_day_03,12.320779683596434,26.636546297999608,27.164422101465213,15.213102557645852,8.024148259284788,80.628434438142,29779.949842205107,29201.329056420323,14.889974921102553,14.600664528210162,0,0.0,1.0,700,1300,0.35,2000,3.901121139526367,38.02572782106508,30.992315628445944,22.72351261228522,13.428507837583789,3.78136222913926,0.883966579980321,0.4447431722155798,3
Locality-Aware,azure_trace_day_03,12.320779683596434,26.636546297999608,27.164422101465213,15.213102557645852,8.024148259284788,80.628434438142,29779.949842205107,29201.329056420323,14.889974921102553,14.600664528210162,0,0.0,1.0,700,1300,0.35,2000,3.818347930908203,38.02572782106508,30.992315628445944,22.72351261228522,13.428507837583789,3.78136222913926,0.883966579980321,0.4447431722155798,4
Locality-Aware,synthetic_chain,26.907565717393222,52.89173310350801,70.1351721406369,28.82923827954556,13.34874608604731,86.15644285651881,68090.89748137022,64216.69753986694,34.04544874068511,32.10834876993347,1,0.0005,0.9995,1504,496,0.752,2000,3.7397055625915527,35.66315835242892,50.47110329633673,50.08061652081464,56.97241196310107,31.050961436733697,2.327767150751684,0.0,0
Locality-Aware,synthetic_chain,26.907565717393222,52.89173310350801,70.1351721406369,28.82923827954556,13.34874608604731,86.15644285651881,68090.89748137022,64216.69753986694,34.04544874068511,32.10834876993347,1,0.0005,0.9995,1504,496,0.752,2000,3.8431448936462402,35.66315835242892,50.47110329633673,50.08061652081464,56.97241196310107,31.050961436733697,2.327767150751684,0.0,1
Locality-Aware,synthetic_chain,26.907565717393222,52.89173310350801,70.1351721406369,28.82923827954556,13.34874608604731,86.15644285651881,68090.89748137022,64216.69753986694,34.04544874068511,32.10834876993347,1,0.0005,0.9995,1504,496,0.752,2000,3.836960554122925,35.66315835242892,50.47110329633673,50.08061652081464,56.97241196310107,31.050961436733697,2.327767150751684,0.0,2
Locality-Aware,synthetic_chain,26.907565717393222,52.89173310350801,70.1351721406369,28.82923827954556,13.34874608604731,86.15644285651881,68090.89748137022,64216.69753986694,34.04544874068511,32.10834876993347,1,0.0005,0.9995,1504,496,0.752,2000,3.7308168411254883,35.66315835242892,50.47110329633673,50.08061652081464,56.97241196310107,31.050961436733697,2.327767150751684,0.0,3
Locality-Aware,synthetic_chain,26.907565717393222,52.89173310350801,70.1351721406369,28.82923827954556,13.34874608604731,86.15644285651881,68090.89748137022,64216.69753986694,34.04544874068511,32.10834876993347,1,0.0005,0.9995,1504,496,0.752,2000,3.7670986652374268,35.66315835242892,50.47110329633673,50.08061652081464,56.97241196310107,31.050961436733697,2.327767150751684,0.0,4
Locality-Aware,synthetic_diamond,44.885885890846744,103.15449191130878,122.19686950722291,49.363383200115145,29.22956409984337,81.83470734353527,62253.45732584978,60983.873678327516,31.12672866292489,30.49193683916376,114,0.057,0.943,1612,388,0.806,2000,3.840644598007202,59.925467495807695,39.87016127277362,60.722316367565874,61.9427476064108,4.76888263955325,5.620717984759457,0.5475892268564913,0
Locality-Aware,synthetic_diamond,44.885885890846744,103.15449191130878,122.19686950722291,49.363383200115145,29.22956409984337,81.83470734353527,62253.45732584978,60983.873678327516,31.12672866292489,30.49193683916376,114,0.057,0.943,1612,388,0.806,2000,3.793612480163574,59.925467495807695,39.87016127277362,60.722316367565874,61.9427476064108,4.76888263955325,5.620717984759457,0.5475892268564913,1
Locality-Aware,synthetic_diamond,44.885885890846744,103.15449191130878,122.19686950722291,49.363383200115145,29.22956409984337,81.83470734353527,62253.45732584978,60983.873678327516,31.12672866292489,30.49193683916376,114,0.057,0.943,1612,388,0.806,2000,3.7202656269073486,59.925467495807695,39.87016127277362,60.722316367565874,61.9427476064108,4.76888263955325,5.620717984759457,0.5475892268564913,2
Locality-Aware,synthetic_diamond,44.885885890846744,103.15449191130878,122.19686950722291,49.363383200115145,29.22956409984337,81.83470734353527,62253.45732584978,60983.873678327516,31.12672866292489,30.49193683916376,114,0.057,0.943,1612,388,0.806,2000,3.7946338653564453,59.925467495807695,39.87016127277362,60.722316367565874,61.9427476064108,4.76888263955325,5.620717984759457,0.5475892268564913,3
Locality-Aware,synthetic_diamond,44.885885890846744,103.15449191130878,122.19686950722291,49.363383200115145,29.22956409984337,81.83470734353527,62253.45732584978,60983.873678327516,31.12672866292489,30.49193683916376,114,0.057,0.943,1612,388,0.806,2000,3.8331403732299805,59.925467495807695,39.87016127277362,60.722316367565874,61.9427476064108,4.76888263955325,5.620717984759457,0.5475892268564913,4
Locality-Aware,synthetic_fork_join,27.375495297222052,54.03960440049204,73.971445028099,27.950486831341312,14.809469764640891,80.5404032953947,57668.57780218582,55406.440748184206,28.83428890109291,27.703220374092105,2,0.001,0.999,1166,834,0.583,2000,3.777574062347412,48.391322548543556,45.54302782496818,44.9296923911952,38.710453726665214,14.87872744901976,3.34061561485435,0.0,0
Locality-Aware,synthetic_fork_join,27.375495297222052,54.03960440049204,73.971445028099,27.950486831341312,14.809469764640891,80.5404032953947,57668.57780218582,55406.440748184206,28.83428890109291,27.703220374092105,2,0.001,0.999,1166,834,0.583,2000,3.7168989181518555,48.391322548543556,45.54302782496818,44.9296923911952,38.710453726665214,14.87872744901976,3.34061561485435,0.0,1
Locality-Aware,synthetic_fork_join,27.375495297222052,54.03960440049204,73.971445028099,27.950486831341312,14.809469764640891,80.5404032953947,57668.57780218582,55406.440748184206,28.83428890109291,27.703220374092105,2,0.001,0.999,1166,834,0.583,2000,3.8262758255004883,48.391322548543556,45.54302782496818,44.9296923911952,38.710453726665214,14.87872744901976,3.34061561485435,0.0,2
Locality-Aware,synthetic_fork_join,27.375495297222052,54.03960440049204,73.971445028099,27.950486831341312,14.809469764640891,80.5404032953947,57668.57780218582,55406.440748184206,28.83428890109291,27.703220374092105,2,0.001,0.999,1166,834,0.583,2000,3.837344169616699,48.391322548543556,45.54302782496818,44.9296923911952,38.710453726665214,14.87872744901976,3.34061561485435,0.0,3
Locality-Aware,synthetic_fork_join,27.375495297222052,54.03960440049204,73.971445028099,27.950486831341312,14.809469764640891,80.5404032953947,57668.57780218582,55406.440748184206,28.83428890109291,27.703220374092105,2,0.001,0.999,1166,834,0.583,2000,3.7683298587799072,48.391322548543556,45.54302782496818,44.9296923911952,38.710453726665214,14.87872744901976,3.34061561485435,0.0,4
Locality-Aware,synthetic_random,22.061274656375918,64.73460848248487,95.96227399239534,25.23606419120545,20.392478560308604,82.6873841073288,52857.379413969196,49862.611196648526,26.4286897069846,24.93130559832426,15,0.0075,0.9925,645,1355,0.3225,2000,3.747584819793701,34.817972718731546,31.278003267778548,26.38102863893879,38.88745066702845,5.3123071933164105,19.450647796485562,6.439300731800603,0
Locality-Aware,synthetic_random,22.061274656375918,64.73460848248487,95.96227399239534,25.23606419120545,20.392478560308604,82.6873841073288,52857.379413969196,49862.611196648526,26.4286897069846,24.93130559832426,15,0.0075,0.9925,645,1355,0.3225,2000,3.6056253910064697,34.817972718731546,31.278003267778548,26.38102863893879,38.88745066702845,5.3123071933164105,19.450647796485562,6.439300731800603,1
Locality-Aware,synthetic_random,22.061274656375918,64.73460848248487,95.96227399239534,25.23606419120545,20.392478560308604,82.6873841073288,52857.379413969196,49862.611196648526,26.4286897069846,24.93130559832426,15,0.0075,0.9925,645,1355,0.3225,2000,3.5822083950042725,34.817972718731546,31.278003267778548,26.38102863893879,38.88745066702845,5.3123071933164105,19.450647796485562,6.439300731800603,2
Locality-Aware,synthetic_random,22.061274656375918,64.73460848248487,95.96227399239534,25.23606419120545,20.392478560308604,82.6873841073288,52857.379413969196,49862.611196648526,26.4286897069846,24.93130559832426,15,0.0075,0.9925,645,1355,0.3225,2000,3.5308456420898438,34.817972718731546,31.278003267778548,26.38102863893879,38.88745066702845,5.3123071933164105,19.450647796485562,6.439300731800603,3
Locality-Aware,synthetic_random,22.061274656375918,64.73460848248487,95.96227399239534,25.23606419120545,20.392478560308604,82.6873841073288,52857.379413969196,49862.611196648526,26.4286897069846,24.93130559832426,15,0.0075,0.9925,645,1355,0.3225,2000,3.5144407749176025,34.817972718731546,31.278003267778548,26.38102863893879,38.88745066702845,5.3123071933164105,19.450647796485562,6.439300731800603,4
Shortest-Job-First,azure_trace_day_01,7.169837211748131,28.980481144255013,42.442194613480275,12.053849124474082,10.903247974313546,81.6527106546124,60799.102801537156,52120.13754129759,30.399551400768576,26.060068770648794,0,0.0,1.0,734,1266,0.367,2000,7.246046304702759,0.6093779014230668,0.10546759472305473,0.0,0.0,42.91859154026493,27.947512377308612,17.45371010341464,0
Shortest-Job-First,azure_trace_day_01,7.169837211748131,28.980481144255013,42.442194613480275,12.053849124474082,10.903247974313546,81.6527106546124,60799.102801537156,52120.13754129759,30.399551400768576,26.060068770648794,0,0.0,1.0,734,1266,0.367,2000,7.116963863372803,0.6093779014230668,0.10546759472305473,0.0,0.0,42.91859154026493,27.947512377308612,17.45371010341464,1
Shortest-Job-First,azure_trace_day_01,7.169837211748131,28.980481144255013,42.442194613480275,12.053849124474082,10.903247974313546,81.6527106546124,60799.102801537156,52120.13754129759,30.399551400768576,26.060068770648794,0,0.0,1.0,734,1266,0.367,2000,7.254838705062866,0.6093779014230668,0.10546759472305473,0.0,0.0,42.91859154026493,27.947512377308612,17.45371010341464,2
Shortest-Job-First,azure_trace_day_01,7.169837211748131,28.980481144255013,42.442194613480275,12.053849124474082,10.903247974313546,81.6527106546124,60799.102801537156,52120.13754129759,30.399551400768576,26.060068770648794,0,0.0,1.0,734,1266,0.367,2000,7.1484198570251465,0.6093779014230668,0.10546759472305473,0.0,0.0,42.91859154026493,27.947512377308612,17.45371010341464,3
Shortest-Job-First,azure_trace_day_01,7.169837211748131,28.980481144255013,42.442194613480275,12.053849124474082,10.903247974313546,81.6527106546124,60799.102801537156,52120.13754129759,30.399551400768576,26.060068770648794,0,0.0,1.0,734,1266,0.367,2000,7.267381191253662,0.6093779014230668,0.10546759472305473,0.0,0.0,42.91859154026493,27.947512377308612,17.45371010341464,4
Shortest-Job-First,azure_trace_day_02,5.930112746995064,29.63083738795626,45.436186442687145,12.136530274347844,11.519249871650434,85.21020816309041,60142.2716815788,51599.717853031565,30.0711358407894,25.799858926515782,0,0.0,1.0,732,1268,0.366,2000,7.420107364654541,0.9719139041693472,0.325223941573479,0.10414896886653022,0.0,44.01787678568444,28.773402211803003,18.230825331175836,0
Shortest-Job-First,azure_trace_day_02,5.930112746995064,29.63083738795626,45.436186442687145,12.136530274347844,11.519249871650434,85.21020816309041,60142.2716815788,51599.717853031565,30.0711358407894,25.799858926515782,0,0.0,1.0,732,1268,0.366,2000,7.863531827926636,0.9719139041693472,0.325223941573479,0.10414896886653022,0.0,44.01787678568444,28.773402211803003,18.230825331175836,1
Shortest-Job-First,azure_trace_day_02,5.930112746995064,29.63083738795626,45.436186442687145,12.136530274347844,11.519249871650434,85.21020816309041,60142.2716815788,51599.717853031565,30.0711358407894,25.799858926515782,0,0.0,1.0,732,1268,0.366,2000,7.679758071899414,0.9719139041693472,0.325223941573479,0.10414896886653022,0.0,44.01787678568444,28.773402211803003,18.230825331175836,2
Shortest-Job-First,azure_trace_day_02,5.930112746995064,29.63083738795626,45.436186442687145,12.136530274347844,11.519249871650434,85.21020816309041,60142.2716815788,51599.717853031565,30.0711358407894,25.799858926515782,0,0.0,1.0,732,1268,0.366,2000,7.796617269515991,0.9719139041693472,0.325223941573479,0.10414896886653022,0.0,44.01787678568444,28.773402211803003,18.230825331175836,3
Shortest-Job-First,azure_trace_day_02,5.930112746995064,29.63083738795626,45.436186442687145,12.136530274347844,11.519249871650434,85.21020816309041,60142.2716815788,51599.717853031565,30.0711358407894,25.799858926515782,0,0.0,1.0,732,1268,0.366,2000,7.68769645690918,0.9719139041693472,0.325223941573479,0.10414896886653022,0.0,44.01787678568444,28.773402211803003,18.230825331175836,4
Shortest-Job-First,azure_trace_day_03,5.765341075349539,28.765311478995148,42.90754507011642,11.68307353323358,10.736166156495326,80.64424485735584,60497.70330218053,51858.25455360283,30.248851651090266,25.929127276801413,0,0.0,1.0,736,1264,0.368,2000,7.704975605010986,0.2962383745577423,0.09738313748706698,0.0,0.0,42.602890559118265,27.069291472167613,17.26470615726626,0
Shortest-Job-First,azure_trace_day_03,5.765341075349539,28.765311478995148,42.90754507011642,11.68307353323358,10.736166156495326,80.64424485735584,60497.70330218053,51858.25455360283,30.248851651090266,25.929127276801413,0,0.0,1.0,736,1264,0.368,2000,7.70064377784729,0.2962383745577423,0.09738313748706698,0.0,0.0,42.602890559118265,27.069291472167613,17.26470615726626,1
Shortest-Job-First,azure_trace_day_03,5.765341075349539,28.765311478995148,42.90754507011642,11.68307353323358,10.736166156495326,80.64424485735584,60497.70330218053,51858.25455360283,30.248851651090266,25.929127276801413,0,0.0,1.0,736,1264,0.368,2000,7.642869710922241,0.2962383745577423,0.09738313748706698,0.0,0.0,42.602890559118265,27.069291472167613,17.26470615726626,2
Shortest-Job-First,azure_trace_day_03,5.765341075349539,28.765311478995148,42.90754507011642,11.68307353323358,10.736166156495326,80.64424485735584,60497.70330218053,51858.25455360283,30.248851651090266,25.929127276801413,0,0.0,1.0,736,1264,0.368,2000,7.715306282043457,0.2962383745577423,0.09738313748706698,0.0,0.0,42.602890559118265,27.069291472167613,17.26470615726626,3
Shortest-Job-First,azure_trace_day_03,5.765341075349539,28.765311478995148,42.90754507011642,11.68307353323358,10.736166156495326,80.64424485735584,60497.70330218053,51858.25455360283,30.248851651090266,25.929127276801413,0,0.0,1.0,736,1264,0.368,2000,7.6160173416137695,0.2962383745577423,0.09738313748706698,0.0,0.0,42.602890559118265,27.069291472167613,17.26470615726626,4
Shortest-Job-First,synthetic_chain,27.899084491345594,57.34653809323941,72.01919359366036,31.940471155521404,12.551705948183063,86.16041395215183,136232.8447065951,118493.4326809764,68.11642235329755,59.2467163404882,1,0.0005,0.9995,1952,48,0.976,2000,7.70330548286438,11.890799789414059,6.055605165789401,1.4183481707169716,0.7617727471699665,82.7618409984763,70.08166734102865,54.11843189918284,0
Shortest-Job-First,synthetic_chain,27.899084491345594,57.34653809323941,72.01919359366036,31.940471155521404,12.551705948183063,86.16041395215183,136232.8447065951,118493.4326809764,68.11642235329755,59.2467163404882,1,0.0005,0.9995,1952,48,0.976,2000,7.517540454864502,11.890799789414059,6.055605165789401,1.4183481707169716,0.7617727471699665,82.7618409984763,70.08166734102865,54.11843189918284,1
Shortest-Job-First,synthetic_chain,27.899084491345594,57.34653809323941,72.01919359366036,31.940471155521404,12.551705948183063,86.16041395215183,136232.8447065951,118493.4326809764,68.11642235329755,59.2467163404882,1,0.0005,0.9995,1952,48,0.976,2000,7.7187721729278564,11.890799789414059,6.055605165789401,1.4183481707169716,0.7617727471699665,82.7618409984763,70.08166734102865,54.11843189918284,2
Shortest-Job-First,synthetic_chain,27.899084491345594,57.34653809323941,72.01919359366036,31.940471155521404,12.551705948183063,86.16041395215183,136232.8447065951,118493.4326809764,68.11642235329755,59.2467163404882,1,0.0005,0.9995,1952,48,0.976,2000,7.5180604457855225,11.890799789414059,6.055605165789401,1.4183481707169716,0.7617727471699665,82.7618409984763,70.08166734102865,54.11843189918284,3
Shortest-Job-First,synthetic_chain,27.899084491345594,57.34653809323941,72.01919359366036,31.940471155521404,12.551705948183063,86.16041395215183,136232.8447065951,118493.4326809764,68.11642235329755,59.2467163404882,1,0.0005,0.9995,1952,48,0.976,2000,7.702800989151001,11.890799789414059,6.055605165789401,1.4183481707169716,0.7617727471699665,82.7618409984763,70.08166734102865,54.11843189918284,4
Shortest-Job-First,synthetic_diamond,26.60034728405014,55.230665129151994,73.89349198160217,29.843434048569968,14.47217495855577,81.90600388065292,129417.3799809237,112234.36212035011,64.70868999046185,56.11718106017506,5,0.0025,0.9975,1795,205,0.8975,2000,7.512817859649658,8.374971944053934,4.028175069764331,2.36354524420086,0.5029217229211238,76.74393887455909,63.99529388238581,46.25785454764896,0
Shortest-Job-First,synthetic_diamond,26.60034728405014,55.230665129151994,73.89349198160217,29.843434048569968,14.47217495855577,81.90600388065292,129417.3799809237,112234.36212035011,64.70868999046185,56.11718106017506,5,0.0025,0.9975,1795,205,0.8975,2000,7.697044134140015,8.374971944053934,4.028175069764331,2.36354524420086,0.5029217229211238,76.74393887455909,63.99529388238581,46.25785454764896,1
Shortest-Job-First,synthetic_diamond,26.60034728405014,55.230665129151994,73.89349198160217,29.843434048569968,14.47217495855577,81.90600388065292,129417.3799809237,112234.36212035011,64.70868999046185,56.11718106017506,5,0.0025,0.9975,1795,205,0.8975,2000,7.453192949295044,8.374971944053934,4.028175069764331,2.36354524420086,0.5029217229211238,76.74393887455909,63.99529388238581,46.25785454764896,2
Shortest-Job-First,synthetic_diamond,26.60034728405014,55.230665129151994,73.89349198160217,29.843434048569968,14.47217495855577,81.90600388065292,129417.3799809237,112234.36212035011,64.70868999046185,56.11718106017506,5,0.0025,0.9975,1795,205,0.8975,2000,7.456686735153198,8.374971944053934,4.028175069764331,2.36354524420086,0.5029217229211238,76.74393887455909,63.99529388238581,46.25785454764896,3
Shortest-Job-First,synthetic_diamond,26.60034728405014,55.230665129151994,73.89349198160217,29.843434048569968,14.47217495855577,81.90600388065292,129417.3799809237,112234.36212035011,64.70868999046185,56.11718106017506,5,0.0025,0.9975,1795,205,0.8975,2000,7.142277479171753,8.374971944053934,4.028175069764331,2.36354524420086,0.5029217229211238,76.74393887455909,63.99529388238581,46.25785454764896,4
Shortest-Job-First,synthetic_fork_join,27.27611186144152,54.62345796205864,74.88041021637069,31.38470845498838,12.49228104558387,80.57322428160757,137431.78127775659,119296.7048711808,68.71589063887829,59.648352435590404,3,0.0015,0.9985,1974,26,0.987,2000,7.106380224227905,8.723626746688112,2.968087146424084,0.9945633385525642,0.6292935100243399,79.55927313542811,66.56088473168424,50.99502123632501,0
Shortest-Job-First,synthetic_fork_join,27.27611186144152,54.62345796205864,74.88041021637069,31.38470845498838,12.49228104558387,80.57322428160757,137431.78127775659,119296.7048711808,68.71589063887829,59.648352435590404,3,0.0015,0.9985,1974,26,0.987,2000,6.997523069381714,8.723626746688112,2.968087146424084,0.9945633385525642,0.6292935100243399,79.55927313542811,66.56088473168424,50.99502123632501,1
Shortest-Job-First,synthetic_fork_join,27.27611186144152,54.62345796205864,74.88041021637069,31.38470845498838,12.49228104558387,80.57322428160757,137431.78127775659,119296.7048711808,68.71589063887829,59.648352435590404,3,0.0015,0.9985,1974,26,0.987,2000,7.207137584686279,8.723626746688112,2.968087146424084,0.9945633385525642,0.6292935100243399,79.55927313542811,66.56088473168424,50.99502123632501,2
Shortest-Job-First,synthetic_fork_join,27.27611186144152,54.62345796205864,74.88041021637069,31.38470845498838,12.49228104558387,80.57322428160757,137431.78127775659,119296.7048711808,68.71589063887829,59.648352435590404,3,0.0015,0.9985,1974,26,0.987,2000,7.141432523727417,8.723626746688112,2.968087146424084,0.9945633385525642,0.6292935100243399,79.55927313542811,66.56088473168424,50.99502123632501,3
Shortest-Job-First,synthetic_fork_join,27.27611186144152,54.62345796205864,74.88041021637069,31.38470845498838,12.49228104558387,80.57322428160757,137431.78127775659,119296.7048711808,68.71589063887829,59.648352435590404,3,0.0015,0.9985,1974,26,0.987,2000,7.162959814071655,8.723626746688112,2.968087146424084,0.9945633385525642,0.6292935100243399,79.55927313542811,66.56088473168424,50.99502123632501,4
Shortest-Job-First,synthetic_random,25.794991484894503,53.987985805615544,70.49223238616143,29.430588754819432,13.156375904942303,82.62589503524887,130734.81139269787,113350.29315136654,65.36740569634894,56.67514657568327,1,0.0005,0.9995,1810,190,0.905,2000,7.073473691940308,9.473004935184221,3.873798132521732,1.4993483847880318,0.6965769336250265,78.96622933797296,64.67490860668954,46.8189489796001,0
Shortest-Job-First,synthetic_random,25.794991484894503,53.987985805615544,70.49223238616143,29.430588754819432,13.156375904942303,82.62589503524887,130734.81139269787,113350.29315136654,65.36740569634894,56.67514657568327,1,0.0005,0.9995,1810,190,0.905,2000,7.20363450050354,9.473004935184221,3.873798132521732,1.4993483847880318,0.6965769336250265,78.96622933797296,64.67490860668954,46.8189489796001,1
Shortest-Job-First,synthetic_random,25.794991484894503,53.987985805615544,70.49223238616143,29.430588754819432,13.156375904942303,82.62589503524887,130734.81139269787,113350.29315136654,65.36740569634894,56.67514657568327,1,0.0005,0.9995,1810,190,0.905,2000,7.092691421508789,9.473004935184221,3.873798132521732,1.4993483847880318,0.6965769336250265,78.96622933797296,64.67490860668954,46.8189489796001,2
Shortest-Job-First,synthetic_random,25.794991484894503,53.987985805615544,70.49223238616143,29.430588754819432,13.156375904942303,82.62589503524887,130734.81139269787,113350.29315136654,65.36740569634894,56.67514657568327,1,0.0005,0.9995,1810,190,0.905,2000,7.204885005950928,9.473004935184221,3.873798132521732,1.4993483847880318,0.6965769336250265,78.96622933797296,64.67490860668954,46.8189489796001,3
Shortest-Job-First,synthetic_random,25.794991484894503,53.987985805615544,70.49223238616143,29.430588754819432,13.156375904942303,82.62589503524887,130734.81139269787,113350.29315136654,65.36740569634894,56.67514657568327,1,0.0005,0.9995,1810,190,0.905,2000,7.079117774963379,9.473004935184221,3.873798132521732,1.4993483847880318,0.6965769336250265,78.96622933797296,64.67490860668954,46.8189489796001,4
Sinan,azure_trace_day_01,7.169837211748131,26.636546298000496,28.934300945126168,11.67076163167116,9.808945943727457,81.6527106546124,56575.01467989409,49111.639874700195,28.287507339947044,24.555819937350098,0,0.0,1.0,797,1203,0.3985,2000,3.6591405868530273,5.225366254121028,4.781105011995505,4.6891235762898065,5.859582834201397,24.2182203300105,36.72225801752926,13.799276238831881,0
Sinan,azure_trace_day_01,7.169837211748131,26.636546298000496,28.934300945126168,11.67076163167116,9.808945943727457,81.6527106546124,56575.01467989409,49111.639874700195,28.287507339947044,24.555819937350098,0,0.0,1.0,797,1203,0.3985,2000,3.632807493209839,5.225366254121028,4.781105011995505,4.6891235762898065,5.859582834201397,24.2182203300105,36.72225801752926,13.799276238831881,1
Sinan,azure_trace_day_01,7.169837211748131,26.636546298000496,28.934300945126168,11.67076163167116,9.808945943727457,81.6527106546124,56575.01467989409,49111.639874700195,28.287507339947044,24.555819937350098,0,0.0,1.0,797,1203,0.3985,2000,3.596126079559326,5.225366254121028,4.781105011995505,4.6891235762898065,5.859582834201397,24.2182203300105,36.72225801752926,13.799276238831881,2
Sinan,azure_trace_day_01,7.169837211748131,26.636546298000496,28.934300945126168,11.67076163167116,9.808945943727457,81.6527106546124,56575.01467989409,49111.639874700195,28.287507339947044,24.555819937350098,0,0.0,1.0,797,1203,0.3985,2000,3.5820558071136475,5.225366254121028,4.781105011995505,4.6891235762898065,5.859582834201397,24.2182203300105,36.72225801752926,13.799276238831881,3
Sinan,azure_trace_day_01,7.169837211748131,26.636546298000496,28.934300945126168,11.67076163167116,9.808945943727457,81.6527106546124,56575.01467989409,49111.639874700195,28.287507339947044,24.555819937350098,0,0.0,1.0,797,1203,0.3985,2000,3.641242265701294,5.225366254121028,4.781105011995505,4.6891235762898065,5.859582834201397,24.2182203300105,36.72225801752926,13.799276238831881,4
Sinan,azure_trace_day_02,5.769152098567432,26.636563641046607,28.934472519392944,11.375005701105218,9.843551311740454,85.21020816309041,54924.6212586001,47664.68255452288,27.46231062930005,23.83234127726144,0,0.0,1.0,770,1230,0.385,2000,3.649935483932495,4.5876999305413255,8.213011184936637,4.371384030219847,4.470754394571371,27.922460765705658,33.939628056861395,13.388902264120345,0
Sinan,azure_trace_day_02,5.769152098567432,26.636563641046607,28.934472519392944,11.375005701105218,9.843551311740454,85.21020816309041,54924.6212586001,47664.68255452288,27.46231062930005,23.83234127726144,0,0.0,1.0,770,1230,0.385,2000,3.6334078311920166,4.5876999305413255,8.213011184936637,4.371384030219847,4.470754394571371,27.922460765705658,33.939628056861395,13.388902264120345,1
Sinan,azure_trace_day_02,5.769152098567432,26.636563641046607,28.934472519392944,11.375005701105218,9.843551311740454,85.21020816309041,54924.6212586001,47664.68255452288,27.46231062930005,23.83234127726144,0,0.0,1.0,770,1230,0.385,2000,3.5937540531158447,4.5876999305413255,8.213011184936637,4.371384030219847,4.470754394571371,27.922460765705658,33.939628056861395,13.388902264120345,2
Sinan,azure_trace_day_02,5.769152098567432,26.636563641046607,28.934472519392944,11.375005701105218,9.843551311740454,85.21020816309041,54924.6212586001,47664.68255452288,27.46231062930005,23.83234127726144,0,0.0,1.0,770,1230,0.385,2000,3.677654504776001,4.5876999305413255,8.213011184936637,4.371384030219847,4.470754394571371,27.922460765705658,33.939628056861395,13.388902264120345,3
Sinan,azure_trace_day_02,5.769152098567432,26.636563641046607,28.934472519392944,11.375005701105218,9.843551311740454,85.21020816309041,54924.6212586001,47664.68255452288,27.46231062930005,23.83234127726144,0,0.0,1.0,770,1230,0.385,2000,3.648967981338501,4.5876999305413255,8.213011184936637,4.371384030219847,4.470754394571371,27.922460765705658,33.939628056861395,13.388902264120345,4
Sinan,azure_trace_day_03,7.412138834549609,26.636546298000496,28.909315320019502,12.136428046559134,9.47981515782861,80.64424485735584,56255.584382657195,50199.278457190085,28.1277921913286,25.09963922859504,0,0.0,1.0,807,1193,0.4035,2000,3.6100497245788574,4.7012365660687845,4.177135311089741,4.902760639856945,3.971648220072352,18.71941719694382,30.121204601496583,31.27990497251129,0
Sinan,azure_trace_day_03,7.412138834549609,26.636546298000496,28.909315320019502,12.136428046559134,9.47981515782861,80.64424485735584,56255.584382657195,50199.278457190085,28.1277921913286,25.09963922859504,0,0.0,1.0,807,1193,0.4035,2000,3.5979456901550293,4.7012365660687845,4.177135311089741,4.902760639856945,3.971648220072352,18.71941719694382,30.121204601496583,31.27990497251129,1
Sinan,azure_trace_day_03,7.412138834549609,26.636546298000496,28.909315320019502,12.136428046559134,9.47981515782861,80.64424485735584,56255.584382657195,50199.278457190085,28.1277921913286,25.09963922859504,0,0.0,1.0,807,1193,0.4035,2000,3.641043186187744,4.7012365660687845,4.177135311089741,4.902760639856945,3.971648220072352,18.71941719694382,30.121204601496583,31.27990497251129,2
Sinan,azure_trace_day_03,7.412138834549609,26.636546298000496,28.909315320019502,12.136428046559134,9.47981515782861,80.64424485735584,56255.584382657195,50199.278457190085,28.1277921913286,25.09963922859504,0,0.0,1.0,807,1193,0.4035,2000,3.6491575241088867,4.7012365660687845,4.177135311089741,4.902760639856945,3.971648220072352,18.71941719694382,30.121204601496583,31.27990497251129,3
Sinan,azure_trace_day_03,7.412138834549609,26.636546298000496,28.909315320019502,12.136428046559134,9.47981515782861,80.64424485735584,56255.584382657195,50199.278457190085,28.1277921913286,25.09963922859504,0,0.0,1.0,807,1193,0.4035,2000,3.6204402446746826,4.7012365660687845,4.177135311089741,4.902760639856945,3.971648220072352,18.71941719694382,30.121204601496583,31.27990497251129,4
Sinan,synthetic_chain,25.1885600528583,46.758465065467725,68.12069888674297,27.863892309903644,9.773683100333912,86.16444183273734,119002.78268001073,105575.95249673603,59.50139134000536,52.78797624836802,0,0.0,1.0,1938,62,0.969,2000,3.5701823234558105,27.621017688533893,18.081593129210212,26.03529282676163,9.19950281395166,59.55184555601336,56.13968727646671,42.339206176192455,0
Sinan,synthetic_chain,25.1885600528583,46.758465065467725,68.12069888674297,27.863892309903644,9.773683100333912,86.16444183273734,119002.78268001073,105575.95249673603,59.50139134000536,52.78797624836802,0,0.0,1.0,1938,62,0.969,2000,3.659933567047119,27.621017688533893,18.081593129210212,26.03529282676163,9.19950281395166,59.55184555601336,56.13968727646671,42.339206176192455,1
Sinan,synthetic_chain,25.1885600528583,46.758465065467725,68.12069888674297,27.863892309903644,9.773683100333912,86.16444183273734,119002.78268001073,105575.95249673603,59.50139134000536,52.78797624836802,0,0.0,1.0,1938,62,0.969,2000,3.652740955352783,27.621017688533893,18.081593129210212,26.03529282676163,9.19950281395166,59.55184555601336,56.13968727646671,42.339206176192455,2
Sinan,synthetic_chain,25.1885600528583,46.758465065467725,68.12069888674297,27.863892309903644,9.773683100333912,86.16444183273734,119002.78268001073,105575.95249673603,59.50139134000536,52.78797624836802,0,0.0,1.0,1938,62,0.969,2000,3.6374995708465576,27.621017688533893,18.081593129210212,26.03529282676163,9.19950281395166,59.55184555601336,56.13968727646671,42.339206176192455,3
Sinan,synthetic_chain,25.1885600528583,46.758465065467725,68.12069888674297,27.863892309903644,9.773683100333912,86.16444183273734,119002.78268001073,105575.95249673603,59.50139134000536,52.78797624836802,0,0.0,1.0,1938,62,0.969,2000,3.5476036071777344,27.621017688533893,18.081593129210212,26.03529282676163,9.19950281395166,59.55184555601336,56.13968727646671,42.339206176192455,4
Sinan,synthetic_diamond,24.36205756275811,44.47295180479316,60.713290395520055,25.79310123537874,10.782879732099975,81.90600388065292,116304.74975011189,102533.18356920863,58.15237487505595,51.266591784604316,1,0.0005,0.9995,1782,218,0.891,2000,3.627721071243286,13.87392031556228,18.22639313646796,14.404219466919791,10.533953026609097,57.48276843674345,55.31462686882874,40.43609617813791,0
Sinan,synthetic_diamond,24.36205756275811,44.47295180479316,60.713290395520055,25.79310123537874,10.782879732099975,81.90600388065292,116304.74975011189,102533.18356920863,58.15237487505595,51.266591784604316,1,0.0005,0.9995,1782,218,0.891,2000,3.6412720680236816,13.87392031556228,18.22639313646796,14.404219466919791,10.533953026609097,57.48276843674345,55.31462686882874,40.43609617813791,1
Sinan,synthetic_diamond,24.36205756275811,44.47295180479316,60.713290395520055,25.79310123537874,10.782879732099975,81.90600388065292,116304.74975011189,102533.18356920863,58.15237487505595,51.266591784604316,1,0.0005,0.9995,1782,218,0.891,2000,3.615870952606201,13.87392031556228,18.22639313646796,14.404219466919791,10.533953026609097,57.48276843674345,55.31462686882874,40.43609617813791,2
Sinan,synthetic_diamond,24.36205756275811,44.47295180479316,60.713290395520055,25.79310123537874,10.782879732099975,81.90600388065292,116304.74975011189,102533.18356920863,58.15237487505595,51.266591784604316,1,0.0005,0.9995,1782,218,0.891,2000,3.574498176574707,13.87392031556228,18.22639313646796,14.404219466919791,10.533953026609097,57.48276843674345,55.31462686882874,40.43609617813791,3
Sinan,synthetic_diamond,24.36205756275811,44.47295180479316,60.713290395520055,25.79310123537874,10.782879732099975,81.90600388065292,116304.74975011189,102533.18356920863,58.15237487505595,51.266591784604316,1,0.0005,0.9995,1782,218,0.891,2000,3.6004526615142822,13.87392031556228,18.22639313646796,14.404219466919791,10.533953026609097,57.48276843674345,55.31462686882874,40.43609617813791,4
Sinan,synthetic_fork_join,24.862008928039803,44.165139782620855,61.03063231865911,27.263773281970515,9.008094891294002,80.57322428160757,120247.50207978177,106339.73086007884,60.123751039890884,53.16986543003942,1,0.0005,0.9995,1952,48,0.976,2000,3.6349575519561768,10.853761788760188,19.824606407665005,18.476116972093948,16.9648502180012,55.08951041571116,56.96988655853158,41.06946070480871,0
Sinan,synthetic_fork_join,24.862008928039803,44.165139782620855,61.03063231865911,27.263773281970515,9.008094891294002,80.57322428160757,120247.50207978177,106339.73086007884,60.123751039890884,53.16986543003942,1,0.0005,0.9995,1952,48,0.976,2000,3.6236064434051514,10.853761788760188,19.824606407665005,18.476116972093948,16.9648502180012,55.08951041571116,56.96988655853158,41.06946070480871,1
Sinan,synthetic_fork_join,24.862008928039803,44.165139782620855,61.03063231865911,27.263773281970515,9.008094891294002,80.57322428160757,120247.50207978177,106339.73086007884,60.123751039890884,53.16986543003942,1,0.0005,0.9995,1952,48,0.976,2000,3.595790147781372,10.853761788760188,19.824606407665005,18.476116972093948,16.9648502180012,55.08951041571116,56.96988655853158,41.06946070480871,2
Sinan,synthetic_fork_join,24.862008928039803,44.165139782620855,61.03063231865911,27.263773281970515,9.008094891294002,80.57322428160757,120247.50207978177,106339.73086007884,60.123751039890884,53.16986543003942,1,0.0005,0.9995,1952,48,0.976,2000,3.61991810798645,10.853761788760188,19.824606407665005,18.476116972093948,16.9648502180012,55.08951041571116,56.96988655853158,41.06946070480871,3
Sinan,synthetic_fork_join,24.862008928039803,44.165139782620855,61.03063231865911,27.263773281970515,9.008094891294002,80.57322428160757,120247.50207978177,106339.73086007884,60.123751039890884,53.16986543003942,1,0.0005,0.9995,1952,48,0.976,2000,3.638232469558716,10.853761788760188,19.824606407665005,18.476116972093948,16.9648502180012,55.08951041571116,56.96988655853158,41.06946070480871,4
Sinan,synthetic_random,24.39489792064453,45.232393414682306,64.47175296998576,26.23320830636781,10.622585724580953,82.62589503524887,115524.96721327916,102103.11314907117,57.76248360663958,51.05155657453559,0,0.0,1.0,1796,204,0.898,2000,3.64815354347229,16.653812306424022,16.496285838174746,11.00978114384607,20.420147929429863,57.533853666853766,53.36541684191541,39.99492600078378,0
Sinan,synthetic_random,24.39489792064453,45.232393414682306,64.47175296998576,26.23320830636781,10.622585724580953,82.62589503524887,115524.96721327916,102103.11314907117,57.76248360663958,51.05155657453559,0,0.0,1.0,1796,204,0.898,2000,3.572986125946045,16.653812306424022,16.496285838174746,11.00978114384607,20.420147929429863,57.533853666853766,53.36541684191541,39.99492600078378,1
Sinan,synthetic_random,24.39489792064453,45.232393414682306,64.47175296998576,26.23320830636781,10.622585724580953,82.62589503524887,115524.96721327916,102103.11314907117,57.76248360663958,51.05155657453559,0,0.0,1.0,1796,204,0.898,2000,3.614565372467041,16.653812306424022,16.496285838174746,11.00978114384607,20.420147929429863,57.533853666853766,53.36541684191541,39.99492600078378,2
Sinan,synthetic_random,24.39489792064453,45.232393414682306,64.47175296998576,26.23320830636781,10.622585724580953,82.62589503524887,115524.96721327916,102103.11314907117,57.76248360663958,51.05155657453559,0,0.0,1.0,1796,204,0.898,2000,3.6437623500823975,16.653812306424022,16.496285838174746,11.00978114384607,20.420147929429863,57.533853666853766,53.36541684191541,39.99492600078378,3
Sinan,synthetic_random,24.39489792064453,45.232393414682306,64.47175296998576,26.23320830636781,10.622585724580953,82.62589503524887,115524.96721327916,102103.11314907117,57.76248360663958,51.05155657453559,0,0.0,1.0,1796,204,0.898,2000,3.6422460079193115,16.653812306424022,16.496285838174746,11.00978114384607,20.420147929429863,57.533853666853766,53.36541684191541,39.99492600078378,4
Fifer,azure_trace_day_01,9.188771114952976,36.647630466898725,47.010606410133846,13.505351185653037,12.258536429118433,81.6527106546124,63016.53560438339,53060.91349807757,31.508267802191696,26.530456749038784,0,0.0,1.0,737,1263,0.3685,2000,7.232764005661011,0.42468396499256034,0.09531555090718731,0.0,0.0,48.54956965236571,32.740783470915396,6.441244261147569,0
Fifer,azure_trace_day_01,9.188771114952976,36.647630466898725,47.010606410133846,13.505351185653037,12.258536429118433,81.6527106546124,63016.53560438339,53060.91349807757,31.508267802191696,26.530456749038784,0,0.0,1.0,737,1263,0.3685,2000,7.372904539108276,0.42468396499256034,0.09531555090718731,0.0,0.0,48.54956965236571,32.740783470915396,6.441244261147569,1
Fifer,azure_trace_day_01,9.188771114952976,36.647630466898725,47.010606410133846,13.505351185653037,12.258536429118433,81.6527106546124,63016.53560438339,53060.91349807757,31.508267802191696,26.530456749038784,0,0.0,1.0,737,1263,0.3685,2000,7.289094924926758,0.42468396499256034,0.09531555090718731,0.0,0.0,48.54956965236571,32.740783470915396,6.441244261147569,2
Fifer,azure_trace_day_01,9.188771114952976,36.647630466898725,47.010606410133846,13.505351185653037,12.258536429118433,81.6527106546124,63016.53560438339,53060.91349807757,31.508267802191696,26.530456749038784,0,0.0,1.0,737,1263,0.3685,2000,7.360349178314209,0.42468396499256034,0.09531555090718731,0.0,0.0,48.54956965236571,32.740783470915396,6.441244261147569,3
Fifer,azure_trace_day_01,9.188771114952976,36.647630466898725,47.010606410133846,13.505351185653037,12.258536429118433,81.6527106546124,63016.53560438339,53060.91349807757,31.508267802191696,26.530456749038784,0,0.0,1.0,737,1263,0.3685,2000,7.303543567657471,0.42468396499256034,0.09531555090718731,0.0,0.0,48.54956965236571,32.740783470915396,6.441244261147569,4
Fifer,azure_trace_day_02,9.10662742981927,39.021484104328046,54.758827658719056,13.934869738967292,13.159352314173924,85.21020816309041,62798.18014260517,52920.02814983538,31.399090071302584,26.46001407491769,0,0.0,1.0,741,1259,0.3705,2000,7.37698221206665,0.5530294960118789,0.2220604788721073,0.1179115100055771,0.0,50.72940226717183,33.44253648987969,7.071741177343665,0
Fifer,azure_trace_day_02,9.10662742981927,39.021484104328046,54.758827658719056,13.934869738967292,13.159352314173924,85.21020816309041,62798.18014260517,52920.02814983538,31.399090071302584,26.46001407491769,0,0.0,1.0,741,1259,0.3705,2000,7.352230787277222,0.5530294960118789,0.2220604788721073,0.1179115100055771,0.0,50.72940226717183,33.44253648987969,7.071741177343665,1
Fifer,azure_trace_day_02,9.10662742981927,39.021484104328046,54.758827658719056,13.934869738967292,13.159352314173924,85.21020816309041,62798.18014260517,52920.02814983538,31.399090071302584,26.46001407491769,0,0.0,1.0,741,1259,0.3705,2000,7.415909767150879,0.5530294960118789,0.2220604788721073,0.1179115100055771,0.0,50.72940226717183,33.44253648987969,7.071741177343665,2
Fifer,azure_trace_day_02,9.10662742981927,39.021484104328046,54.758827658719056,13.934869738967292,13.159352314173924,85.21020816309041,62798.18014260517,52920.02814983538,31.399090071302584,26.46001407491769,0,0.0,1.0,741,1259,0.3705,2000,7.332851409912109,0.5530294960118789,0.2220604788721073,0.1179115100055771,0.0,50.72940226717183,33.44253648987969,7.071741177343665,3
Fifer,azure_trace_day_02,9.10662742981927,39.021484104328046,54.758827658719056,13.934869738967292,13.159352314173924,85.21020816309041,62798.18014260517,52920.02814983538,31.399090071302584,26.46001407491769,0,0.0,1.0,741,1259,0.3705,2000,7.297370910644531,0.5530294960118789,0.2220604788721073,0.1179115100055771,0.0,50.72940226717183,33.44253648987969,7.071741177343665,4
Fifer,azure_trace_day_03,7.986572051962293,35.6370725711435,46.0317070488372,13.072441398480809,11.975294755507,80.64424485735584,62288.25658810619,52406.30671597099,31.144128294053093,26.203153357985496,0,0.0,1.0,727,1273,0.3635,2000,7.3384928703308105,0.09923047684061156,0.09923047684061156,0.0,0.0,48.12468617658946,31.567552339067433,5.94214715039994,0
Fifer,azure_trace_day_03,7.986572051962293,35.6370725711435,46.0317070488372,13.072441398480809,11.975294755507,80.64424485735584,62288.25658810619,52406.30671597099,31.144128294053093,26.203153357985496,0,0.0,1.0,727,1273,0.3635,2000,7.4006218910217285,0.09923047684061156,0.09923047684061156,0.0,0.0,48.12468617658946,31.567552339067433,5.94214715039994,1
Fifer,azure_trace_day_03,7.986572051962293,35.6370725711435,46.0317070488372,13.072441398480809,11.975294755507,80.64424485735584,62288.25658810619,52406.30671597099,31.144128294053093,26.203153357985496,0,0.0,1.0,727,1273,0.3635,2000,7.338528156280518,0.09923047684061156,0.09923047684061156,0.0,0.0,48.12468617658946,31.567552339067433,5.94214715039994,2
Fifer,azure_trace_day_03,7.986572051962293,35.6370725711435,46.0317070488372,13.072441398480809,11.975294755507,80.64424485735584,62288.25658810619,52406.30671597099,31.144128294053093,26.203153357985496,0,0.0,1.0,727,1273,0.3635,2000,7.704099178314209,0.09923047684061156,0.09923047684061156,0.0,0.0,48.12468617658946,31.567552339067433,5.94214715039994,3
Fifer,azure_trace_day_03,7.986572051962293,35.6370725711435,46.0317070488372,13.072441398480809,11.975294755507,80.64424485735584,62288.25658810619,52406.30671597099,31.144128294053093,26.203153357985496,0,0.0,1.0,727,1273,0.3635,2000,7.9989378452301025,0.09923047684061156,0.09923047684061156,0.0,0.0,48.12468617658946,31.567552339067433,5.94214715039994,4
Fifer,synthetic_chain,31.81233720191301,67.92462430656543,85.34066155284849,36.40794773945793,15.583596816528454,86.16041395215183,139509.39478164862,120496.10578278074,69.7546973908243,60.24805289139037,2,0.001,0.999,1953,47,0.9765,2000,7.697689533233643,8.388094119374683,2.294722643056872,1.0423224035302592,0.49567669874419396,86.65468401030924,77.16460106312438,48.665344572521384,0
Fifer,synthetic_chain,31.81233720191301,67.92462430656543,85.34066155284849,36.40794773945793,15.583596816528454,86.16041395215183,139509.39478164862,120496.10578278074,69.7546973908243,60.24805289139037,2,0.001,0.999,1953,47,0.9765,2000,7.635830402374268,8.388094119374683,2.294722643056872,1.0423224035302592,0.49567669874419396,86.65468401030924,77.16460106312438,48.665344572521384,1
Fifer,synthetic_chain,31.81233720191301,67.92462430656543,85.34066155284849,36.40794773945793,15.583596816528454,86.16041395215183,139509.39478164862,120496.10578278074,69.7546973908243,60.24805289139037,2,0.001,0.999,1953,47,0.9765,2000,7.3279101848602295,8.388094119374683,2.294722643056872,1.0423224035302592,0.49567669874419396,86.65468401030924,77.16460106312438,48.665344572521384,2
Fifer,synthetic_chain,31.81233720191301,67.92462430656543,85.34066155284849,36.40794773945793,15.583596816528454,86.16041395215183,139509.39478164862,120496.10578278074,69.7546973908243,60.24805289139037,2,0.001,0.999,1953,47,0.9765,2000,7.720301389694214,8.388094119374683,2.294722643056872,1.0423224035302592,0.49567669874419396,86.65468401030924,77.16460106312438,48.665344572521384,3
Fifer,synthetic_chain,31.81233720191301,67.92462430656543,85.34066155284849,36.40794773945793,15.583596816528454,86.16041395215183,139509.39478164862,120496.10578278074,69.7546973908243,60.24805289139037,2,0.001,0.999,1953,47,0.9765,2000,7.002920150756836,8.388094119374683,2.294722643056872,1.0423224035302592,0.49567669874419396,86.65468401030924,77.16460106312438,48.665344572521384,4
Fifer,synthetic_diamond,29.653398604787995,66.29914884672232,84.38380405380215,33.59165396393053,17.129352823606553,81.90600388065292,133418.93550366824,115090.61820649212,66.70946775183413,57.545309103246055,8,0.004,0.996,1823,177,0.9115,2000,7.158218145370483,6.361351563380911,2.26248322841355,1.209157871125538,0.47150279502225034,81.51855224390022,68.60137052293145,42.8631643486816,0
Fifer,synthetic_diamond,29.653398604787995,66.29914884672232,84.38380405380215,33.59165396393053,17.129352823606553,81.90600388065292,133418.93550366824,115090.61820649212,66.70946775183413,57.545309103246055,8,0.004,0.996,1823,177,0.9115,2000,7.012924909591675,6.361351563380911,2.26248322841355,1.209157871125538,0.47150279502225034,81.51855224390022,68.60137052293145,42.8631643486816,1
Fifer,synthetic_diamond,29.653398604787995,66.29914884672232,84.38380405380215,33.59165396393053,17.129352823606553,81.90600388065292,133418.93550366824,115090.61820649212,66.70946775183413,57.545309103246055,8,0.004,0.996,1823,177,0.9115,2000,7.095278978347778,6.361351563380911,2.26248322841355,1.209157871125538,0.47150279502225034,81.51855224390022,68.60137052293145,42.8631643486816,2
Fifer,synthetic_diamond,29.653398604787995,66.29914884672232,84.38380405380215,33.59165396393053,17.129352823606553,81.90600388065292,133418.93550366824,115090.61820649212,66.70946775183413,57.545309103246055,8,0.004,0.996,1823,177,0.9115,2000,7.161921262741089,6.361351563380911,2.26248322841355,1.209157871125538,0.47150279502225034,81.51855224390022,68.60137052293145,42.8631643486816,3
Fifer,synthetic_diamond,29.653398604787995,66.29914884672232,84.38380405380215,33.59165396393053,17.129352823606553,81.90600388065292,133418.93550366824,115090.61820649212,66.70946775183413,57.545309103246055,8,0.004,0.996,1823,177,0.9115,2000,7.322200536727905,6.361351563380911,2.26248322841355,1.209157871125538,0.47150279502225034,81.51855224390022,68.60137052293145,42.8631643486816,4
Fifer,synthetic_fork_join,29.914352468951133,65.21622048640339,84.87323258897493,34.68918406763936,15.227373644855351,80.56431011680833,140220.35565988626,120869.47473383667,70.11017782994313,60.434737366918334,6,0.003,0.997,1962,38,0.981,2000,7.270888805389404,4.614615884701434,0.929641822848401,0.4355147154865542,0.2836058695159882,85.14653229144044,70.75250490452947,45.43866051157499,0
Fifer,synthetic_fork_join,29.914352468951133,65.21622048640339,84.87323258897493,34.68918406763936,15.227373644855351,80.56431011680833,140220.35565988626,120869.47473383667,70.11017782994313,60.434737366918334,6,0.003,0.997,1962,38,0.981,2000,7.31726598739624,4.614615884701434,0.929641822848401,0.4355147154865542,0.2836058695159882,85.14653229144044,70.75250490452947,45.43866051157499,1
Fifer,synthetic_fork_join,29.914352468951133,65.21622048640339,84.87323258897493,34.68918406763936,15.227373644855351,80.56431011680833,140220.35565988626,120869.47473383667,70.11017782994313,60.434737366918334,6,0.003,0.997,1962,38,0.981,2000,7.25522255897522,4.614615884701434,0.929641822848401,0.4355147154865542,0.2836058695159882,85.14653229144044,70.75250490452947,45.43866051157499,2
Fifer,synthetic_fork_join,29.914352468951133,65.21622048640339,84.87323258897493,34.68918406763936,15.227373644855351,80.56431011680833,140220.35565988626,120869.47473383667,70.11017782994313,60.434737366918334,6,0.003,0.997,1962,38,0.981,2000,7.333027601242065,4.614615884701434,0.929641822848401,0.4355147154865542,0.2836058695159882,85.14653229144044,70.75250490452947,45.43866051157499,3
Fifer,synthetic_fork_join,29.914352468951133,65.21622048640339,84.87323258897493,34.68918406763936,15.227373644855351,80.56431011680833,140220.35565988626,120869.47473383667,70.11017782994313,60.434737366918334,6,0.003,0.997,1962,38,0.981,2000,7.305431127548218,4.614615884701434,0.929641822848401,0.4355147154865542,0.2836058695159882,85.14653229144044,70.75250490452947,45.43866051157499,4
Fifer,synthetic_random,28.62608715631243,61.89160036491641,81.47271862014365,32.69166582521034,15.552135006112774,82.62589503524887,134178.43924584266,115566.9244877672,67.08921962292133,57.7834622438836,6,0.003,0.997,1819,181,0.9095,2000,7.344789266586304,5.540701375545891,2.113218582370692,0.6721193503066837,0.21946536896812782,84.20167223824959,69.57763424652573,42.22362886225539,0
Fifer,synthetic_random,28.62608715631243,61.89160036491641,81.47271862014365,32.69166582521034,15.552135006112774,82.62589503524887,134178.43924584266,115566.9244877672,67.08921962292133,57.7834622438836,6,0.003,0.997,1819,181,0.9095,2000,7.099295377731323,5.540701375545891,2.113218582370692,0.6721193503066837,0.21946536896812782,84.20167223824959,69.57763424652573,42.22362886225539,1
Fifer,synthetic_random,28.62608715631243,61.89160036491641,81.47271862014365,32.69166582521034,15.552135006112774,82.62589503524887,134178.43924584266,115566.9244877672,67.08921962292133,57.7834622438836,6,0.003,0.997,1819,181,0.9095,2000,7.108595609664917,5.540701375545891,2.113218582370692,0.6721193503066837,0.21946536896812782,84.20167223824959,69.57763424652573,42.22362886225539,2
Fifer,synthetic_random,28.62608715631243,61.89160036491641,81.47271862014365,32.69166582521034,15.552135006112774,82.62589503524887,134178.43924584266,115566.9244877672,67.08921962292133,57.7834622438836,6,0.003,0.997,1819,181,0.9095,2000,7.386271715164185,5.540701375545891,2.113218582370692,0.6721193503066837,0.21946536896812782,84.20167223824959,69.57763424652573,42.22362886225539,3
Fifer,synthetic_random,28.62608715631243,61.89160036491641,81.47271862014365,32.69166582521034,15.552135006112774,82.62589503524887,134178.43924584266,115566.9244877672,67.08921962292133,57.7834622438836,6,0.003,0.997,1819,181,0.9095,2000,7.243454694747925,5.540701375545891,2.113218582370692,0.6721193503066837,0.21946536896812782,84.20167223824959,69.57763424652573,42.22362886225539,4
X-FaaS,azure_trace_day_01,7.707007836248891,28.969025538398974,41.24101769895848,12.2163905646586,10.496038472995854,81.6527106546124,56551.102090316694,48762.750800765876,28.27555104515835,24.38137540038294,0,0.0,1.0,647,1353,0.3235,2000,4.865206956863403,0.6042750662840777,0.09531555090718731,0.0,0.0,34.5995415896132,28.994457842602074,19.69797494758268,0
X-FaaS,azure_trace_day_01,7.707007836248891,28.969025538398974,41.24101769895848,12.2163905646586,10.496038472995854,81.6527106546124,56551.102090316694,48762.750800765876,28.27555104515835,24.38137540038294,0,0.0,1.0,647,1353,0.3235,2000,4.926929235458374,0.6042750662840777,0.09531555090718731,0.0,0.0,34.5995415896132,28.994457842602074,19.69797494758268,1
X-FaaS,azure_trace_day_01,7.707007836248891,28.969025538398974,41.24101769895848,12.2163905646586,10.496038472995854,81.6527106546124,56551.102090316694,48762.750800765876,28.27555104515835,24.38137540038294,0,0.0,1.0,647,1353,0.3235,2000,4.822298765182495,0.6042750662840777,0.09531555090718731,0.0,0.0,34.5995415896132,28.994457842602074,19.69797494758268,2
X-FaaS,azure_trace_day_01,7.707007836248891,28.969025538398974,41.24101769895848,12.2163905646586,10.496038472995854,81.6527106546124,56551.102090316694,48762.750800765876,28.27555104515835,24.38137540038294,0,0.0,1.0,647,1353,0.3235,2000,4.791126251220703,0.6042750662840777,0.09531555090718731,0.0,0.0,34.5995415896132,28.994457842602074,19.69797494758268,3
X-FaaS,azure_trace_day_01,7.707007836248891,28.969025538398974,41.24101769895848,12.2163905646586,10.496038472995854,81.6527106546124,56551.102090316694,48762.750800765876,28.27555104515835,24.38137540038294,0,0.0,1.0,647,1353,0.3235,2000,4.8413591384887695,0.6042750662840777,0.09531555090718731,0.0,0.0,34.5995415896132,28.994457842602074,19.69797494758268,4
X-FaaS,azure_trace_day_02,7.412138834549609,29.434703102673154,45.432294976740145,12.44424921394447,11.092144546332738,85.21020816309041,56977.058607849845,49308.57794170803,28.488529303924924,24.65428897085401,0,0.0,1.0,664,1336,0.332,2000,4.841227769851685,1.0586191365773883,0.36644626423227467,0.0,0.0,36.48518512827906,28.8580982573771,22.64821783349834,0
X-FaaS,azure_trace_day_02,7.412138834549609,29.434703102673154,45.432294976740145,12.44424921394447,11.092144546332738,85.21020816309041,56977.058607849845,49308.57794170803,28.488529303924924,24.65428897085401,0,0.0,1.0,664,1336,0.332,2000,4.821502208709717,1.0586191365773883,0.36644626423227467,0.0,0.0,36.48518512827906,28.8580982573771,22.64821783349834,1
X-FaaS,azure_trace_day_02,7.412138834549609,29.434703102673154,45.432294976740145,12.44424921394447,11.092144546332738,85.21020816309041,56977.058607849845,49308.57794170803,28.488529303924924,24.65428897085401,0,0.0,1.0,664,1336,0.332,2000,4.8638083934783936,1.0586191365773883,0.36644626423227467,0.0,0.0,36.48518512827906,28.8580982573771,22.64821783349834,2
X-FaaS,azure_trace_day_02,7.412138834549609,29.434703102673154,45.432294976740145,12.44424921394447,11.092144546332738,85.21020816309041,56977.058607849845,49308.57794170803,28.488529303924924,24.65428897085401,0,0.0,1.0,664,1336,0.332,2000,4.832725286483765,1.0586191365773883,0.36644626423227467,0.0,0.0,36.48518512827906,28.8580982573771,22.64821783349834,3
X-FaaS,azure_trace_day_02,7.412138834549609,29.434703102673154,45.432294976740145,12.44424921394447,11.092144546332738,85.21020816309041,56977.058607849845,49308.57794170803,28.488529303924924,24.65428897085401,0,0.0,1.0,664,1336,0.332,2000,4.8220789432525635,1.0586191365773883,0.36644626423227467,0.0,0.0,36.48518512827906,28.8580982573771,22.64821783349834,4
X-FaaS,azure_trace_day_03,6.353769754316119,28.673820157837845,41.421421115890944,11.791716547788022,10.221101105694874,80.64424485735584,56229.9381110399,48399.41954840628,28.11496905551995,24.19970977420314,0,0.0,1.0,642,1358,0.321,2000,4.85077166557312,0.29030207310765627,0.12218645460251366,0.0,0.0,37.08463585119694,26.06398978131217,18.436339720897664,0
X-FaaS,azure_trace_day_03,6.353769754316119,28.673820157837845,41.421421115890944,11.791716547788022,10.221101105694874,80.64424485735584,56229.9381110399,48399.41954840628,28.11496905551995,24.19970977420314,0,0.0,1.0,642,1358,0.321,2000,4.848126411437988,0.29030207310765627,0.12218645460251366,0.0,0.0,37.08463585119694,26.06398978131217,18.436339720897664,1
X-FaaS,azure_trace_day_03,6.353769754316119,28.673820157837845,41.421421115890944,11.791716547788022,10.221101105694874,80.64424485735584,56229.9381110399,48399.41954840628,28.11496905551995,24.19970977420314,0,0.0,1.0,642,1358,0.321,2000,4.830935955047607,0.29030207310765627,0.12218645460251366,0.0,0.0,37.08463585119694,26.06398978131217,18.436339720897664,2
X-FaaS,azure_trace_day_03,6.353769754316119,28.673820157837845,41.421421115890944,11.791716547788022,10.221101105694874,80.64424485735584,56229.9381110399,48399.41954840628,28.11496905551995,24.19970977420314,0,0.0,1.0,642,1358,0.321,2000,4.847704887390137,0.29030207310765627,0.12218645460251366,0.0,0.0,37.08463585119694,26.06398978131217,18.436339720897664,3
X-FaaS,azure_trace_day_03,6.353769754316119,28.673820157837845,41.421421115890944,11.791716547788022,10.221101105694874,80.64424485735584,56229.9381110399,48399.41954840628,28.11496905551995,24.19970977420314,0,0.0,1.0,642,1358,0.321,2000,4.810083866119385,0.29030207310765627,0.12218645460251366,0.0,0.0,37.08463585119694,26.06398978131217,18.436339720897664,4
X-FaaS,synthetic_chain,28.267311025869546,57.5697496555803,78.67450214986398,32.12895454470347,13.590131137209067,86.16092102289872,116425.15008572447,102968.02352453016,58.212575042862234,51.48401176226508,3,0.0015,0.9985,1719,281,0.8595,2000,3.60719633102417,40.6244845572069,0.0,0.0,0.0,56.8295438644048,59.11829801901608,56.54844893664558,0
X-FaaS,synthetic_chain,28.267311025869546,57.5697496555803,78.67450214986398,32.12895454470347,13.590131137209067,86.16092102289872,116425.15008572447,102968.02352453016,58.212575042862234,51.48401176226508,3,0.0015,0.9985,1719,281,0.8595,2000,3.6443283557891846,40.6244845572069,0.0,0.0,0.0,56.8295438644048,59.11829801901608,56.54844893664558,1
X-FaaS,synthetic_chain,28.267311025869546,57.5697496555803,78.67450214986398,32.12895454470347,13.590131137209067,86.16092102289872,116425.15008572447,102968.02352453016,58.212575042862234,51.48401176226508,3,0.0015,0.9985,1719,281,0.8595,2000,3.6406588554382324,40.6244845572069,0.0,0.0,0.0,56.8295438644048,59.11829801901608,56.54844893664558,2
X-FaaS,synthetic_chain,28.267311025869546,57.5697496555803,78.67450214986398,32.12895454470347,13.590131137209067,86.16092102289872,116425.15008572447,102968.02352453016,58.212575042862234,51.48401176226508,3,0.0015,0.9985,1719,281,0.8595,2000,3.6434061527252197,40.6244845572069,0.0,0.0,0.0,56.8295438644048,59.11829801901608,56.54844893664558,3
X-FaaS,synthetic_chain,28.267311025869546,57.5697496555803,78.67450214986398,32.12895454470347,13.590131137209067,86.16092102289872,116425.15008572447,102968.02352453016,58.212575042862234,51.48401176226508,3,0.0015,0.9985,1719,281,0.8595,2000,3.674137830734253,40.6244845572069,0.0,0.0,0.0,56.8295438644048,59.11829801901608,56.54844893664558,4
X-FaaS,synthetic_diamond,30.54112282859789,74.8181156527175,98.60525444733834,35.58172634938861,22.114603356394134,81.96059316581646,99497.26873303653,87165.70836986562,49.74863436651827,43.58285418493281,17,0.0085,0.9915,1359,641,0.6795,2000,3.863724708557129,25.990574736677303,7.481851527141199,10.755554510860158,0.12816415436089665,42.51859164166354,58.55160856089129,30.08800632510563,0
X-FaaS,synthetic_diamond,30.54112282859789,74.8181156527175,98.60525444733834,35.58172634938861,22.114603356394134,81.96059316581646,99497.26873303653,87165.70836986562,49.74863436651827,43.58285418493281,17,0.0085,0.9915,1359,641,0.6795,2000,3.8419384956359863,25.990574736677303,7.481851527141199,10.755554510860158,0.12816415436089665,42.51859164166354,58.55160856089129,30.08800632510563,1
X-FaaS,synthetic_diamond,30.54112282859789,74.8181156527175,98.60525444733834,35.58172634938861,22.114603356394134,81.96059316581646,99497.26873303653,87165.70836986562,49.74863436651827,43.58285418493281,17,0.0085,0.9915,1359,641,0.6795,2000,3.7951126098632812,25.990574736677303,7.481851527141199,10.755554510860158,0.12816415436089665,42.51859164166354,58.55160856089129,30.08800632510563,2
X-FaaS,synthetic_diamond,30.54112282859789,74.8181156527175,98.60525444733834,35.58172634938861,22.114603356394134,81.96059316581646,99497.26873303653,87165.70836986562,49.74863436651827,43.58285418493281,17,0.0085,0.9915,1359,641,0.6795,2000,3.855139970779419,25.990574736677303,7.481851527141199,10.755554510860158,0.12816415436089665,42.51859164166354,58.55160856089129,30.08800632510563,3
X-FaaS,synthetic_diamond,30.54112282859789,74.8181156527175,98.60525444733834,35.58172634938861,22.114603356394134,81.96059316581646,99497.26873303653,87165.70836986562,49.74863436651827,43.58285418493281,17,0.0085,0.9915,1359,641,0.6795,2000,3.872713804244995,25.990574736677303,7.481851527141199,10.755554510860158,0.12816415436089665,42.51859164166354,58.55160856089129,30.08800632510563,4
X-FaaS,synthetic_fork_join,27.73513220992463,53.38377931068558,72.06792830669906,30.829003921500288,12.676480987263153,80.55852146789047,114624.92180267652,101143.87422919375,57.312460901338255,50.57193711459688,6,0.003,0.997,1659,341,0.8295,2000,3.6280717849731445,30.747720704775578,0.10662635158969819,0.13813665821042015,0.0,51.489835622891974,57.111490412916154,52.452124683904465,0
X-FaaS,synthetic_fork_join,27.73513220992463,53.38377931068558,72.06792830669906,30.829003921500288,12.676480987263153,80.55852146789047,114624.92180267652,101143.87422919375,57.312460901338255,50.57193711459688,6,0.003,0.997,1659,341,0.8295,2000,3.620180606842041,30.747720704775578,0.10662635158969819,0.13813665821042015,0.0,51.489835622891974,57.111490412916154,52.452124683904465,1
X-FaaS,synthetic_fork_join,27.73513220992463,53.38377931068558,72.06792830669906,30.829003921500288,12.676480987263153,80.55852146789047,114624.92180267652,101143.87422919375,57.312460901338255,50.57193711459688,6,0.003,0.997,1659,341,0.8295,2000,3.6709494590759277,30.747720704775578,0.10662635158969819,0.13813665821042015,0.0,51.489835622891974,57.111490412916154,52.452124683904465,2
X-FaaS,synthetic_fork_join,27.73513220992463,53.38377931068558,72.06792830669906,30.829003921500288,12.676480987263153,80.55852146789047,114624.92180267652,101143.87422919375,57.312460901338255,50.57193711459688,6,0.003,0.997,1659,341,0.8295,2000,3.6538121700286865,30.747720704775578,0.10662635158969819,0.13813665821042015,0.0,51.489835622891974,57.111490412916154,52.452124683904465,3
X-FaaS,synthetic_fork_join,27.73513220992463,53.38377931068558,72.06792830669906,30.829003921500288,12.676480987263153,80.55852146789047,114624.92180267652,101143.87422919375,57.312460901338255,50.57193711459688,6,0.003,0.997,1659,341,0.8295,2000,3.630627155303955,30.747720704775578,0.10662635158969819,0.13813665821042015,0.0,51.489835622891974,57.111490412916154,52.452124683904465,4
X-FaaS,synthetic_random,22.642400604832247,58.31067326151497,78.82180055324291,25.13150490196082,17.153524715990578,82.60759448802742,89275.90030759471,78586.91114802237,44.637950153797355,39.29345557401118,3,0.0015,0.9985,1033,967,0.5165,2000,3.717495918273926,12.26718651238926,12.762799388746405,0.0,0.0,44.11823746636117,44.180930731726185,39.40793900638464,0
X-FaaS,synthetic_random,22.642400604832247,58.31067326151497,78.82180055324291,25.13150490196082,17.153524715990578,82.60759448802742,89275.90030759471,78586.91114802237,44.637950153797355,39.29345557401118,3,0.0015,0.9985,1033,967,0.5165,2000,3.7439322471618652,12.26718651238926,12.762799388746405,0.0,0.0,44.11823746636117,44.180930731726185,39.40793900638464,1
X-FaaS,synthetic_random,22.642400604832247,58.31067326151497,78.82180055324291,25.13150490196082,17.153524715990578,82.60759448802742,89275.90030759471,78586.91114802237,44.637950153797355,39.29345557401118,3,0.0015,0.9985,1033,967,0.5165,2000,3.729430913925171,12.26718651238926,12.762799388746405,0.0,0.0,44.11823746636117,44.180930731726185,39.40793900638464,2
X-FaaS,synthetic_random,22.642400604832247,58.31067326151497,78.82180055324291,25.13150490196082,17.153524715990578,82.60759448802742,89275.90030759471,78586.91114802237,44.637950153797355,39.29345557401118,3,0.0015,0.9985,1033,967,0.5165,2000,3.7173280715942383,12.26718651238926,12.762799388746405,0.0,0.0,44.11823746636117,44.180930731726185,39.40793900638464,3
X-FaaS,synthetic_random,22.642400604832247,58.31067326151497,78.82180055324291,25.13150490196082,17.153524715990578,82.60759448802742,89275.90030759471,78586.91114802237,44.637950153797355,39.29345557401118,3,0.0015,0.9985,1033,967,0.5165,2000,3.7065441608428955,12.26718651238926,12.762799388746405,0.0,0.0,44.11823746636117,44.180930731726185,39.40793900638464,4
FIRM,azure_trace_day_01,11.83841906878591,26.639591634697222,28.969025538398974,14.11132411225856,9.912882277043677,81.6527106546124,59162.7809836471,52976.62182470669,29.581390491823548,26.488310912353345,0,0.0,1.0,994,1006,0.497,2000,7.345600128173828,9.685147475635018,9.46476316569513,9.921002626789935,10.279796320809327,25.479345486776744,25.032320900054216,25.327181554786684,0
FIRM,azure_trace_day_01,11.83841906878591,26.639591634697222,28.969025538398974,14.11132411225856,9.912882277043677,81.6527106546124,59162.7809836471,52976.62182470669,29.581390491823548,26.488310912353345,0,0.0,1.0,994,1006,0.497,2000,7.318159341812134,9.685147475635018,9.46476316569513,9.921002626789935,10.279796320809327,25.479345486776744,25.032320900054216,25.327181554786684,1
FIRM,azure_trace_day_01,11.83841906878591,26.639591634697222,28.969025538398974,14.11132411225856,9.912882277043677,81.6527106546124,59162.7809836471,52976.62182470669,29.581390491823548,26.488310912353345,0,0.0,1.0,994,1006,0.497,2000,7.366615295410156,9.685147475635018,9.46476316569513,9.921002626789935,10.279796320809327,25.479345486776744,25.032320900054216,25.327181554786684,2
FIRM,azure_trace_day_01,11.83841906878591,26.639591634697222,28.969025538398974,14.11132411225856,9.912882277043677,81.6527106546124,59162.7809836471,52976.62182470669,29.581390491823548,26.488310912353345,0,0.0,1.0,994,1006,0.497,2000,7.273715257644653,9.685147475635018,9.46476316569513,9.921002626789935,10.279796320809327,25.479345486776744,25.032320900054216,25.327181554786684,3
FIRM,azure_trace_day_01,11.83841906878591,26.639591634697222,28.969025538398974,14.11132411225856,9.912882277043677,81.6527106546124,59162.7809836471,52976.62182470669,29.581390491823548,26.488310912353345,0,0.0,1.0,994,1006,0.497,2000,7.353968381881714,9.685147475635018,9.46476316569513,9.921002626789935,10.279796320809327,25.479345486776744,25.032320900054216,25.327181554786684,4
FIRM,azure_trace_day_02,10.56872715124868,26.973851535116687,29.050600080378743,13.698231073352769,9.898769346432552,85.21020816309041,57970.030671951325,51833.26228066215,28.985015335975664,25.916631140331077,0,0.0,1.0,955,1045,0.4775,2000,7.2580649852752686,9.771709686589645,9.381845559139686,9.812749411074721,9.748893687189117,26.10062414499118,26.190907062049014,25.69606353688549,0
FIRM,azure_trace_day_02,10.56872715124868,26.973851535116687,29.050600080378743,13.698231073352769,9.898769346432552,85.21020816309041,57970.030671951325,51833.26228066215,28.985015335975664,25.916631140331077,0,0.0,1.0,955,1045,0.4775,2000,7.316409349441528,9.771709686589645,9.381845559139686,9.812749411074721,9.748893687189117,26.10062414499118,26.190907062049014,25.69606353688549,1
FIRM,azure_trace_day_02,10.56872715124868,26.973851535116687,29.050600080378743,13.698231073352769,9.898769346432552,85.21020816309041,57970.030671951325,51833.26228066215,28.985015335975664,25.916631140331077,0,0.0,1.0,955,1045,0.4775,2000,7.261363506317139,9.771709686589645,9.381845559139686,9.812749411074721,9.748893687189117,26.10062414499118,26.190907062049014,25.69606353688549,2
FIRM,azure_trace_day_02,10.56872715124868,26.973851535116687,29.050600080378743,13.698231073352769,9.898769346432552,85.21020816309041,57970.030671951325,51833.26228066215,28.985015335975664,25.916631140331077,0,0.0,1.0,955,1045,0.4775,2000,7.3246259689331055,9.771709686589645,9.381845559139686,9.812749411074721,9.748893687189117,26.10062414499118,26.190907062049014,25.69606353688549,3
FIRM,azure_trace_day_02,10.56872715124868,26.973851535116687,29.050600080378743,13.698231073352769,9.898769346432552,85.21020816309041,57970.030671951325,51833.26228066215,28.985015335975664,25.916631140331077,0,0.0,1.0,955,1045,0.4775,2000,7.230370044708252,9.771709686589645,9.381845559139686,9.812749411074721,9.748893687189117,26.10062414499118,26.190907062049014,25.69606353688549,4
FIRM,azure_trace_day_03,11.923779008117918,26.636893158922703,28.934328706465333,14.018184657979862,9.89327031295668,80.64424485735584,59706.42232267208,53423.57045278713,29.853211161336038,26.711785226393562,0,0.0,1.0,997,1003,0.4985,2000,7.339465141296387,8.648680337202833,9.095656188299765,9.233886989891563,9.03757707979191,25.474955178251285,25.19262928149608,26.365206546441904,0
FIRM,azure_trace_day_03,11.923779008117918,26.636893158922703,28.934328706465333,14.018184657979862,9.89327031295668,80.64424485735584,59706.42232267208,53423.57045278713,29.853211161336038,26.711785226393562,0,0.0,1.0,997,1003,0.4985,2000,7.283886432647705,8.648680337202833,9.095656188299765,9.233886989891563,9.03757707979191,25.474955178251285,25.19262928149608,26.365206546441904,1
FIRM,azure_trace_day_03,11.923779008117918,26.636893158922703,28.934328706465333,14.018184657979862,9.89327031295668,80.64424485735584,59706.42232267208,53423.57045278713,29.853211161336038,26.711785226393562,0,0.0,1.0,997,1003,0.4985,2000,7.3462958335876465,8.648680337202833,9.095656188299765,9.233886989891563,9.03757707979191,25.474955178251285,25.19262928149608,26.365206546441904,2
FIRM,azure_trace_day_03,11.923779008117918,26.636893158922703,28.934328706465333,14.018184657979862,9.89327031295668,80.64424485735584,59706.42232267208,53423.57045278713,29.853211161336038,26.711785226393562,0,0.0,1.0,997,1003,0.4985,2000,7.216773509979248,8.648680337202833,9.095656188299765,9.233886989891563,9.03757707979191,25.474955178251285,25.19262928149608,26.365206546441904,3
FIRM,azure_trace_day_03,11.923779008117918,26.636893158922703,28.934328706465333,14.018184657979862,9.89327031295668,80.64424485735584,59706.42232267208,53423.57045278713,29.853211161336038,26.711785226393562,0,0.0,1.0,997,1003,0.4985,2000,7.306179046630859,8.648680337202833,9.095656188299765,9.233886989891563,9.03757707979191,25.474955178251285,25.19262928149608,26.365206546441904,4
FIRM,synthetic_chain,25.97087041014312,48.51967118597775,67.84213301958418,28.5707202968162,10.52274330730594,86.16041395215183,107585.0051252368,97268.51389141697,53.7925025626184,48.634256945708486,0,0.0,1.0,1911,89,0.9555,2000,7.163096904754639,29.101015777066337,28.633565164560178,27.866210443694982,28.703552500676548,45.691809991215024,43.19550553274954,41.25606918692334,0
FIRM,synthetic_chain,25.97087041014312,48.51967118597775,67.84213301958418,28.5707202968162,10.52274330730594,86.16041395215183,107585.0051252368,97268.51389141697,53.7925025626184,48.634256945708486,0,0.0,1.0,1911,89,0.9555,2000,7.291820526123047,29.101015777066337,28.633565164560178,27.866210443694982,28.703552500676548,45.691809991215024,43.19550553274954,41.25606918692334,1
FIRM,synthetic_chain,25.97087041014312,48.51967118597775,67.84213301958418,28.5707202968162,10.52274330730594,86.16041395215183,107585.0051252368,97268.51389141697,53.7925025626184,48.634256945708486,0,0.0,1.0,1911,89,0.9555,2000,7.120441436767578,29.101015777066337,28.633565164560178,27.866210443694982,28.703552500676548,45.691809991215024,43.19550553274954,41.25606918692334,2
FIRM,synthetic_chain,25.97087041014312,48.51967118597775,67.84213301958418,28.5707202968162,10.52274330730594,86.16041395215183,107585.0051252368,97268.51389141697,53.7925025626184,48.634256945708486,0,0.0,1.0,1911,89,0.9555,2000,7.2266411781311035,29.101015777066337,28.633565164560178,27.866210443694982,28.703552500676548,45.691809991215024,43.19550553274954,41.25606918692334,3
FIRM,synthetic_chain,25.97087041014312,48.51967118597775,67.84213301958418,28.5707202968162,10.52274330730594,86.16041395215183,107585.0051252368,97268.51389141697,53.7925025626184,48.634256945708486,0,0.0,1.0,1911,89,0.9555,2000,7.154414892196655,29.101015777066337,28.633565164560178,27.866210443694982,28.703552500676548,45.691809991215024,43.19550553274954,41.25606918692334,4
FIRM,synthetic_diamond,26.231313532644407,47.97044956603817,65.84089480043563,28.43014685691447,10.867999815866895,81.90600388065292,104437.42591332427,94818.70703591144,52.21871295666214,47.40935351795572,1,0.0005,0.9995,1887,113,0.9435,2000,7.2439165115356445,29.197051045045047,28.571038443707014,27.7483304073127,28.292231520319373,39.778813917787495,39.004268652240604,38.77235574031908,0
FIRM,synthetic_diamond,26.231313532644407,47.97044956603817,65.84089480043563,28.43014685691447,10.867999815866895,81.90600388065292,104437.42591332427,94818.70703591144,52.21871295666214,47.40935351795572,1,0.0005,0.9995,1887,113,0.9435,2000,7.162726640701294,29.197051045045047,28.571038443707014,27.7483304073127,28.292231520319373,39.778813917787495,39.004268652240604,38.77235574031908,1
FIRM,synthetic_diamond,26.231313532644407,47.97044956603817,65.84089480043563,28.43014685691447,10.867999815866895,81.90600388065292,104437.42591332427,94818.70703591144,52.21871295666214,47.40935351795572,1,0.0005,0.9995,1887,113,0.9435,2000,7.274811267852783,29.197051045045047,28.571038443707014,27.7483304073127,28.292231520319373,39.778813917787495,39.004268652240604,38.77235574031908,2
FIRM,synthetic_diamond,26.231313532644407,47.97044956603817,65.84089480043563,28.43014685691447,10.867999815866895,81.90600388065292,104437.42591332427,94818.70703591144,52.21871295666214,47.40935351795572,1,0.0005,0.9995,1887,113,0.9435,2000,7.261755704879761,29.197051045045047,28.571038443707014,27.7483304073127,28.292231520319373,39.778813917787495,39.004268652240604,38.77235574031908,3
FIRM,synthetic_diamond,26.231313532644407,47.97044956603817,65.84089480043563,28.43014685691447,10.867999815866895,81.90600388065292,104437.42591332427,94818.70703591144,52.21871295666214,47.40935351795572,1,0.0005,0.9995,1887,113,0.9435,2000,7.31731104850769,29.197051045045047,28.571038443707014,27.7483304073127,28.292231520319373,39.778813917787495,39.004268652240604,38.77235574031908,4
FIRM,synthetic_fork_join,25.7316109147121,47.48566509327654,63.65426636854774,28.102277533199107,10.137155378144545,80.63169508247636,106339.18646956775,96120.44754666627,53.169593234783875,48.060223773333135,0,0.0,1.0,1910,90,0.955,2000,7.15692663192749,26.748277962267313,27.208253620747726,25.996818298237834,25.86915058140938,41.062210222405284,41.333213873477916,37.85333509316347,0
FIRM,synthetic_fork_join,25.7316109147121,47.48566509327654,63.65426636854774,28.102277533199107,10.137155378144545,80.63169508247636,106339.18646956775,96120.44754666627,53.169593234783875,48.060223773333135,0,0.0,1.0,1910,90,0.955,2000,7.265488386154175,26.748277962267313,27.208253620747726,25.996818298237834,25.86915058140938,41.062210222405284,41.333213873477916,37.85333509316347,1
FIRM,synthetic_fork_join,25.7316109147121,47.48566509327654,63.65426636854774,28.102277533199107,10.137155378144545,80.63169508247636,106339.18646956775,96120.44754666627,53.169593234783875,48.060223773333135,0,0.0,1.0,1910,90,0.955,2000,7.166629791259766,26.748277962267313,27.208253620747726,25.996818298237834,25.86915058140938,41.062210222405284,41.333213873477916,37.85333509316347,2
FIRM,synthetic_fork_join,25.7316109147121,47.48566509327654,63.65426636854774,28.102277533199107,10.137155378144545,80.63169508247636,106339.18646956775,96120.44754666627,53.169593234783875,48.060223773333135,0,0.0,1.0,1910,90,0.955,2000,7.268770694732666,26.748277962267313,27.208253620747726,25.996818298237834,25.86915058140938,41.062210222405284,41.333213873477916,37.85333509316347,3
FIRM,synthetic_fork_join,25.7316109147121,47.48566509327654,63.65426636854774,28.102277533199107,10.137155378144545,80.63169508247636,106339.18646956775,96120.44754666627,53.169593234783875,48.060223773333135,0,0.0,1.0,1910,90,0.955,2000,7.146696329116821,26.748277962267313,27.208253620747726,25.996818298237834,25.86915058140938,41.062210222405284,41.333213873477916,37.85333509316347,4
FIRM,synthetic_random,25.22705012091042,48.15036663085772,64.72035190526029,27.42459460399392,11.059950104126775,82.62589503524887,102881.04890198498,93060.61280156494,51.44052445099249,46.53030640078247,0,0.0,1.0,1794,206,0.897,2000,7.212814807891846,26.355401987758004,26.760496619640765,26.93554304179388,26.40553127324211,39.77204124741428,41.37019099595478,37.57413386602203,0
FIRM,synthetic_random,25.22705012091042,48.15036663085772,64.72035190526029,27.42459460399392,11.059950104126775,82.62589503524887,102881.04890198498,93060.61280156494,51.44052445099249,46.53030640078247,0,0.0,1.0,1794,206,0.897,2000,7.172213077545166,26.355401987758004,26.760496619640765,26.93554304179388,26.40553127324211,39.77204124741428,41.37019099595478,37.57413386602203,1
FIRM,synthetic_random,25.22705012091042,48.15036663085772,64.72035190526029,27.42459460399392,11.059950104126775,82.62589503524887,102881.04890198498,93060.61280156494,51.44052445099249,46.53030640078247,0,0.0,1.0,1794,206,0.897,2000,7.256393909454346,26.355401987758004,26.760496619640765,26.93554304179388,26.40553127324211,39.77204124741428,41.37019099595478,37.57413386602203,2
FIRM,synthetic_random,25.22705012091042,48.15036663085772,64.72035190526029,27.42459460399392,11.059950104126775,82.62589503524887,102881.04890198498,93060.61280156494,51.44052445099249,46.53030640078247,0,0.0,1.0,1794,206,0.897,2000,7.178528070449829,26.355401987758004,26.760496619640765,26.93554304179388,26.40553127324211,39.77204124741428,41.37019099595478,37.57413386602203,3
FIRM,synthetic_random,25.22705012091042,48.15036663085772,64.72035190526029,27.42459460399392,11.059950104126775,82.62589503524887,102881.04890198498,93060.61280156494,51.44052445099249,46.53030640078247,0,0.0,1.0,1794,206,0.897,2000,7.229159116744995,26.355401987758004,26.760496619640765,26.93554304179388,26.40553127324211,39.77204124741428,41.37019099595478,37.57413386602203,4
