0,1,2,3,4,5,6
-0.02416841949214426,-0.024012460755506115,-0.02534132268299355,-0.026035368864001263,-0.0687962719115127,-0.06880109593275947,-0.08838327756636011
-0.024621038420446457,-0.024166094949772326,-0.02534132268299355,-0.026035368864001263,-0.0687962719115127,-0.06880109593275947,-0.08838327756636011
-0.02413644733044504,-0.024130135956269127,-0.02482912144073483,-0.026035368864001263,-0.0687962719115127,-0.06880109593275947,-0.08838327756636011
-0.02417190492421365,-0.02405285202379194,-0.02482912144073483,-0.026035368864001263,-0.0687962719115127,-0.06880109593275947,-0.08838327756636011
-0.02414261932634177,-0.02410513684152793,-0.02499479190826484,-0.026035368864001263,-0.0687962719115127,-0.06880109593275947,-0.08838327756636011
-0.024022717031992484,-0.02408688192242298,-0.022423456883291785,-0.026035368864001263,-0.0687962719115127,-0.06880109593275947,-0.08838327756636011
-0.02409815828590059,-0.02408688192242298,-0.023173286939517788,-0.026035368864001263,-0.0687962719115127,-0.06880109593275947,-0.08838327756636011
-0.024108187505889937,-0.0240455443816613,-0.0234827804982884,-0.026035368864001263,-0.0687962719115127,-0.06880109593275947,-0.08838327756636011
-0.024108187505889937,-0.02407359921542586,-0.02376897584261292,-0.026035368864001263,-0.0687962719115127,-0.06880109593275947,-0.08838327756636011
-0.024108187505889937,-0.024079853691871437,-0.023854918805553033,-0.026035368864001263,-0.0687962719115127,-0.06880109593275947,-0.08838327756636011
-0.024117696350508762,-0.024058918067446526,-0.023923837233011135,-0.026035368864001263,-0.0687962719115127,-0.06880109593275947,-0.08838327756636011
-0.024117696350508762,-0.024090591116139003,-0.023959014985502167,-0.026035368864001263,-0.0687962719115127,-0.06880109593275947,-0.08838327756636011
-0.02412749930475761,-0.02401523271379929,-0.023996540902896633,-0.026035368864001263,-0.0687962719115127,-0.06880109593275947,-0.08838327756636011
-0.024127000563087628,-0.024015017380825846,-0.024010453191959245,-0.026035368864001263,-0.0687962719115127,-0.06880109593275947,-0.08838327756636011
-0.024127000563087628,-0.02403573352000871,-0.02401859411256987,-0.026035368864001263,-0.0687962719115127,-0.06880109593275947,-0.08838327756636011
-0.024162891284373388,-0.024065211179887115,-0.023961630723318972,-0.026035368864001263,-0.0687962719115127,-0.06880109593275947,-0.08838327756636011
-0.024162891284373388,-0.024015138223857493,-0.02390712822832517,-0.026035368864001263,-0.0687962719115127,-0.06880109593275947,-0.08838327756636011
-0.024162891284373388,-0.024024742631247504,-0.02397658548513352,-0.026035368864001263,-0.0687962719115127,-0.06880109593275947,-0.08838327756636011
-0.024162891284373388,-0.024010024792440913,-0.02398379446072262,-0.026035368864001263,-0.0687962719115127,-0.06880109593275947,-0.08838327756636011
-0.024162891284373388,-0.024029605901025503,-0.024010006242894535,-0.026035368864001263,-0.0687962719115127,-0.06880109593275947,-0.08838327756636011
-0.024164619374905286,-0.02397436243075114,-0.024048392253622444,-0.026035368864001263,-0.0687962719115127,-0.06880109593275947,-0.08838327756636011
-0.024173889341400575,-0.024075883147280507,-0.024073693301676073,-0.026035368864001263,-0.0687962719115127,-0.06880109593275947,-0.08838327756636011
-0.024110433897653064,-0.024079005901237106,-0.024080089736631522,-0.026035368864001263,-0.0687962719115127,-0.06880109593275947,-0.08838327756636011
-0.024110433897653064,-0.024098861646840653,-0.02409812767859482,-0.026035368864001263,-0.0687962719115127,-0.06880109593275947,-0.08838327756636011
-0.024119847992988608,-0.024114011005105535,-0.0241147537376073,-0.026035368864001263,-0.0687962719115127,-0.06880109593275947,-0.08838327756636011
-0.024119847992988608,-0.024000399950683204,-0.024102214188667037,-0.026035368864001263,-0.0687962719115127,-0.06880109593275947,-0.08838327756636011
-0.024119847992988608,-0.024109916655607758,-0.02410577052996031,-0.026035368864001263,-0.0687962719115127,-0.06880109593275947,-0.08838327756636011
-0.02413825007303599,-0.024124908744518087,-0.024093980568000696,-0.026035368864001263,-0.0687962719115127,-0.06880109593275947,-0.08838327756636011
-0.02415716553953571,-0.02413023317642156,-0.02409518579835185,-0.026035368864001263,-0.0687962719115127,-0.06880109593275947,-0.08838327756636011
-0.02415716553953571,-0.024140947843072833,-0.024138077971782978,-0.026035368864001263,-0.0687962719115127,-0.06880109593275947,-0.08838327756636011
-0.0241660806874321,-0.02416159436511664,-0.024148733280944006,-0.026035368864001263,-0.0687962719115127,-0.06880109593275947,-0.08838327756636011
-0.024183629452238675,-0.024179120713246682,-0.02416436862637475,-0.026035368864001263,-0.0687962719115127,-0.06880109593275947,-0.08838327756636011
-0.02417560613388534,-0.024185573727834368,-0.024163430488435163,-0.026035368864001263,-0.0687962719115127,-0.06880109593275947,-0.08838327756636011
-0.02419426669764815,-0.024194626882900513,-0.024193896368730913,-0.026035368864001263,-0.0687962719115127,-0.06880109593275947,-0.08838327756636011
-0.024171897146426213,-0.024200340779194605,-0.024142172764202642,-0.026035368864001263,-0.0687962719115127,-0.06880109593275947,-0.08838327756636011
-0.024060537893804797,-0.024200340779194605,-0.02410936516489254,-0.026035368864001263,-0.0687962719115127,-0.06880109593275947,-0.08838327756636011
-0.02412740305357277,-0.024200340779194605,-0.02412012531597461,-0.026035368864001263,-0.0687962719115127,-0.06880109593275947,-0.08838327756636011
-0.024166114708124985,-0.024185305825245345,-0.02411519379613553,-0.026035368864001263,-0.0687962719115127,-0.06880109593275947,-0.08838327756636011
-0.0241991632393421,-0.024194142544310692,-0.024124468702967646,-0.026035368864001263,-0.0687962719115127,-0.06880109593275947,-0.08838327756636011
-0.024201209596280117,-0.02416856928527413,-0.024131818288138325,-0.026035368864001263,-0.0687962719115127,-0.06880109593275947,-0.08838327756636011
-0.024201209596280117,-0.024174433414249023,-0.024111321160967692,-0.026035368864001263,-0.0687962719115127,-0.06880109593275947,-0.08838327756636011
-0.024201209596280117,-0.02418304534274168,-0.024103948166535515,-0.026035368864001263,-0.0687962719115127,-0.06880109593275947,-0.08838327756636011
-0.024201209596280117,-0.0241767781416367,-0.024115338736208095,-0.026035368864001263,-0.0687962719115127,-0.06880109593275947,-0.08838327756636011
-0.024201209596280117,-0.024178457636939963,-0.024133307816162745,-0.026035368864001263,-0.0687962719115127,-0.06880109593275947,-0.08838327756636011
-0.024201209596280117,-0.024185764849061306,-0.024128324772691705,-0.026035368864001263,-0.0687962719115127,-0.06880109593275947,-0.08838327756636011
-0.024201209596280117,-0.024184546106679417,-0.02414094286535966,-0.026035368864001263,-0.0687962719115127,-0.06880109593275947,-0.08838327756636011
-0.024201209596280117,-0.024164783418613986,-0.024149245641887772,-0.026035368864001263,-0.0687962719115127,-0.06880109593275947,-0.08838327756636011
-0.024201209596280117,-0.02415017608699876,-0.024147630543318824,-0.026035368864001263,-0.0687962719115127,-0.06880109593275947,-0.08838327756636011
-0.024201209596280117,-0.02415755253755423,-0.02415727322061401,-0.026035368864001263,-0.0687962719115127,-0.06880109593275947,-0.08838327756636011
-0.024201209596280117,-0.024159494667475415,-0.024137727151139973,-0.026035368864001263,-0.0687962719115127,-0.06880109593275947,-0.08838327756636011
-0.024211830031392448,-0.024155273389932903,-0.024138213566305175,-0.026035368864001263,-0.0687962719115127,-0.06880109593275947,-0.08838327756636011
-0.024211830031392448,-0.02415758165092668,-0.024139809596749162,-0.026035368864001263,-0.0687962719115127,-0.06880109593275947,-0.08838327756636011
-0.024211830031392448,-0.02415533958531957,-0.02413422512392263,-0.026035368864001263,-0.0687962719115127,-0.06880109593275947,-0.08838327756636011
-0.024220215243889495,-0.024164500207154837,-0.024119287929790657,-0.026035368864001263,-0.0687962719115127,-0.06880109593275947,-0.08838327756636011
-0.024220215243889495,-0.02417487774281582,-0.024115765095131893,-0.026035368864001263,-0.0687962719115127,-0.06880109593275947,-0.08838327756636011
-0.024220215243889495,-0.024184011069037788,-0.024131674416476623,-0.026035368864001263,-0.0687962719115127,-0.06880109593275947,-0.08838327756636011
-0.024220215243889495,-0.02419569529687293,-0.024123091952643973,-0.026035368864001263,-0.0687962719115127,-0.06880109593275947,-0.08838327756636011
-0.024228547419938153,-0.02418924952722881,-0.024133186435920943,-0.026035368864001263,-0.0687962719115127,-0.06880109593275947,-0.08838327756636011
-0.024230515905432903,-0.02419952881801579,-0.02413361762125473,-0.026035368864001263,-0.0687962719115127,-0.06880109593275947,-0.08838327756636011
-0.024230515905432903,-0.024199121502285516,-0.02413441758404081,-0.026035368864001263,-0.0687962719115127,-0.06880109593275947,-0.08838327756636011
-0.024238726428609875,-0.02420454176840071,-0.024139025451192626,-0.026035368864001263,-0.0687962719115127,-0.06880109593275947,-0.08838327756636011
-0.024238726428609875,-0.024195111009734253,-0.024138613148786587,-0.026035368864001263,-0.0687962719115127,-0.06880109593275947,-0.08838327756636011
-0.024238726428609875,-0.024193299469192724,-0.024147415452282352,-0.026035368864001263,-0.0687962719115127,-0.06880109593275947,-0.08838327756636011
-0.024244149853492346,-0.02417617478371395,-0.024148982816175276,-0.026035368864001263,-0.0687962719115127,-0.06880109593275947,-0.08838327756636011
-0.024244149853492346,-0.024189724514122487,-0.02414554723606669,-0.026035368864001263,-0.0687962719115127,-0.06880109593275947,-0.08838327756636011
-0.024184676410218396,-0.024184123848900483,-0.024139755242151766,-0.026035368864001263,-0.0687962719115127,-0.06880109593275947,-0.08838327756636011
-0.02416887571928028,-0.02418971817261993,-0.024146337511009874,-0.026035368864001263,-0.0687962719115127,-0.06880109593275947,-0.08838327756636011
-0.024150637714457003,-0.02418971817261993,-0.02414732543662519,-0.026035368864001263,-0.0687962719115127,-0.06880109593275947,-0.08838327756636011
-0.02417631373801845,-0.02418971817261993,-0.024139208380386124,-0.026035368864001263,-0.0687962719115127,-0.06880109593275947,-0.08838327756636011
-0.024190272752420857,-0.024191429347470456,-0.024147262144458247,-0.026035368864001263,-0.0687962719115127,-0.06880109593275947,-0.08838327756636011
-0.024197251566317683,-0.02418386269963762,-0.02414549783741434,-0.026035368864001263,-0.0687962719115127,-0.06880109593275947,-0.08838327756636011
-0.024197251566317683,-0.024196577078746857,-0.02416052880185247,-0.026035368864001263,-0.0687962719115127,-0.06880109593275947,-0.08838327756636011
-0.024204065238752553,-0.024203565872187825,-0.02416980942808295,-0.026035368864001263,-0.0687962719115127,-0.06880109593275947,-0.08838327756636011
-0.024215346577815988,-0.0242118331896942,-0.024168147139011175,-0.026035368864001263,-0.0687962719115127,-0.06880109593275947,-0.08838327756636011
-0.024223271309701453,-0.02422319222673228,-0.024168770367307604,-0.026035368864001263,-0.0687962719115127,-0.06880109593275947,-0.08838327756636011
-0.024231458233025138,-0.02418150698209137,-0.02417239590851753,-0.026035368864001263,-0.0687962719115127,-0.06880109593275947,-0.08838327756636011
-0.024238010660717943,-0.02417600325342721,-0.02417128627957389,-0.026035368864001263,-0.0687962719115127,-0.06880109593275947,-0.08838327756636011
-0.024238010660717943,-0.02418588192832212,-0.024174920758897118,-0.026035368864001263,-0.0687962719115127,-0.06880109593275947,-0.08838327756636011
-0.024238010660717943,-0.024158805652496035,-0.02417581617333043,-0.026035368864001263,-0.0687962719115127,-0.06880109593275947,-0.08838327756636011
-0.024238010660717943,-0.024181175579106717,-0.02418034153620109,-0.026035368864001263,-0.0687962719115127,-0.06880109593275947,-0.08838327756636011
-0.024238010660717943,-0.024170870507508824,-0.02418760049632585,-0.026035368864001263,-0.0687962719115127,-0.06880109593275947,-0.08838327756636011
-0.024238010660717943,-0.024176736714803727,-0.02418574107858294,-0.026035368864001263,-0.0687962719115127,-0.06880109593275947,-0.08838327756636011
-0.024238010660717943,-0.02412122381651326,-0.024187275720469952,-0.026035368864001263,-0.0687962719115127,-0.06880109593275947,-0.08838327756636011
-0.024238010660717943,-0.02411200069845998,-0.024188006116035634,-0.026035368864001263,-0.0687962719115127,-0.06880109593275947,-0.08838327756636011
-0.024238010660717943,-0.0241144045673629,-0.02418705899410053,-0.026035368864001263,-0.0687962719115127,-0.06880109593275947,-0.08838327756636011
-0.024238010660717943,-0.024098246986909204,-0.024188601264191475,-0.026035368864001263,-0.0687962719115127,-0.06880109593275947,-0.08838327756636011
-0.024238010660717943,-0.024117208121257793,-0.024178978255108768,-0.026035368864001263,-0.0687962719115127,-0.06880109593275947,-0.08838327756636011
-0.024239552639782086,-0.024098620118162346,-0.024181576955087446,-0.026035368864001263,-0.0687962719115127,-0.06880109593275947,-0.08838327756636011
-0.024239552639782086,-0.02413987814186628,-0.024182615380307672,-0.026035368864001263,-0.0687962719115127,-0.06880109593275947,-0.08838327756636011
-0.024239552639782086,-0.02412437607712534,-0.024181274272239674,-0.026035368864001263,-0.0687962719115127,-0.06880109593275947,-0.08838327756636011
-0.024239552639782086,-0.02415005068366769,-0.02418259151916697,-0.026035368864001263,-0.0687962719115127,-0.06880109593275947,-0.08838327756636011
-0.024239552639782086,-0.02415889168117593,-0.024179204579010707,-0.026035368864001263,-0.0687962719115127,-0.06880109593275947,-0.08838327756636011
-0.024239170687611045,-0.02416129031548528,-0.024181728699339287,-0.026035368864001263,-0.0687962719115127,-0.06880109593275947,-0.08838327756636011
-0.024193085633727435,-0.024177118643834705,-0.024184037858598715,-0.026035368864001263,-0.0687962719115127,-0.06880109593275947,-0.08838327756636011
-0.024193085633727435,-0.024161685696420385,-0.024182463267042664,-0.026035368864001263,-0.0687962719115127,-0.06880109593275947,-0.08838327756636011
-0.024192973286718752,-0.024157790865258693,-0.024179280877400348,-0.026035368864001263,-0.0687962719115127,-0.06880109593275947,-0.08838327756636011
-0.024199524420797255,-0.024171692940528226,-0.024179010036206948,-0.026035368864001263,-0.0687962719115127,-0.06880109593275947,-0.08838327756636011
-0.024199524420797255,-0.024177809598561504,-0.02417775486246701,-0.026035368864001263,-0.0687962719115127,-0.06880109593275947,-0.08838327756636011
-0.024199524420797255,-0.024169322401382073,-0.024178917582085728,-0.026035368864001263,-0.0687962719115127,-0.06880109593275947,-0.08838327756636011
-0.024198712536609598,-0.02418172727906299,-0.024176831262873642,-0.026035368864001263,-0.0687962719115127,-0.06880109593275947,-0.08838327756636011
-0.024198712536609598,-0.024186591723636148,-0.024174096080265287,-0.026035368864001263,-0.0687962719115127,-0.06880109593275947,-0.08838327756636011
-0.024198712536609598,-0.024180175115485373,-0.024165197205358306,-0.026035368864001263,-0.0687962719115127,-0.06880109593275947,-0.08838327756636011
-0.024203071205429454,-0.02417761102530111,-0.024157331535748422,-0.026035368864001263,-0.0687962719115127,-0.06880109593275947,-0.08838327756636011
-0.024202459194443013,-0.024173500878713627,-0.024156672580355754,-0.026035368864001263,-0.0687962719115127,-0.06880109593275947,-0.08838327756636011
-0.02420891657896418,-0.024164480843127552,-0.02416643663640554,-0.026035368864001263,-0.0687962719115127,-0.06880109593275947,-0.08838327756636011
-0.02420891657896418,-0.024171841394041757,-0.02416813137723433,-0.026035368864001263,-0.0687962719115127,-0.06880109593275947,-0.08838327756636011
-0.02420891657896418,-0.0241554692929383,-0.024168596215304067,-0.026035368864001263,-0.0687962719115127,-0.06880109593275947,-0.08838327756636011
-0.02420891657896418,-0.02415803143549309,-0.024162208295243768,-0.026035368864001263,-0.0687962719115127,-0.06880109593275947,-0.08838327756636011
-0.024159011422262826,-0.024159132493636704,-0.024155420901653263,-0.026035368864001263,-0.0687962719115127,-0.06880109593275947,-0.08838327756636011
-0.024163298971090534,-0.024157776222978874,-0.024155509952685353,-0.026035368864001263,-0.0687962719115127,-0.06880109593275947,-0.08838327756636011
-0.024163298971090534,-0.024161793859747174,-0.02415588603256449,-0.026035368864001263,-0.0687962719115127,-0.06880109593275947,-0.08838327756636011
-0.02416748422014559,-0.02416400573910403,-0.024153598865425414,-0.026035368864001263,-0.0687962719115127,-0.06880109593275947,-0.08838327756636011
-0.02416858910437631,-0.02415937946799794,-0.024152387973466825,-0.026035368864001263,-0.0687962719115127,-0.06880109593275947,-0.08838327756636011
-0.024171154280119355,-0.024162503683260887,-0.02415578037205853,-0.026035368864001263,-0.0687962719115127,-0.06880109593275947,-0.08838327756636011
-0.02417728795892235,-0.02415506971436675,-0.024163691051342764,-0.026035368864001263,-0.0687962719115127,-0.06880109593275947,-0.08838327756636011
-0.02417522663294557,-0.024164515852965848,-0.024167668488454794,-0.026035368864001263,-0.0687962719115127,-0.06880109593275947,-0.08838327756636011
-0.02417522663294557,-0.024167437386963846,-0.024165302785741905,-0.026035368864001263,-0.0687962719115127,-0.06880109593275947,-0.08838327756636011
-0.02417522663294557,-0.024172569700088305,-0.02416429278763748,-0.026035368864001263,-0.0687962719115127,-0.06880109593275947,-0.08838327756636011
-0.02417522663294557,-0.0241691549471817,-0.024157831878920327,-0.026035368864001263,-0.0687962719115127,-0.06880109593275947,-0.08838327756636011
-0.02417522663294557,-0.024171701678489567,-0.024157996182421187,-0.026035368864001263,-0.0687962719115127,-0.06880109593275947,-0.08838327756636011
-0.02417522663294557,-0.024169085748689426,-0.02416872597185911,-0.026035368864001263,-0.0687962719115127,-0.06880109593275947,-0.08838327756636011
-0.02417933483549147,-0.024172309693635763,-0.024174527277023603,-0.026035368864001263,-0.0687962719115127,-0.06880109593275947,-0.08838327756636011
-0.024184557374758817,-0.02416077364161082,-0.024173474536974725,-0.026035368864001263,-0.0687962719115127,-0.06880109593275947,-0.08838327756636011
-0.024193152828219728,-0.024166683119840316,-0.02417281091219221,-0.026035368864001263,-0.0687962719115127,-0.06880109593275947,-0.08838327756636011
-0.024193152828219728,-0.024166714611998187,-0.024171537594313747,-0.026035368864001263,-0.0687962719115127,-0.06880109593275947,-0.08838327756636011
-0.024197182460936772,-0.02416650975727731,-0.02417363878406937,-0.026035368864001263,-0.0687962719115127,-0.06880109593275947,-0.08838327756636011
-0.024197182460936772,-0.024172752567424786,-0.024174039252114306,-0.026035368864001263,-0.0687962719115127,-0.06880109593275947,-0.08838327756636011
-0.02420316214402007,-0.02417604779970909,-0.024175298308174824,-0.026035368864001263,-0.0687962719115127,-0.06880109593275947,-0.08838327756636011
-0.02420316214402007,-0.02417844365945218,-0.02417798831382634,-0.026035368864001263,-0.0687962719115127,-0.06880109593275947,-0.08838327756636011
-0.02420303532348823,-0.024181342100869047,-0.024177388561836904,-0.026035368864001263,-0.0687962719115127,-0.06880109593275947,-0.08838327756636011
-0.02420303532348823,-0.024182745521158146,-0.02418206482300838,-0.026035368864001263,-0.0687962719115127,-0.06880109593275947,-0.08838327756636011
-0.02420303532348823,-0.024183305980457356,-0.0241835432073049,-0.026035368864001263,-0.0687962719115127,-0.06880109593275947,-0.08838327756636011
-0.02420303532348823,-0.024188076565565913,-0.024187830953876187,-0.026035368864001263,-0.0687962719115127,-0.06880109593275947,-0.08838327756636011
-0.02420303532348823,-0.02418716835072135,-0.0241860826280428,-0.026035368864001263,-0.0687962719115127,-0.06880109593275947,-0.08838327756636011
-0.02420303532348823,-0.02418641836120391,-0.02418483104968232,-0.026035368864001263,-0.0687962719115127,-0.06880109593275947,-0.08838327756636011
-0.024215628677453346,-0.024188828883250035,-0.024188516838238708,-0.026035368864001263,-0.0687962719115127,-0.06880109593275947,-0.08838327756636011
-0.024192392178392554,-0.02418606256942439,-0.02418617082783595,-0.026035368864001263,-0.0687962719115127,-0.06880109593275947,-0.08838327756636011
-0.024194986087071532,-0.02417127121596123,-0.024187152163461373,-0.026035368864001263,-0.0687962719115127,-0.06880109593275947,-0.08838327756636011
-0.024194986087071532,-0.024164343757040015,-0.024187821997448258,-0.026035368864001263,-0.0687962719115127,-0.06880109593275947,-0.08838327756636011
-0.02419499532145225,-0.02417090615267829,-0.024183667477433498,-0.026035368864001263,-0.0687962719115127,-0.06880109593275947,-0.08838327756636011
-0.02419499532145225,-0.02418238427498287,-0.024182292423466895,-0.026035368864001263,-0.0687962719115127,-0.06880109593275947,-0.08838327756636011
-0.024202597261232323,-0.024186397451761155,-0.024185913241687562,-0.026035368864001263,-0.0687962719115127,-0.06880109593275947,-0.08838327756636011
-0.024202597261232323,-0.024185534218193288,-0.024174007728154392,-0.026035368864001263,-0.0687962719115127,-0.06880109593275947,-0.08838327756636011
-0.0242069899865235,-0.024187280608708884,-0.02417388615627669,-0.026035368864001263,-0.0687962719115127,-0.06880109593275947,-0.08838327756636011
-0.02421074569866561,-0.024186879220361137,-0.024176295768574694,-0.026035368864001263,-0.0687962719115127,-0.06880109593275947,-0.08838327756636011
-0.02421074569866561,-0.024186521566212052,-0.02417420242524583,-0.026035368864001263,-0.0687962719115127,-0.06880109593275947,-0.08838327756636011
-0.02421633590018694,-0.024186873775023706,-0.024179955935761038,-0.026035368864001263,-0.0687962719115127,-0.06880109593275947,-0.08838327756636011
-0.02421633590018694,-0.02418242039001328,-0.024183827601409864,-0.026035368864001263,-0.0687962719115127,-0.06880109593275947,-0.08838327756636011
-0.024188084104501708,-0.024184373892647926,-0.024186106366902917,-0.026035368864001263,-0.0687962719115127,-0.06880109593275947,-0.08838327756636011
-0.02419184405052223,-0.02418504807524519,-0.024188296382268104,-0.026035368864001263,-0.0687962719115127,-0.06880109593275947,-0.08838327756636011
-0.02419184405052223,-0.024189536513375576,-0.024188841172989712,-0.026035368864001263,-0.0687962719115127,-0.06880109593275947,-0.08838327756636011
-0.02419184405052223,-0.024191516129089735,-0.024191269958036225,-0.026035368864001263,-0.0687962719115127,-0.06880109593275947,-0.08838327756636011
-0.02419184405052223,-0.024177627182694894,-0.02419074110510742,-0.026035368864001263,-0.0687962719115127,-0.06880109593275947,-0.08838327756636011
-0.02419184405052223,-0.024175565911469927,-0.024189941095121886,-0.026035368864001263,-0.0687962719115127,-0.06880109593275947,-0.08838327756636011
-0.02419184405052223,-0.024169314626480413,-0.024186085308006887,-0.026035368864001263,-0.0687962719115127,-0.06880109593275947,-0.08838327756636011
-0.024197412057687977,-0.024168183580760737,-0.024183510502530602,-0.026035368864001263,-0.0687962719115127,-0.06880109593275947,-0.08838327756636011
-0.02420038457039107,-0.02417073459279953,-0.024182798459222995,-0.026035368864001263,-0.0687962719115127,-0.06880109593275947,-0.08838327756636011
-0.02420038457039107,-0.024181408477698552,-0.02418403752384594,-0.026035368864001263,-0.0687962719115127,-0.06880109593275947,-0.08838327756636011
-0.02420038457039107,-0.024179633380990946,-0.024183446738058865,-0.026035368864001263,-0.0687962719115127,-0.06880109593275947,-0.08838327756636011
-0.02420038457039107,-0.024174907463820904,-0.02418165204480241,-0.026035368864001263,-0.0687962719115127,-0.06880109593275947,-0.08838327756636011
-0.02420038457039107,-0.024173067363927412,-0.02418155258495826,-0.026035368864001263,-0.0687962719115127,-0.06880109593275947,-0.08838327756636011
-0.02420038457039107,-0.024174473751424213,-0.02418308886076124,-0.026035368864001263,-0.0687962719115127,-0.06880109593275947,-0.08838327756636011
-0.02420038457039107,-0.024161174232160833,-0.02418203822351809,-0.026035368864001263,-0.0687962719115127,-0.06880109593275947,-0.08838327756636011
-0.02420038457039107,-0.024171795616904527,-0.024178193013807896,-0.026035368864001263,-0.0687962719115127,-0.06880109593275947,-0.08838327756636011
-0.02420038457039107,-0.02418029002252334,-0.024179934922793998,-0.026035368864001263,-0.0687962719115127,-0.06880109593275947,-0.08838327756636011
-0.024200273250608997,-0.02418169325443009,-0.02417683998972847,-0.026035368864001263,-0.0687962719115127,-0.06880109593275947,-0.08838327756636011
-0.024200273250608997,-0.024176866193054137,-0.024176775408550958,-0.026035368864001263,-0.0687962719115127,-0.06880109593275947,-0.08838327756636011
-0.024200273250608997,-0.024177368780256836,-0.02417477373213211,-0.026035368864001263,-0.0687962719115127,-0.06880109593275947,-0.08838327756636011
-0.024200273250608997,-0.024178186600312315,-0.024177427702754106,-0.026035368864001263,-0.0687962719115127,-0.06880109593275947,-0.08838327756636011
-0.024200273250608997,-0.024180062112869986,-0.02417966718511715,-0.026035368864001263,-0.0687962719115127,-0.06880109593275947,-0.08838327756636011
-0.024200273250608997,-0.024182122762936402,-0.02418234992383555,-0.026035368864001263,-0.0687962719115127,-0.06880109593275947,-0.08838327756636011
-0.024200273250608997,-0.024179383410448462,-0.024174847552265243,-0.026035368864001263,-0.0687962719115127,-0.06880109593275947,-0.08838327756636011
-0.02420396768520956,-0.0241790912227033,-0.024177977867053137,-0.026035368864001263,-0.0687962719115127,-0.06880109593275947,-0.08838327756636011
-0.02420945804979438,-0.024179691995914757,-0.024181493321361894,-0.026035368864001263,-0.0687962719115127,-0.06880109593275947,-0.08838327756636011
-0.02421659233430985,-0.02417699263590964,-0.0241824827045144,-0.026035368864001263,-0.0687962719115127,-0.06880109593275947,-0.08838327756636011
-0.02421659233430985,-0.02417925040751803,-0.024183506035770432,-0.026035368864001263,-0.0687962719115127,-0.06880109593275947,-0.08838327756636011
-0.02421659233430985,-0.024173880115056917,-0.024183847562614665,-0.026035368864001263,-0.0687962719115127,-0.06880109593275947,-0.08838327756636011
-0.02421659233430985,-0.02417955093225391,-0.0241849903184165,-0.026035368864001263,-0.0687962719115127,-0.06880109593275947,-0.08838327756636011
-0.02421659233430985,-0.024182266584944174,-0.024186443369383318,-0.026035368864001263,-0.0687962719115127,-0.06880109593275947,-0.08838327756636011
-0.024220225190511525,-0.024185340772066088,-0.024186690741892922,-0.026035368864001263,-0.0687962719115127,-0.06880109593275947,-0.08838327756636011
-0.024220225190511525,-0.024188890180695206,-0.02418853247552354,-0.026035368864001263,-0.0687962719115127,-0.06880109593275947,-0.08838327756636011
-0.02422415746025161,-0.024188916272886638,-0.02418694399230632,-0.026035368864001263,-0.0687962719115127,-0.06880109593275947,-0.08838327756636011
-0.02419319491740179,-0.024191582581938976,-0.024190724474993045,-0.026035368864001263,-0.0687962719115127,-0.06880109593275947,-0.08838327756636011
-0.02419684751968833,-0.02419435171519827,-0.024194204433904742,-0.026035368864001263,-0.0687962719115127,-0.06880109593275947,-0.08838327756636011
-0.024202263661890308,-0.024193220487661364,-0.024193318262914078,-0.026035368864001263,-0.0687962719115127,-0.06880109593275947,-0.08838327756636011
-0.024202263661890308,-0.024193185134134324,-0.02419217074244796,-0.026035368864001263,-0.0687962719115127,-0.06880109593275947,-0.08838327756636011
-0.024202263661890308,-0.02418774477507559,-0.0241913816073688,-0.026035368864001263,-0.0687962719115127,-0.06880109593275947,-0.08838327756636011
-0.024202263661890308,-0.024185527193793938,-0.024183283251105626,-0.026035368864001263,-0.0687962719115127,-0.06880109593275947,-0.08838327756636011
-0.024207660414738187,-0.024184882376534555,-0.02417730323925469,-0.026035368864001263,-0.0687962719115127,-0.06880109593275947,-0.08838327756636011
-0.024156337733721445,-0.02418279906708339,-0.024172148441659116,-0.026035368864001263,-0.0687962719115127,-0.06880109593275947,-0.08838327756636011
-0.024115869468211704,-0.024182844383082824,-0.02416867897900927,-0.026035368864001263,-0.0687962719115127,-0.06880109593275947,-0.08838327756636011
-0.02417639808692336,-0.024182844383082824,-0.024171489996098125,-0.026035368864001263,-0.0687962719115127,-0.06880109593275947,-0.08838327756636011
-0.02418503002302891,-0.02417956859189377,-0.024176909603044687,-0.026035368864001263,-0.0687962719115127,-0.06880109593275947,-0.08838327756636011
-0.024184724439529626,-0.024182462456604402,-0.02418238621009426,-0.026035368864001263,-0.0687962719115127,-0.06880109593275947,-0.08838327756636011
-0.02418581967076635,-0.024185061096718235,-0.02418497002614466,-0.026035368864001263,-0.0687962719115127,-0.06880109593275947,-0.08838327756636011
-0.024187394892641302,-0.02417802368369147,-0.024182853289974816,-0.026035368864001263,-0.0687962719115127,-0.06880109593275947,-0.08838327756636011
-0.024187394892641302,-0.02418354444255165,-0.02417809345270152,-0.026035368864001263,-0.0687962719115127,-0.06880109593275947,-0.08838327756636011
-0.024187394892641302,-0.02418257021065914,-0.024182431366618684,-0.026035368864001263,-0.0687962719115127,-0.06880109593275947,-0.08838327756636011
-0.024190908739707813,-0.024186168751956356,-0.02418623589528818,-0.026035368864001263,-0.0687962719115127,-0.06880109593275947,-0.08838327756636011
-0.024193261611633814,-0.02418264482148374,-0.024186957761591715,-0.026035368864001263,-0.0687962719115127,-0.06880109593275947,-0.08838327756636011
-0.024193261611633814,-0.024189188063283282,-0.024187231478071964,-0.026035368864001263,-0.0687962719115127,-0.06880109593275947,-0.08838327756636011
-0.024195607751451298,-0.02418813551244895,-0.02418936731147453,-0.026035368864001263,-0.0687962719115127,-0.06880109593275947,-0.08838327756636011
-0.024195607751451298,-0.02418777118892362,-0.024189921134447328,-0.026035368864001263,-0.0687962719115127,-0.06880109593275947,-0.08838327756636011
-0.024196812267123443,-0.024193051338433625,-0.024192913824632466,-0.026035368864001263,-0.0687962719115127,-0.06880109593275947,-0.08838327756636011
-0.024196812267123443,-0.02419517290214527,-0.02418516241783325,-0.026035368864001263,-0.0687962719115127,-0.06880109593275947,-0.08838327756636011
-0.024196812267123443,-0.024196303485626538,-0.024191117258216297,-0.026035368864001263,-0.0687962719115127,-0.06880109593275947,-0.08838327756636011
-0.024202246700863288,-0.02419817014400191,-0.0241970309977705,-0.026035368864001263,-0.0687962719115127,-0.06880109593275947,-0.08838327756636011
-0.024202246700863288,-0.024200127898849566,-0.0241973101424608,-0.026035368864001263,-0.0687962719115127,-0.06880109593275947,-0.08838327756636011
-0.024202246700863288,-0.024200782738162067,-0.024198057195876692,-0.026035368864001263,-0.0687962719115127,-0.06880109593275947,-0.08838327756636011
-0.02420697161950218,-0.024202976900521745,-0.024196650006836868,-0.025934291104028735,-0.0687962719115127,-0.06880109593275947,-0.08838327756636011
-0.024206960237965862,-0.024201999503877112,-0.02419001060612966,-0.025934291104028735,-0.0687962719115127,-0.06880109593275947,-0.08838327756636011
-0.024206960237965862,-0.024203357973399717,-0.024194481148839538,-0.025934291104028735,-0.0687962719115127,-0.06880109593275947,-0.08838327756636011
-0.024206960237965862,-0.024196826679331096,-0.02419504422542412,-0.025934291104028735,-0.0687962719115127,-0.06880109593275947,-0.08838327756636011
-0.02421040108634875,-0.024197275269852613,-0.024200033841137916,-0.025934291104028735,-0.0687962719115127,-0.06880109593275947,-0.08838327756636011
-0.024214648972781704,-0.02419668703150319,-0.024198669527547397,-0.025934291104028735,-0.0687962719115127,-0.06880109593275947,-0.08838327756636011
-0.024214648972781704,-0.024196858103499752,-0.024196988119452964,-0.025934291104028735,-0.0687962719115127,-0.06880109593275947,-0.08838327756636011
-0.024214648972781704,-0.024197893748234695,-0.024199089719702777,-0.025934291104028735,-0.0687962719115127,-0.06880109593275947,-0.08838327756636011
-0.024216931856239073,-0.024198393299882385,-0.024198218792753544,-0.025934291104028735,-0.0687962719115127,-0.06880109593275947,-0.08838327756636011
-0.024216931856239073,-0.024196268795206075,-0.02419961890321248,-0.025934291104028735,-0.0687962719115127,-0.06880109593275947,-0.08838327756636011
-0.02415212515412738,-0.02419885322252184,-0.024199152185300308,-0.025934291104028735,-0.0687962719115127,-0.06880109593275947,-0.08838327756636011
-0.024203515933727337,-0.024201141592356534,-0.024200884653620826,-0.025934291104028735,-0.0687962719115127,-0.06880109593275947,-0.08838327756636011
-0.024205540033637712,-0.024199463191821282,-0.02420233463650635,-0.025934291104028735,-0.0687962719115127,-0.06880109593275947,-0.08838327756636011
-0.024205540033637712,-0.02420104866228676,-0.02420022958689468,-0.025934291104028735,-0.0687962719115127,-0.06880109593275947,-0.08838327756636011
-0.024205540033637712,-0.0242022335124058,-0.02419849802943659,-0.025934291104028735,-0.0687962719115127,-0.06880109593275947,-0.08838327756636011
-0.024205540033637712,-0.02420382670844796,-0.02419651613158035,-0.025934291104028735,-0.0687962719115127,-0.06880109593275947,-0.08838327756636011
-0.024205540033637712,-0.024204021622850767,-0.024196852548131302,-0.025934291104028735,-0.0687962719115127,-0.06880109593275947,-0.08838327756636011
-0.024206880573235747,-0.02420332558581937,-0.02419461968246276,-0.025934291104028735,-0.0687962719115127,-0.06880109593275947,-0.08838327756636011
-0.024206880573235747,-0.02420305432532008,-0.02419376601952339,-0.025934291104028735,-0.0687962719115127,-0.06880109593275947,-0.08838327756636011
-0.024209887585271348,-0.024204763536656366,-0.024190459330176675,-0.025934291104028735,-0.0687962719115127,-0.06880109593275947,-0.08838327756636011
-0.024209887585271348,-0.024207132243805336,-0.024188275065132128,-0.025934291104028735,-0.0687962719115127,-0.06880109593275947,-0.08838327756636011
-0.024209887585271348,-0.024205004615576647,-0.02419155822090462,-0.025934291104028735,-0.0687962719115127,-0.06880109593275947,-0.08838327756636011
-0.024209887585271348,-0.0242059008549317,-0.024193654251243396,-0.025934291104028735,-0.0687962719115127,-0.06880109593275947,-0.08838327756636011
-0.024209887585271348,-0.024207918078764875,-0.024191343312635876,-0.025934291104028735,-0.0687962719115127,-0.06880109593275947,-0.08838327756636011
-0.024209887585271348,-0.024209222776215886,-0.024194851239140933,-0.025934291104028735,-0.0687962719115127,-0.06880109593275947,-0.08838327756636011
-0.024210797378304456,-0.024210657935986278,-0.02419494568697577,-0.025934291104028735,-0.0687962719115127,-0.06880109593275947,-0.08838327756636011
-0.024202990288863014,-0.024210964488725454,-0.02419867725273725,-0.025934291104028735,-0.0687962719115127,-0.06880109593275947,-0.08838327756636011
-0.024191732535279863,-0.024210964488725454,-0.02419526537543532,-0.025934291104028735,-0.0687962719115127,-0.06880109593275947,-0.08838327756636011
-0.024203463330541287,-0.024210964488725454,-0.024194965195645884,-0.025934291104028735,-0.0687962719115127,-0.06880109593275947,-0.08838327756636011
-0.02419920974534789,-0.024210964488725454,-0.02419462351153549,-0.025934291104028735,-0.0687962719115127,-0.06880109593275947,-0.08838327756636011
-0.024195948301412126,-0.02421104938114957,-0.0241952610018642,-0.025934291104028735,-0.0687962719115127,-0.06880109593275947,-0.08838327756636011
-0.024201051008787864,-0.02421104938114957,-0.02419443921508984,-0.025934291104028735,-0.0687962719115127,-0.06880109593275947,-0.08838327756636011
-0.024200275045412,-0.02421104938114957,-0.024195404381875535,-0.025934291104028735,-0.0687962719115127,-0.06880109593275947,-0.08838327756636011
-0.024148811357078814,-0.02421104938114957,-0.02419388699575767,-0.025934291104028735,-0.0687962719115127,-0.06880109593275947,-0.08838327756636011
-0.024195819427547935,-0.02421104938114957,-0.024194910017586318,-0.025934291104028735,-0.0687962719115127,-0.06880109593275947,-0.08838327756636011
-0.02417770215537077,-0.02421104938114957,-0.02419402788963963,-0.025934291104028735,-0.0687962719115127,-0.06880109593275947,-0.08838327756636011
-0.02419428037264057,-0.02421104938114957,-0.024196246808168093,-0.025934291104028735,-0.0687962719115127,-0.06880109593275947,-0.08838327756636011
-0.02409247096297485,-0.024209000491415455,-0.024196808379718705,-0.025934291104028735,-0.0687962719115127,-0.06880109593275947,-0.08838327756636011
-0.024124539478627013,-0.024209000491415455,-0.024197318800706403,-0.025934291104028735,-0.0687962719115127,-0.06880109593275947,-0.08838327756636011
-0.024149060052937373,-0.024208988082669643,-0.024193707215274713,-0.025934291104028735,-0.0687962719115127,-0.06880109593275947,-0.08838327756636011
-0.024194871715347663,-0.024209183607998536,-0.024193568750869657,-0.025934291104028735,-0.0687962719115127,-0.06880109593275947,-0.08838327756636011
-0.0242032505270682,-0.024209183607998536,-0.024191031189594665,-0.025934291104028735,-0.0687962719115127,-0.06880109593275947,-0.08838327756636011
-0.02421025098333941,-0.024209183607998536,-0.02418913683397955,-0.025934291104028735,-0.0687962719115127,-0.06880109593275947,-0.08838327756636011
-0.02421025098333941,-0.024209703968128143,-0.024190403951225986,-0.025934291104028735,-0.0687962719115127,-0.06880109593275947,-0.08838327756636011
-0.024212711042680465,-0.02421167329264619,-0.024191755596702905,-0.025934291104028735,-0.0687962719115127,-0.06880109593275947,-0.08838327756636011
-0.024212673751547384,-0.024211663413221063,-0.024193443880448303,-0.025934291104028735,-0.0687962719115127,-0.06880109593275947,-0.08838327756636011
-0.024212673751547384,-0.024212181238679735,-0.02419132820067316,-0.025934291104028735,-0.0687962719115127,-0.06880109593275947,-0.08838327756636011
-0.024213936973323608,-0.024213420536859376,-0.024192662656378722,-0.025934291104028735,-0.0687962719115127,-0.06880109593275947,-0.08838327756636011
-0.024214917897075423,-0.024214274787217983,-0.02419616284437756,-0.025934291104028735,-0.0687962719115127,-0.06880109593275947,-0.08838327756636011
-0.024214917897075423,-0.02421307787414153,-0.024198537011921647,-0.025934291104028735,-0.0687962719115127,-0.06880109593275947,-0.08838327756636011
-0.024214917897075423,-0.02420997281868506,-0.02420467797066615,-0.025934291104028735,-0.0687962719115127,-0.06880109593275947,-0.08838327756636011
-0.024214917897075423,-0.024209387187536142,-0.02420480923515763,-0.025934291104028735,-0.0687962719115127,-0.06880109593275947,-0.08838327756636011
-0.024215898682194807,-0.024207874911135824,-0.024202286849572874,-0.025934291104028735,-0.0687962719115127,-0.06880109593275947,-0.08838327756636011
-0.024215898682194807,-0.024209636944113985,-0.024204167544593157,-0.025934291104028735,-0.0687962719115127,-0.06880109593275947,-0.08838327756636011
-0.024215827642586372,-0.024207370778239746,-0.024205270968781768,-0.025322398165575213,-0.0687962719115127,-0.06880109593275947,-0.08838327756636011
-0.02421680668962116,-0.02420877562160769,-0.024207289860295148,-0.025322398165575213,-0.0687962719115127,-0.06880109593275947,-0.08838327756636011
-0.02421680668962116,-0.024203895750475005,-0.02420819552286468,-0.025322398165575213,-0.0687962719115127,-0.06880109593275947,-0.08838327756636011
-0.02421680668962116,-0.024210302460905907,-0.02421019821676487,-0.025322398165575213,-0.0687962719115127,-0.06880109593275947,-0.08838327756636011
-0.02421680668962116,-0.024207581477424828,-0.024207563703069285,-0.025322398165575213,-0.0687962719115127,-0.06880109593275947,-0.08838327756636011
-0.02421680668962116,-0.024205454490444506,-0.02420836737764474,-0.025322398165575213,-0.0687962719115127,-0.06880109593275947,-0.08838327756636011
-0.02421680668962116,-0.02420509749783385,-0.024208237864074254,-0.025322398165575213,-0.0687962719115127,-0.06880109593275947,-0.08838327756636011
-0.02421680668962116,-0.024208665964968852,-0.02420871185113982,-0.025322398165575213,-0.0687962719115127,-0.06880109593275947,-0.08838327756636011
-0.02421680668962116,-0.02420633818877034,-0.024206705956447153,-0.025322398165575213,-0.0687962719115127,-0.06880109593275947,-0.08838327756636011
-0.02421680668962116,-0.024206032200823367,-0.024203971734327895,-0.025322398165575213,-0.0687962719115127,-0.06880109593275947,-0.08838327756636011
-0.02421680668962116,-0.024207521396911975,-0.02420647355324376,-0.025322398165575213,-0.0687962719115127,-0.06880109593275947,-0.08838327756636011
-0.02421778350362627,-0.024206860967511894,-0.0242063995024803,-0.025322398165575213,-0.0687962719115127,-0.06880109593275947,-0.08838327756636011
-0.02421778350362627,-0.02420626628614335,-0.02420606805216232,-0.025322398165575213,-0.0687962719115127,-0.06880109593275947,-0.08838327756636011
-0.02421778350362627,-0.0242099639343819,-0.02420995374250778,-0.025322398165575213,-0.0687962719115127,-0.06880109593275947,-0.08838327756636011
-0.02421778350362627,-0.024205455114489204,-0.024207879295717584,-0.025322398165575213,-0.0687962719115127,-0.06880109593275947,-0.08838327756636011
-0.024210440553796547,-0.024209586294215206,-0.024209676607722837,-0.025322398165575213,-0.0687962719115127,-0.06880109593275947,-0.08838327756636011
-0.024211383064214245,-0.024211268890526504,-0.024210660642166912,-0.025322398165575213,-0.0687962719115127,-0.06880109593275947,-0.08838327756636011
-0.024212593876317245,-0.024212342502201945,-0.024211196963652894,-0.025322398165575213,-0.0687962719115127,-0.06880109593275947,-0.08838327756636011
-0.02421405233144461,-0.024210225500551408,-0.024209547932745195,-0.025322398165575213,-0.0687962719115127,-0.06880109593275947,-0.08838327756636011
-0.024210140060974186,-0.024211078863474723,-0.02420983147417026,-0.025322398165575213,-0.0687962719115127,-0.06880109593275947,-0.08838327756636011
-0.02421225498031685,-0.024211078863474723,-0.02420764477260984,-0.025322398165575213,-0.0687962719115127,-0.06880109593275947,-0.08838327756636011
-0.024213465566513624,-0.024211955825328667,-0.024209731245627208,-0.025322398165575213,-0.0687962719115127,-0.06880109593275947,-0.08838327756636011
-0.024213465566513624,-0.02421005119486072,-0.024210115471786798,-0.025322398165575213,-0.0687962719115127,-0.06880109593275947,-0.08838327756636011
-0.024213465566513624,-0.02421013575890655,-0.024203876363161382,-0.025322398165575213,-0.0687962719115127,-0.06880109593275947,-0.08838327756636011
-0.024213465566513624,-0.024209234142755012,-0.024203098724664727,-0.025322398165575213,-0.0687962719115127,-0.06880109593275947,-0.08838327756636011
-0.02421581311669209,-0.024208640297383666,-0.024204292511738213,-0.025322398165575213,-0.0687962719115127,-0.06880109593275947,-0.08838327756636011
-0.02421581311669209,-0.02420904980995117,-0.024205536684585246,-0.025322398165575213,-0.0687962719115127,-0.06880109593275947,-0.08838327756636011
-0.02421581311669209,-0.02421074456969741,-0.024205794209484467,-0.025322398165575213,-0.0687962719115127,-0.06880109593275947,-0.08838327756636011
-0.02421581311669209,-0.02420975134884745,-0.024204366390329295,-0.025322398165575213,-0.0687962719115127,-0.06880109593275947,-0.08838327756636011
-0.024216747783826997,-0.024208971004696767,-0.024205266112176306,-0.025322398165575213,-0.0687962719115127,-0.06880109593275947,-0.08838327756636011
-0.024216747783826997,-0.024211106689605775,-0.024199155355125283,-0.025322398165575213,-0.0687962719115127,-0.06880109593275947,-0.08838327756636011
-0.024216747783826997,-0.024210866666186208,-0.024202187324109923,-0.025322398165575213,-0.0687962719115127,-0.06880109593275947,-0.08838327756636011
-0.024216747783826997,-0.024208154337457797,-0.024205045211468917,-0.025322398165575213,-0.0687962719115127,-0.06880109593275947,-0.08838327756636011
-0.024217485381905525,-0.024210132900720258,-0.024202288707192474,-0.025322398165575213,-0.0687962719115127,-0.06880109593275947,-0.08838327756636011
-0.024217485381905525,-0.024204931284493296,-0.024200558287091826,-0.025322398165575213,-0.0687962719115127,-0.06880109593275947,-0.08838327756636011
-0.024217485381905525,-0.02420608376830767,-0.024197627778248555,-0.025322398165575213,-0.0687962719115127,-0.06880109593275947,-0.08838327756636011
-0.024219357604341386,-0.02420625024173642,-0.02420060579893776,-0.025322398165575213,-0.0687962719115127,-0.06880109593275947,-0.08838327756636011
-0.02421950402118287,-0.024205564837774734,-0.02420373720650536,-0.025322398165575213,-0.0687962719115127,-0.06880109593275947,-0.08838327756636011
-0.024220238316813674,-0.02420383747180107,-0.024205133543881527,-0.025322398165575213,-0.0687962719115127,-0.06880109593275947,-0.08838327756636011
-0.024220238316813674,-0.024205524580110105,-0.02420560008730715,-0.025322398165575213,-0.0687962719115127,-0.06880109593275947,-0.08838327756636011
-0.024220238316813674,-0.024208436838115542,-0.0242082648594748,-0.025322398165575213,-0.0687962719115127,-0.06880109593275947,-0.08838327756636011
-0.024220238316813674,-0.024209399837053086,-0.024207041107069827,-0.025322398165575213,-0.0687962719115127,-0.06880109593275947,-0.08838327756636011
-0.024221809405704727,-0.02420757543128853,-0.024207509223369117,-0.025322398165575213,-0.0687962719115127,-0.06880109593275947,-0.08838327756636011
-0.024221809405704727,-0.024207364306394422,-0.024205754613647584,-0.025322398165575213,-0.0687962719115127,-0.06880109593275947,-0.08838327756636011
-0.024221809405704727,-0.024206664570346915,-0.02420538535759273,-0.025322398165575213,-0.0687962719115127,-0.06880109593275947,-0.08838327756636011
-0.024221809405704727,-0.024207899559401922,-0.024201339666706716,-0.025322398165575213,-0.0687962719115127,-0.06880109593275947,-0.08838327756636011
-0.024215136186174876,-0.0242041391184235,-0.024203576270330214,-0.025322398165575213,-0.0687962719115127,-0.06880109593275947,-0.08838327756636011
-0.024215136186174876,-0.024201466352524622,-0.02419748604980416,-0.025322398165575213,-0.0687962719115127,-0.06880109593275947,-0.08838327756636011
-0.024215136186174876,-0.024200984407059405,-0.024196444198723265,-0.025322398165575213,-0.0687962719115127,-0.06880109593275947,-0.08838327756636011
-0.024215136186174876,-0.02420146521349838,-0.024198925807955993,-0.025322398165575213,-0.0687962719115127,-0.06880109593275947,-0.08838327756636011
-0.024215136186174876,-0.02420058042205475,-0.024199360500320524,-0.025322398165575213,-0.0687962719115127,-0.06880109593275947,-0.08838327756636011
-0.024215136186174876,-0.02420059769530434,-0.024200703873374377,-0.025322398165575213,-0.0687962719115127,-0.06880109593275947,-0.08838327756636011
-0.024215136186174876,-0.024201904946280953,-0.024201305985009382,-0.025322398165575213,-0.0687962719115127,-0.06880109593275947,-0.08838327756636011
-0.024214996520020522,-0.02420015679912619,-0.024199151701252326,-0.025322398165575213,-0.0687962719115127,-0.06880109593275947,-0.08838327756636011
-0.02421522386376255,-0.024200868653916185,-0.024201327768690925,-0.025322398165575213,-0.0687962719115127,-0.06880109593275947,-0.08838327756636011
-0.02421522386376255,-0.024205171067856933,-0.024205076737573647,-0.025322398165575213,-0.0687962719115127,-0.06880109593275947,-0.08838327756636011
-0.02421522386376255,-0.02420652739686607,-0.024206542565629336,-0.025322398165575213,-0.0687962719115127,-0.06880109593275947,-0.08838327756636011
-0.02421552204584068,-0.02420560452222555,-0.02420416389922734,-0.025322398165575213,-0.0687962719115127,-0.06880109593275947,-0.08838327756636011
-0.02421552204584068,-0.024204055738080852,-0.024201814335304446,-0.025322398165575213,-0.0687962719115127,-0.06880109593275947,-0.08838327756636011
-0.02421552204584068,-0.02420272157662161,-0.024202354427070236,-0.025322398165575213,-0.0687962719115127,-0.06880109593275947,-0.08838327756636011
-0.024216416199604452,-0.02420050803154106,-0.024202282973104988,-0.025322398165575213,-0.0687962719115127,-0.06880109593275947,-0.08838327756636011
-0.024216416199604452,-0.02420032351691932,-0.024202777090340386,-0.025322398165575213,-0.0687962719115127,-0.06880109593275947,-0.08838327756636011
-0.024216416199604452,-0.02419973840536183,-0.02420237809551022,-0.025322398165575213,-0.0687962719115127,-0.06880109593275947,-0.08838327756636011
-0.024216416199604452,-0.024203712592320924,-0.024203757737419198,-0.025322398165575213,-0.0687962719115127,-0.06880109593275947,-0.08838327756636011
-0.024216416199604452,-0.024205261446838208,-0.02420432294289457,-0.025322398165575213,-0.0687962719115127,-0.06880109593275947,-0.08838327756636011
-0.024216416199604452,-0.024206457056816295,-0.02420507514404852,-0.025322398165575213,-0.0687962719115127,-0.06880109593275947,-0.08838327756636011
-0.024216416199604452,-0.02420340511328012,-0.02420401501416614,-0.025322398165575213,-0.0687962719115127,-0.06880109593275947,-0.08838327756636011
-0.024216416199604452,-0.024205740031163648,-0.02420573670178099,-0.025322398165575213,-0.0687962719115127,-0.06880109593275947,-0.08838327756636011
-0.02421734646263348,-0.024207307355809175,-0.024207159207732455,-0.025322398165575213,-0.0687962719115127,-0.06880109593275947,-0.08838327756636011
-0.02421734646263348,-0.02420580464651417,-0.024206801310446103,-0.025322398165575213,-0.0687962719115127,-0.06880109593275947,-0.08838327756636011
-0.02421734646263348,-0.024208417607250534,-0.024206046010152686,-0.025322398165575213,-0.0687962719115127,-0.06880109593275947,-0.08838327756636011
-0.02421734646263348,-0.024208546788672222,-0.024208576356057023,-0.025322398165575213,-0.0687962719115127,-0.06880109593275947,-0.08838327756636011
-0.02421734646263348,-0.024202435053047568,-0.024207885239805254,-0.025322398165575213,-0.0687962719115127,-0.06880109593275947,-0.08838327756636011
-0.02421962515614108,-0.024205143513794266,-0.024206829595809463,-0.025322398165575213,-0.0687962719115127,-0.06880109593275947,-0.08838327756636011
-0.02421962515614108,-0.024209153968015054,-0.024209161166125513,-0.025322398165575213,-0.0687962719115127,-0.06880109593275947,-0.08838327756636011
-0.02421962515614108,-0.02421097351477836,-0.024212078737249582,-0.025322398165575213,-0.0687962719115127,-0.06880109593275947,-0.08838327756636011
-0.02421979898501111,-0.024211258999814276,-0.024211744976856523,-0.025322398165575213,-0.0687962719115127,-0.06880109593275947,-0.08838327756636011
-0.02421979898501111,-0.024211655603368742,-0.024211912006800597,-0.025322398165575213,-0.0687962719115127,-0.06880109593275947,-0.08838327756636011
-0.02421979898501111,-0.024209563039697055,-0.024211258401667407,-0.025322398165575213,-0.0687962719115127,-0.06880109593275947,-0.08838327756636011
-0.02421979898501111,-0.024208737745038872,-0.024210044709184038,-0.025322398165575213,-0.0687962719115127,-0.06880109593275947,-0.08838327756636011
-0.02421979898501111,-0.024210878993523217,-0.0242107725722386,-0.025322398165575213,-0.0687962719115127,-0.06880109593275947,-0.08838327756636011
-0.02421979898501111,-0.024211465768560668,-0.02420957623951474,-0.025322398165575213,-0.0687962719115127,-0.06880109593275947,-0.08838327756636011
-0.02421979898501111,-0.02421220157687721,-0.024207944472110332,-0.025322398165575213,-0.0687962719115127,-0.06880109593275947,-0.08838327756636011
-0.02421979898501111,-0.024211356326764237,-0.02420467862847445,-0.025322398165575213,-0.0687962719115127,-0.06880109593275947,-0.08838327756636011
-0.02421979898501111,-0.024208354973912435,-0.0242024260926599,-0.025322398165575213,-0.0687962719115127,-0.06880109593275947,-0.08838327756636011
-0.02421979898501111,-0.024209052765038788,-0.02420300070083883,-0.025322398165575213,-0.0687962719115127,-0.06880109593275947,-0.08838327756636011
-0.02421979898501111,-0.02420858420332218,-0.024204723630090325,-0.025322398165575213,-0.0687962719115127,-0.06880109593275947,-0.08838327756636011
-0.02421979898501111,-0.024205772768586185,-0.02420075962115287,-0.025322398165575213,-0.0687962719115127,-0.06880109593275947,-0.08838327756636011
-0.024219695610605732,-0.02420494142843641,-0.024203850853453283,-0.025322398165575213,-0.0687962719115127,-0.06880109593275947,-0.08838327756636011
-0.024219695610605732,-0.02420712756628552,-0.02420688546608086,-0.025322398165575213,-0.0687962719115127,-0.06880109593275947,-0.08838327756636011
-0.024220165532069498,-0.02420559443167513,-0.024207915657766817,-0.025322398165575213,-0.0687962719115127,-0.06880109593275947,-0.08838327756636011
-0.024220165532069498,-0.02420767559242121,-0.024207617491568707,-0.025322398165575213,-0.0687962719115127,-0.06880109593275947,-0.08838327756636011
-0.024220165532069498,-0.024208947509128966,-0.024207360953230644,-0.025322398165575213,-0.0687962719115127,-0.06880109593275947,-0.08838327756636011
-0.024220501136097167,-0.02420727786071898,-0.024206814772244113,-0.025322398165575213,-0.0687962719115127,-0.06880109593275947,-0.08838327756636011
-0.024220501136097167,-0.024210516846087046,-0.02421033027114677,-0.025322398165575213,-0.0687962719115127,-0.06880109593275947,-0.08838327756636011
-0.024220501136097167,-0.024211718996946595,-0.024208042772554155,-0.025322398165575213,-0.0687962719115127,-0.06880109593275947,-0.08838327756636011
-0.024221112513949976,-0.024210917633646,-0.024208716657702686,-0.025322398165575213,-0.0687962719115127,-0.06880109593275947,-0.08838327756636011
-0.024221112513949976,-0.02421159282437252,-0.024205498409239728,-0.025322398165575213,-0.0687962719115127,-0.06880109593275947,-0.08838327756636011
-0.02422320732495068,-0.02421039347632371,-0.024202956508006922,-0.025322398165575213,-0.0687962719115127,-0.06880109593275947,-0.08838327756636011
-0.02422412890824725,-0.024208226541839087,-0.024204918463491,-0.025322398165575213,-0.0687962719115127,-0.06880109593275947,-0.08838327756636011
-0.024225049437100687,-0.024209354811824298,-0.024204444226846058,-0.025322398165575213,-0.0687962719115127,-0.06880109593275947,-0.08838327756636011
-0.024225049437100687,-0.02421058744610456,-0.024199309397756535,-0.025322398165575213,-0.0687962719115127,-0.06880109593275947,-0.08838327756636011
-0.024225461593025188,-0.024211578967820127,-0.024199112788810886,-0.025322398165575213,-0.0687962719115127,-0.06880109593275947,-0.08838327756636011
-0.024225461593025188,-0.024212675277066182,-0.024200400005834278,-0.025322398165575213,-0.0687962719115127,-0.06880109593275947,-0.08838327756636011
-0.024225461593025188,-0.024211435808710983,-0.024201644464493695,-0.025322398165575213,-0.0687962719115127,-0.06880109593275947,-0.08838327756636011
-0.024226837765094267,-0.024208488827899114,-0.024201402165692443,-0.025322398165575213,-0.0687962719115127,-0.06880109593275947,-0.08838327756636011
-0.024226837765094267,-0.02420830072935053,-0.02420262344268543,-0.025322398165575213,-0.0687962719115127,-0.06880109593275947,-0.08838327756636011
-0.024226837765094267,-0.02420787796477242,-0.02419652062245094,-0.025322398165575213,-0.0687962719115127,-0.06880109593275947,-0.08838327756636011
-0.024227756156125903,-0.024207758591476343,-0.02419631201832625,-0.025322398165575213,-0.0687962719115127,-0.06880109593275947,-0.08838327756636011
-0.024209977566366767,-0.024204860856897558,-0.02419761885982965,-0.025322398165575213,-0.0687962719115127,-0.06880109593275947,-0.08838327756636011
-0.024209977566366767,-0.024205804860720905,-0.02419469277123816,-0.025322398165575213,-0.0687962719115127,-0.06880109593275947,-0.08838327756636011
-0.024209485598289227,-0.02420563005878161,-0.02419689640199317,-0.025322398165575213,-0.0687962719115127,-0.06880109593275947,-0.08838327756636011
-0.02421041027240413,-0.024207089367028943,-0.024198794816744546,-0.025322398165575213,-0.0687962719115127,-0.06880109593275947,-0.08838327756636011
-0.02421041027240413,-0.024204803211779875,-0.024196417121245303,-0.025322398165575213,-0.0687962719115127,-0.06880109593275947,-0.08838327756636011
-0.024211791112486995,-0.024203426425498397,-0.024197755355619265,-0.025322398165575213,-0.0687962719115127,-0.06880109593275947,-0.08838327756636011
-0.024211791112486995,-0.024202775221388327,-0.02419377724100173,-0.025322398165575213,-0.0687962719115127,-0.06880109593275947,-0.08838327756636011
-0.024211791112486995,-0.02420121967131206,-0.024194927866184057,-0.025322398165575213,-0.0687962719115127,-0.06880109593275947,-0.08838327756636011
-0.024211611413182177,-0.02420117205037811,-0.024195075525112457,-0.025322398165575213,-0.0687962719115127,-0.06880109593275947,-0.08838327756636011
-0.024211611413182177,-0.024197616220873578,-0.024196469614730102,-0.025322398165575213,-0.0687962719115127,-0.06880109593275947,-0.08838327756636011
-0.024211611413182177,-0.024197314762535903,-0.02419789322666524,-0.025322398165575213,-0.0687962719115127,-0.06880109593275947,-0.08838327756636011
-0.024211611413182177,-0.024198025865386715,-0.024199782284295958,-0.025322398165575213,-0.0687962719115127,-0.06880109593275947,-0.08838327756636011
-0.024211611413182177,-0.024198694492596328,-0.024200476361119008,-0.025322398165575213,-0.0687962719115127,-0.06880109593275947,-0.08838327756636011
-0.024211611413182177,-0.024201490861363778,-0.024201498252789437,-0.025322398165575213,-0.0687962719115127,-0.06880109593275947,-0.08838327756636011
-0.02421222297888773,-0.024198490367775407,-0.024200939402152816,-0.025322398165575213,-0.0687962719115127,-0.06880109593275947,-0.08838327756636011
-0.024212215436079498,-0.024198450838617682,-0.024200435808053217,-0.025322398165575213,-0.0687962719115127,-0.06880109593275947,-0.08838327756636011
-0.024212215436079498,-0.02419574250604687,-0.02420083799521874,-0.025322398165575213,-0.0687962719115127,-0.06880109593275947,-0.08838327756636011
-0.024212215436079498,-0.02419658403849225,-0.024199998379170362,-0.025322398165575213,-0.0687962719115127,-0.06880109593275947,-0.08838327756636011
-0.024212215436079498,-0.0241934392733384,-0.024198651305012617,-0.025322398165575213,-0.0687962719115127,-0.06880109593275947,-0.08838327756636011
-0.024212215436079498,-0.02419200991552477,-0.024198102734608512,-0.025322398165575213,-0.0687962719115127,-0.06880109593275947,-0.08838327756636011
-0.024212215436079498,-0.02419391272504399,-0.02419710915151817,-0.025322398165575213,-0.0687962719115127,-0.06880109593275947,-0.08838327756636011
-0.024212215436079498,-0.024191757807958562,-0.024196625622332074,-0.025322398165575213,-0.0687962719115127,-0.06880109593275947,-0.08838327756636011
-0.024215885123902423,-0.024191023116466297,-0.024197265109139502,-0.025322398165575213,-0.0687962719115127,-0.06880109593275947,-0.08838327756636011
-0.024217258558561956,-0.024193903811631726,-0.024197806150645023,-0.025322398165575213,-0.0687962719115127,-0.06880109593275947,-0.08838327756636011
-0.024217258558561956,-0.02419022964635832,-0.024197170918745594,-0.025322398165575213,-0.0687962719115127,-0.06880109593275947,-0.08838327756636011
-0.02420808505311885,-0.02419498091729895,-0.024196550519885913,-0.025322398165575213,-0.0687962719115127,-0.06880109593275947,-0.08838327756636011
-0.02420808505311885,-0.024197956682234754,-0.024197612955890534,-0.025322398165575213,-0.0687962719115127,-0.06880109593275947,-0.08838327756636011
-0.02420808505311885,-0.02419809408640279,-0.024198114711111104,-0.025322398165575213,-0.0687962719115127,-0.06880109593275947,-0.08838327756636011
-0.02420808505311885,-0.024199947102408657,-0.02419996415021812,-0.025322398165575213,-0.0687962719115127,-0.06880109593275947,-0.08838327756636011
-0.02420808505311885,-0.024193101408442608,-0.02419860863257147,-0.025322398165575213,-0.0687962719115127,-0.06880109593275947,-0.08838327756636011
-0.024208423125503233,-0.024193402179972248,-0.024198229892928812,-0.025322398165575213,-0.0687962719115127,-0.06880109593275947,-0.08838327756636011
-0.024208423125503233,-0.024196193133487292,-0.024198519098026554,-0.025322398165575213,-0.0687962719115127,-0.06880109593275947,-0.08838327756636011
-0.024208423125503233,-0.024196373410020816,-0.024198535779128838,-0.025322398165575213,-0.0687962719115127,-0.06880109593275947,-0.08838327756636011
-0.024208423125503233,-0.02419207953030491,-0.024198210463228762,-0.025322398165575213,-0.0687962719115127,-0.06880109593275947,-0.08838327756636011
-0.024208423125503233,-0.024191924528334706,-0.024197216438735437,-0.025322398165575213,-0.0687962719115127,-0.06880109593275947,-0.08838327756636011
-0.024208423125503233,-0.024194410999829323,-0.024197744730561972,-0.025322398165575213,-0.0687962719115127,-0.06880109593275947,-0.08838327756636011
-0.024208423125503233,-0.02419429164839628,-0.024196972024153978,-0.025322398165575213,-0.0687962719115127,-0.06880109593275947,-0.08838327756636011
-0.024208423125503233,-0.024195035531963855,-0.024197119161625088,-0.025322398165575213,-0.0687962719115127,-0.06880109593275947,-0.08838327756636011
-0.024209342124495627,-0.024190566756029187,-0.02419747480691895,-0.025322398165575213,-0.0687962719115127,-0.06880109593275947,-0.08838327756636011
-0.024210730029947086,-0.024191535403341242,-0.02419734207738578,-0.025322398165575213,-0.0687962719115127,-0.06880109593275947,-0.08838327756636011
-0.024210730029947086,-0.024195053261020723,-0.02419764712231046,-0.025322398165575213,-0.0687962719115127,-0.06880109593275947,-0.08838327756636011
-0.024210730029947086,-0.024197921246895928,-0.02419856035188605,-0.025322398165575213,-0.0687962719115127,-0.06880109593275947,-0.08838327756636011
-0.024210730029947086,-0.02419943884103171,-0.024199498422624702,-0.025322398165575213,-0.0687962719115127,-0.06880109593275947,-0.08838327756636011
-0.02421059569381408,-0.02420046792938264,-0.024200793762492748,-0.025322398165575213,-0.0687962719115127,-0.06880109593275947,-0.08838327756636011
-0.02421059569381408,-0.024197486630128703,-0.02419878785888812,-0.025322398165575213,-0.0687962719115127,-0.06880109593275947,-0.08838327756636011
-0.024203880374648674,-0.024198107328472516,-0.02419891318276575,-0.025322398165575213,-0.0687962719115127,-0.06880109593275947,-0.08838327756636011
-0.024203880374648674,-0.024198774059724055,-0.024198551990941154,-0.025322398165575213,-0.0687962719115127,-0.06880109593275947,-0.08838327756636011
-0.024203880374648674,-0.024197803720367228,-0.024199224274704285,-0.025322398165575213,-0.0687962719115127,-0.06880109593275947,-0.08838327756636011
-0.024198736616598646,-0.024197876022046427,-0.024199466860561635,-0.025322398165575213,-0.0687962719115127,-0.06880109593275947,-0.08838327756636011
-0.024199392635918745,-0.0241945035560117,-0.02419959851875194,-0.025650935198681533,-0.0687962719115127,-0.06880109593275947,-0.08838327756636011
-0.024191915475864766,-0.02419455000933818,-0.02419959851875194,-0.025650935198681533,-0.0687962719115127,-0.06880109593275947,-0.08838327756636011
-0.024172400511051493,-0.024194131330306342,-0.02419959851875194,-0.025650935198681533,-0.0687962719115127,-0.06880109593275947,-0.08838327756636011
-0.024194681369918435,-0.024194868852790513,-0.024199824724619592,-0.025650935198681533,-0.0687962719115127,-0.06880109593275947,-0.08838327756636011
-0.02415574830296329,-0.024195178904005386,-0.024199824724619592,-0.025650935198681533,-0.0687962719115127,-0.06880109593275947,-0.08838327756636011
-0.024152142619583226,-0.024195948828344457,-0.024199872993043433,-0.025650935198681533,-0.0687962719115127,-0.06880109593275947,-0.08838327756636011
-0.024163110443209138,-0.024195501707012467,-0.024199872993043433,-0.025650935198681533,-0.0687962719115127,-0.06880109593275947,-0.08838327756636011
-0.024144847486241527,-0.02419603678895588,-0.024199872993043433,-0.025650935198681533,-0.0687962719115127,-0.06880109593275947,-0.08838327756636011
-0.024139196194621543,-0.02419670511459603,-0.02419996884678823,-0.025650935198681533,-0.0687962719115127,-0.06880109593275947,-0.08838327756636011
-0.024147713656388004,-0.02419633964311769,-0.02419996884678823,-0.025650935198681533,-0.0687962719115127,-0.06880109593275947,-0.08838327756636011
-0.024138099306255302,-0.024196909103360614,-0.02419996884678823,-0.025650935198681533,-0.0687962719115127,-0.06880109593275947,-0.08838327756636011
-0.024127289567485687,-0.024197197443987278,-0.02419996884678823,-0.025650935198681533,-0.0687962719115127,-0.06880109593275947,-0.08838327756636011
-0.024141368427458006,-0.02419700934103194,-0.02419996884678823,-0.025650935198681533,-0.0687962719115127,-0.06880109593275947,-0.08838327756636011
-0.024149586979268358,-0.024195421736366133,-0.02420003004042373,-0.025650935198681533,-0.0687962719115127,-0.06880109593275947,-0.08838327756636011
-0.024167793848380893,-0.02419590539521157,-0.02420003004042373,-0.025650935198681533,-0.0687962719115127,-0.06880109593275947,-0.08838327756636011
-0.02416435522590046,-0.024196650695164267,-0.02420003004042373,-0.025650935198681533,-0.0687962719115127,-0.06880109593275947,-0.08838327756636011
-0.024177839288765633,-0.024196936035870305,-0.02420003004042373,-0.025650935198681533,-0.0687962719115127,-0.06880109593275947,-0.08838327756636011
-0.024191316948998114,-0.024197852136926105,-0.024200095828270807,-0.025650935198681533,-0.0687962719115127,-0.06880109593275947,-0.08838327756636011
-0.024184044701082767,-0.024197820484014226,-0.024200132205337573,-0.025650935198681533,-0.0687962719115127,-0.06880109593275947,-0.08838327756636011
-0.024186347177068086,-0.024198629923733665,-0.024200132205337573,-0.025650935198681533,-0.0687962719115127,-0.06880109593275947,-0.08838327756636011
-0.02419663584086589,-0.024197367273600816,-0.024200132205337573,-0.025650935198681533,-0.0687962719115127,-0.06880109593275947,-0.08838327756636011
-0.0241977730378706,-0.024197022773886304,-0.02420015815618024,-0.025650935198681533,-0.0687962719115127,-0.06880109593275947,-0.08838327756636011
-0.024199035306053177,-0.024197742736271857,-0.02420022392826884,-0.025650935198681533,-0.0687962719115127,-0.06880109593275947,-0.08838327756636011
-0.024200728461078933,-0.024198957764142253,-0.024200322048380386,-0.025650935198681533,-0.0687962719115127,-0.06880109593275947,-0.08838327756636011
-0.024201758400190905,-0.024198044894866724,-0.024200715701184775,-0.025650935198681533,-0.0687962719115127,-0.06880109593275947,-0.08838327756636011
-0.024201758400190905,-0.024200944765248977,-0.02420089647324345,-0.025650935198681533,-0.0687962719115127,-0.06880109593275947,-0.08838327756636011
-0.024201758400190905,-0.02420081732411207,-0.02420174634865125,-0.025650935198681533,-0.0687962719115127,-0.06880109593275947,-0.08838327756636011
-0.024202143819828964,-0.02420125263296198,-0.02420210736976705,-0.025650935198681533,-0.0687962719115127,-0.06880109593275947,-0.08838327756636011
-0.024202762371127506,-0.02419881992146068,-0.024201291586329658,-0.025650935198681533,-0.0687962719115127,-0.06880109593275947,-0.08838327756636011
-0.024202762371127506,-0.02419947376875109,-0.024201453068538385,-0.025650935198681533,-0.0687962719115127,-0.06880109593275947,-0.08838327756636011
-0.024203204827293837,-0.024203024517729252,-0.024202029941840557,-0.025650935198681533,-0.0687962719115127,-0.06880109593275947,-0.08838327756636011
-0.024203204827293837,-0.024201199382508896,-0.02420114957699421,-0.025650935198681533,-0.0687962719115127,-0.06880109593275947,-0.08838327756636011
-0.024203204827293837,-0.0241984017218561,-0.024200697092944406,-0.025650935198681533,-0.0687962719115127,-0.06880109593275947,-0.08838327756636011
-0.024203647043386286,-0.024198542430383982,-0.024199115867676566,-0.025650935198681533,-0.0687962719115127,-0.06880109593275947,-0.08838327756636011
-0.024204642655361593,-0.024196743179926077,-0.0241982387483279,-0.025650935198681533,-0.0687962719115127,-0.06880109593275947,-0.08838327756636011
-0.024204628189496934,-0.0241922143185699,-0.024198210326779934,-0.025650935198681533,-0.0687962719115127,-0.06880109593275947,-0.08838327756636011
-0.024204628189496934,-0.024191139897058962,-0.02419865613573029,-0.025650935198681533,-0.0687962719115127,-0.06880109593275947,-0.08838327756636011
-0.024205068718886575,-0.0241917108029726,-0.0241984735258,-0.025650935198681533,-0.0687962719115127,-0.06880109593275947,-0.08838327756636011
-0.024205068718886575,-0.02419233638038685,-0.02419926073899476,-0.025650935198681533,-0.0687962719115127,-0.06880109593275947,-0.08838327756636011
-0.024205068718886575,-0.024190481794223603,-0.0241995701779148,-0.025650935198681533,-0.0687962719115127,-0.06880109593275947,-0.08838327756636011
-0.02420572756183438,-0.024189038279466887,-0.024199344884569443,-0.025650935198681533,-0.0687962719115127,-0.06880109593275947,-0.08838327756636011
-0.02420572756183438,-0.024193659247032928,-0.02419895060369887,-0.025650935198681533,-0.0687962719115127,-0.06880109593275947,-0.08838327756636011
-0.02420572756183438,-0.024196349302677056,-0.024197884434246756,-0.025650935198681533,-0.0687962719115127,-0.06880109593275947,-0.08838327756636011
-0.02420572756183438,-0.024197271336153285,-0.02419808998953652,-0.025650935198681533,-0.0687962719115127,-0.06880109593275947,-0.08838327756636011
-0.02420572756183438,-0.024197724628396748,-0.024198572290040733,-0.025650935198681533,-0.0687962719115127,-0.06880109593275947,-0.08838327756636011
-0.024205890046633753,-0.02419837974277648,-0.024198044439243657,-0.025650935198681533,-0.0687962719115127,-0.06880109593275947,-0.08838327756636011
-0.024206063001585114,-0.024198426776005127,-0.024198524228788064,-0.025650935198681533,-0.0687962719115127,-0.06880109593275947,-0.08838327756636011
-0.024206063001585114,-0.02419393103978667,-0.024198671557326988,-0.025650935198681533,-0.0687962719115127,-0.06880109593275947,-0.08838327756636011
-0.024206063001585114,-0.02419581383968183,-0.02419880103426257,-0.025650935198681533,-0.0687962719115127,-0.06880109593275947,-0.08838327756636011
-0.024206063001585114,-0.024195172734626538,-0.02419818069299343,-0.025650935198681533,-0.0687962719115127,-0.06880109593275947,-0.08838327756636011
-0.024206063001585114,-0.024196447987311735,-0.024198600416132535,-0.025650935198681533,-0.0687962719115127,-0.06880109593275947,-0.08838327756636011
-0.02420716068703579,-0.024196155170570378,-0.024199238972158508,-0.025650935198681533,-0.0687962719115127,-0.06880109593275947,-0.08838327756636011
-0.024207366032672956,-0.02419681157714451,-0.02419790038842022,-0.025650935198681533,-0.0687962719115127,-0.06880109593275947,-0.08838327756636011
-0.024207366032672956,-0.024199004344779652,-0.024199377241640976,-0.025650935198681533,-0.0687962719115127,-0.06880109593275947,-0.08838327756636011
-0.024207366032672956,-0.02419881786475902,-0.024197601587847263,-0.025650935198681533,-0.0687962719115127,-0.06880109593275947,-0.08838327756636011
-0.024207366032672956,-0.024198305024420313,-0.024197994770583032,-0.025650935198681533,-0.0687962719115127,-0.06880109593275947,-0.08838327756636011
-0.024207366032672956,-0.02419756847997603,-0.02419841273374223,-0.025650935198681533,-0.0687962719115127,-0.06880109593275947,-0.08838327756636011
-0.024207805926426035,-0.02419682722550893,-0.024197066758090597,-0.025650935198681533,-0.0687962719115127,-0.06880109593275947,-0.08838327756636011
-0.024207967585346754,-0.024196737974249684,-0.024196939396557135,-0.025650935198681533,-0.0687962719115127,-0.06880109593275947,-0.08838327756636011
-0.024207967585346754,-0.024196290122018675,-0.02419638087936755,-0.025650935198681533,-0.0687962719115127,-0.06880109593275947,-0.08838327756636011
-0.024207967585346754,-0.024197662876804204,-0.024197139867334464,-0.025650935198681533,-0.0687962719115127,-0.06880109593275947,-0.08838327756636011
-0.024209063415941413,-0.02419782904343838,-0.02419786299830088,-0.025650935198681533,-0.0687962719115127,-0.06880109593275947,-0.08838327756636011
-0.024209063415941413,-0.02419532236750999,-0.02419839872292263,-0.025650935198681533,-0.0687962719115127,-0.06880109593275947,-0.08838327756636011
-0.024209502375381445,-0.02419335733631354,-0.024198991393041984,-0.025650935198681533,-0.0687962719115127,-0.06880109593275947,-0.08838327756636011
-0.024209502375381445,-0.024195800675942913,-0.02419938776857597,-0.025650935198681533,-0.0687962719115127,-0.06880109593275947,-0.08838327756636011
-0.024210164984056554,-0.02419503948200436,-0.024199802722123225,-0.025650935198681533,-0.0687962719115127,-0.06880109593275947,-0.08838327756636011
-0.024210820231508334,-0.024191116601619586,-0.024198014234627405,-0.025650935198681533,-0.0687962719115127,-0.06880109593275947,-0.08838327756636011
-0.024210820231508334,-0.02419190840459391,-0.02419842522314367,-0.025650935198681533,-0.0687962719115127,-0.06880109593275947,-0.08838327756636011
-0.024210820231508334,-0.02419584127430336,-0.024198846440911293,-0.025650935198681533,-0.0687962719115127,-0.06880109593275947,-0.08838327756636011
-0.024211258242607833,-0.024198401446841964,-0.024199452871409892,-0.025650935198681533,-0.0687962719115127,-0.06880109593275947,-0.08838327756636011
-0.024211258242607833,-0.024194270204256633,-0.024197767670624853,-0.025650935198681533,-0.0687962719115127,-0.06880109593275947,-0.08838327756636011
-0.024212278668003146,-0.024194321497280628,-0.024197718399743422,-0.025650935198681533,-0.0687962719115127,-0.06880109593275947,-0.08838327756636011
-0.024212278668003146,-0.024194374779704545,-0.02419814809081494,-0.025650935198681533,-0.0687962719115127,-0.06880109593275947,-0.08838327756636011
-0.024212278668003146,-0.02419111540024675,-0.02419696821080847,-0.025650935198681533,-0.0687962719115127,-0.06880109593275947,-0.08838327756636011
-0.024212278668003146,-0.024191367088430973,-0.02419743905729023,-0.025650935198681533,-0.0687962719115127,-0.06880109593275947,-0.08838327756636011
-0.024212278668003146,-0.024194882511000108,-0.024197814489053126,-0.025650935198681533,-0.0687962719115127,-0.06880109593275947,-0.08838327756636011
-0.024212278668003146,-0.02419775665176003,-0.024197671539569258,-0.025650935198681533,-0.0687962719115127,-0.06880109593275947,-0.08838327756636011
-0.024212716049189346,-0.024198052616754052,-0.02419820969951818,-0.025650935198681533,-0.0687962719115127,-0.06880109593275947,-0.08838327756636011
-0.024212716049189346,-0.02419875357933366,-0.024196889016201196,-0.025650935198681533,-0.0687962719115127,-0.06880109593275947,-0.08838327756636011
-0.024212716049189346,-0.024200315829122118,-0.024200266610127148,-0.025650935198681533,-0.0687962719115127,-0.06880109593275947,-0.08838327756636011
-0.024212716049189346,-0.024196438133613694,-0.024199812749711558,-0.025650935198681533,-0.0687962719115127,-0.06880109593275947,-0.08838327756636011
-0.024213138411741723,-0.024198516032482263,-0.024200145610427208,-0.025650935198681533,-0.0687962719115127,-0.06880109593275947,-0.08838327756636011
-0.024213138411741723,-0.024197225528855174,-0.024199789358524716,-0.025650935198681533,-0.0687962719115127,-0.06880109593275947,-0.08838327756636011
-0.024209596226214217,-0.024194693437840357,-0.024200313414993593,-0.025650935198681533,-0.0687962719115127,-0.06880109593275947,-0.08838327756636011
-0.024209596226214217,-0.024194184873161616,-0.02420005063915282,-0.025650935198681533,-0.0687962719115127,-0.06880109593275947,-0.08838327756636011
-0.0242100342063369,-0.024196593305660753,-0.02419881596905504,-0.025650935198681533,-0.0687962719115127,-0.06880109593275947,-0.08838327756636011
-0.0242100342063369,-0.024196730524309033,-0.024198779357358022,-0.025650935198681533,-0.0687962719115127,-0.06880109593275947,-0.08838327756636011
-0.0242100342063369,-0.02419629954142479,-0.02419802463439256,-0.025650935198681533,-0.0687962719115127,-0.06880109593275947,-0.08838327756636011
-0.0242100342063369,-0.02419520812075518,-0.024197779382135715,-0.025650935198681533,-0.0687962719115127,-0.06880109593275947,-0.08838327756636011
-0.0242100342063369,-0.02419753724928295,-0.02419749626772319,-0.025650935198681533,-0.0687962719115127,-0.06880109593275947,-0.08838327756636011
-0.0242100342063369,-0.02419706315725138,-0.024194944989766095,-0.025650935198681533,-0.0687962719115127,-0.06880109593275947,-0.08838327756636011
-0.02421048563046277,-0.02419686750302124,-0.024196290488188762,-0.025650935198681533,-0.0687962719115127,-0.06880109593275947,-0.08838327756636011
-0.02421048563046277,-0.024197909713024487,-0.024197883113880613,-0.025650935198681533,-0.0687962719115127,-0.06880109593275947,-0.08838327756636011
-0.02421048563046277,-0.024198321120605493,-0.024196841816893532,-0.025650935198681533,-0.0687962719115127,-0.06880109593275947,-0.08838327756636011
-0.02421048563046277,-0.024199092368280852,-0.02419707353080052,-0.025650935198681533,-0.0687962719115127,-0.06880109593275947,-0.08838327756636011
-0.02421048563046277,-0.024197327040583437,-0.024196790334683835,-0.025650935198681533,-0.0687962719115127,-0.06880109593275947,-0.08838327756636011
-0.02421092266997626,-0.024197335243573502,-0.02419725025448329,-0.025650935198681533,-0.0687962719115127,-0.06880109593275947,-0.08838327756636011
-0.02421092266997626,-0.024197069393144848,-0.024197124033515302,-0.025650935198681533,-0.0687962719115127,-0.06880109593275947,-0.08838327756636011
-0.02421157577273017,-0.0241972002261501,-0.024196716906599858,-0.025650935198681533,-0.0687962719115127,-0.06880109593275947,-0.08838327756636011
-0.02421157577273017,-0.02419757733867296,-0.02419410400771542,-0.025650935198681533,-0.0687962719115127,-0.06880109593275947,-0.08838327756636011
-0.02421157577273017,-0.024197312595082753,-0.02419305738280073,-0.025650935198681533,-0.0687962719115127,-0.06880109593275947,-0.08838327756636011
-0.02421201228351653,-0.024197771329131704,-0.024195407429745366,-0.025650935198681533,-0.0687962719115127,-0.06880109593275947,-0.08838327756636011
-0.024212664741539804,-0.024197583822955806,-0.024197929204526344,-0.025650935198681533,-0.0687962719115127,-0.06880109593275947,-0.08838327756636011
-0.024212664741539804,-0.02419568917397651,-0.024197712103214277,-0.025650935198681533,-0.0687962719115127,-0.06880109593275947,-0.08838327756636011
-0.024212664741539804,-0.024192459652764137,-0.024196162553666172,-0.025650935198681533,-0.0687962719115127,-0.06880109593275947,-0.08838327756636011
-0.024212664741539804,-0.02419316672201867,-0.024195470207936207,-0.025650935198681533,-0.0687962719115127,-0.06880109593275947,-0.08838327756636011
-0.024212664741539804,-0.024193853311709985,-0.0241959718700492,-0.025650935198681533,-0.0687962719115127,-0.06880109593275947,-0.08838327756636011
-0.02421286200960747,-0.024196445525361217,-0.024196369332056464,-0.025650935198681533,-0.0687962719115127,-0.06880109593275947,-0.08838327756636011
-0.02421286200960747,-0.02419726382105479,-0.024196580128278973,-0.025650935198681533,-0.0687962719115127,-0.06880109593275947,-0.08838327756636011
-0.02421286200960747,-0.02419731168725421,-0.02419726630839974,-0.025650935198681533,-0.0687962719115127,-0.06880109593275947,-0.08838327756636011
-0.02421286200960747,-0.024197504883539687,-0.024197149175104352,-0.025650935198681533,-0.0687962719115127,-0.06880109593275947,-0.08838327756636011
-0.02421286200960747,-0.024197375901645536,-0.024196648038491957,-0.025650935198681533,-0.0687962719115127,-0.06880109593275947,-0.08838327756636011
-0.024213686622895136,-0.024197180581556246,-0.024197197259487106,-0.025650935198681533,-0.0687962719115127,-0.06880109593275947,-0.08838327756636011
-0.024213686622895136,-0.024195626306711262,-0.024197628779482484,-0.025650935198681533,-0.0687962719115127,-0.06880109593275947,-0.08838327756636011
-0.024213686622895136,-0.024198406083926354,-0.0241983807275228,-0.025650935198681533,-0.0687962719115127,-0.06880109593275947,-0.08838327756636011
-0.024213686622895136,-0.024199243418337534,-0.02419864245484649,-0.025650935198681533,-0.0687962719115127,-0.06880109593275947,-0.08838327756636011
-0.024213686622895136,-0.024199744160441797,-0.024197440125943635,-0.025650935198681533,-0.0687962719115127,-0.06880109593275947,-0.08838327756636011
-0.02420924397030307,-0.024199522735035582,-0.024195960341615703,-0.025650935198681533,-0.0687962719115127,-0.06880109593275947,-0.08838327756636011
-0.02420924397030307,-0.0241993037568305,-0.02419606659121569,-0.025650935198681533,-0.0687962719115127,-0.06880109593275947,-0.08838327756636011
-0.02420924397030307,-0.02419806114055157,-0.02419738605370655,-0.025650935198681533,-0.0687962719115127,-0.06880109593275947,-0.08838327756636011
-0.02420924397030307,-0.024197201198116594,-0.024197595360562055,-0.025650935198681533,-0.0687962719115127,-0.06880109593275947,-0.08838327756636011
-0.02420941790048385,-0.024197030951199825,-0.02419785202876741,-0.025650935198681533,-0.0687962719115127,-0.06880109593275947,-0.08838327756636011
-0.02420941790048385,-0.024198553625362964,-0.024198589371289315,-0.025650935198681533,-0.0687962719115127,-0.06880109593275947,-0.08838327756636011
-0.02420941790048385,-0.024198526728174914,-0.02419852482176122,-0.025650935198681533,-0.0687962719115127,-0.06880109593275947,-0.08838327756636011
-0.024209853935780193,-0.024199209756379823,-0.024198511339825386,-0.025650935198681533,-0.0687962719115127,-0.06880109593275947,-0.08838327756636011
-0.02421028973696362,-0.024198804687533975,-0.02419864421344771,-0.025650935198681533,-0.0687962719115127,-0.06880109593275947,-0.08838327756636011
-0.02421028973696362,-0.024199586658779873,-0.024198347491754476,-0.025650935198681533,-0.0687962719115127,-0.06880109593275947,-0.08838327756636011
-0.02421028973696362,-0.024199373598561794,-0.02419805074325273,-0.025650935198681533,-0.0687962719115127,-0.06880109593275947,-0.08838327756636011
-0.02421028973696362,-0.02419987323183081,-0.024198449518049565,-0.025650935198681533,-0.0687962719115127,-0.06880109593275947,-0.08838327756636011
-0.02421028973696362,-0.024199806383764337,-0.02419656684818729,-0.025650935198681533,-0.0687962719115127,-0.06880109593275947,-0.08838327756636011
-0.0242063310160659,-0.024198848360726204,-0.024198821895069816,-0.025650935198681533,-0.0687962719115127,-0.06880109593275947,-0.08838327756636011
-0.024206767411540146,-0.024198232068033985,-0.024199543834033183,-0.025650935198681533,-0.0687962719115127,-0.06880109593275947,-0.08838327756636011
-0.024206767411540146,-0.02419914877643555,-0.024199663020147977,-0.025650935198681533,-0.0687962719115127,-0.06880109593275947,-0.08838327756636011
-0.024206767411540146,-0.02419776306750399,-0.02420001005596036,-0.025650935198681533,-0.0687962719115127,-0.06880109593275947,-0.08838327756636011
-0.024206767411540146,-0.024197683577615994,-0.0241991760900038,-0.025650935198681533,-0.0687962719115127,-0.06880109593275947,-0.08838327756636011
-0.024207288038816242,-0.024199305492105014,-0.024198864239235604,-0.025650935198681533,-0.0687962719115127,-0.06880109593275947,-0.08838327756636011
-0.024207288038816242,-0.024198071476149864,-0.024198062215142764,-0.025650935198681533,-0.0687962719115127,-0.06880109593275947,-0.08838327756636011
-0.024207288038816242,-0.024197657766061486,-0.024193499701632207,-0.025650935198681533,-0.0687962719115127,-0.06880109593275947,-0.08838327756636011
-0.02420772382689055,-0.024198286515344947,-0.024195401215629544,-0.025650935198681533,-0.0687962719115127,-0.06880109593275947,-0.08838327756636011
-0.02420772382689055,-0.024197916910056263,-0.024197362749354977,-0.025650935198681533,-0.0687962719115127,-0.06880109593275947,-0.08838327756636011
-0.02420772382689055,-0.024196776162790434,-0.024197366633556962,-0.025650935198681533,-0.0687962719115127,-0.06880109593275947,-0.08838327756636011
-0.024208653011907052,-0.024196973761359285,-0.02419771460841098,-0.025650935198681533,-0.0687962719115127,-0.06880109593275947,-0.08838327756636011
-0.02420470258894623,-0.024198865526307515,-0.02419771419730401,-0.025650935198681533,-0.0687962719115127,-0.06880109593275947,-0.08838327756636011
-0.02420470258894623,-0.02419865898249597,-0.024198674238308352,-0.025650935198681533,-0.0687962719115127,-0.06880109593275947,-0.08838327756636011
-0.024206224405460077,-0.024200333194760282,-0.024200371505910808,-0.025650935198681533,-0.0687962719115127,-0.06880109593275947,-0.08838327756636011
-0.024206224405460077,-0.024201342851509725,-0.02420128982637627,-0.025650935198681533,-0.0687962719115127,-0.06880109593275947,-0.08838327756636011
-0.024206224405460077,-0.024200479679344824,-0.024200532702134445,-0.025650935198681533,-0.0687962719115127,-0.06880109593275947,-0.08838327756636011
-0.024206365370006633,-0.024200550174578835,-0.024199341132589487,-0.025650935198681533,-0.0687962719115127,-0.06880109593275947,-0.08838327756636011
-0.024206365370006633,-0.02420028753508153,-0.024200333196759273,-0.025650935198681533,-0.0687962719115127,-0.06880109593275947,-0.08838327756636011
-0.024206365370006633,-0.02419977089972269,-0.024199763451758474,-0.025650935198681533,-0.0687962719115127,-0.06880109593275947,-0.08838327756636011
-0.024206565971059003,-0.024200589458901762,-0.024200401856969027,-0.025650935198681533,-0.0687962719115127,-0.06880109593275947,-0.08838327756636011
-0.024206565971059003,-0.02420017288138997,-0.024199021404161154,-0.025650935198681533,-0.0687962719115127,-0.06880109593275947,-0.08838327756636011
-0.024206565971059003,-0.02420059147307264,-0.024199527900645796,-0.025650935198681533,-0.0687962719115127,-0.06880109593275947,-0.08838327756636011
-0.024206565971059003,-0.024200479516252347,-0.024197199149463115,-0.025650935198681533,-0.0687962719115127,-0.06880109593275947,-0.08838327756636011
-0.024206643900477335,-0.024200581661295913,-0.024199719112984942,-0.025650935198681533,-0.0687962719115127,-0.06880109593275947,-0.08838327756636011
-0.02420729378076552,-0.02420115790235617,-0.024201126308563106,-0.025650935198681533,-0.0687962719115127,-0.06880109593275947,-0.08838327756636011
-0.024202757343642904,-0.024201853260808457,-0.024201877223251525,-0.025650935198681533,-0.0687962719115127,-0.06880109593275947,-0.08838327756636011
-0.024202757343642904,-0.02420061922715277,-0.024202551492511215,-0.025650935198681533,-0.0687962719115127,-0.06880109593275947,-0.08838327756636011
-0.024202757343642904,-0.02420029310770484,-0.02420274924290554,-0.025650935198681533,-0.0687962719115127,-0.06880109593275947,-0.08838327756636011
-0.02420340764878792,-0.024200673773638662,-0.02420292827480771,-0.025650935198681533,-0.0687962719115127,-0.06880109593275947,-0.08838327756636011
-0.02420340764878792,-0.024201212455715018,-0.02420082106183555,-0.025650935198681533,-0.0687962719115127,-0.06880109593275947,-0.08838327756636011
-0.02420340764878792,-0.024201118868275813,-0.024200186866946877,-0.025650935198681533,-0.0687962719115127,-0.06880109593275947,-0.08838327756636011
-0.024199899709967842,-0.02420158021039882,-0.024198894856528073,-0.025650935198681533,-0.0687962719115127,-0.06880109593275947,-0.08838327756636011
-0.024197795185096807,-0.024201633988194575,-0.02419799631516745,-0.025650935198681533,-0.0687962719115127,-0.06880109593275947,-0.08838327756636011
-0.02420076900893025,-0.024201633988194575,-0.024197468754430893,-0.025650935198681533,-0.0687962719115127,-0.06880109593275947,-0.08838327756636011
-0.024202130199445827,-0.02420173570564423,-0.024198367293769577,-0.025650935198681533,-0.0687962719115127,-0.06880109593275947,-0.08838327756636011
-0.024202130199445827,-0.024201511732732234,-0.02419795431764545,-0.025650935198681533,-0.0687962719115127,-0.06880109593275947,-0.08838327756636011
-0.024202130199445827,-0.024202106185581926,-0.024196132421658318,-0.025650935198681533,-0.0687962719115127,-0.06880109593275947,-0.08838327756636011
-0.02420255853010355,-0.024201971587020667,-0.02419709921243932,-0.025650935198681533,-0.0687962719115127,-0.06880109593275947,-0.08838327756636011
-0.02420255853010355,-0.024202472889797735,-0.024198019633809555,-0.025650935198681533,-0.0687962719115127,-0.06880109593275947,-0.08838327756636011
-0.024203416849778024,-0.02420300039653399,-0.024199752559989428,-0.025650935198681533,-0.0687962719115127,-0.06880109593275947,-0.08838327756636011
-0.024203844505641125,-0.024203503870204306,-0.02419808004150256,-0.025650935198681533,-0.0687962719115127,-0.06880109593275947,-0.08838327756636011
-0.024203844505641125,-0.024203567915578202,-0.024198976003543295,-0.025650935198681533,-0.0687962719115127,-0.06880109593275947,-0.08838327756636011
-0.02420418147373283,-0.024203879728473342,-0.024197537854563845,-0.025650935198681533,-0.0687962719115127,-0.06880109593275947,-0.08838327756636011
-0.02420418147373283,-0.024203115412205347,-0.02419727049854233,-0.025650935198681533,-0.0687962719115127,-0.06880109593275947,-0.08838327756636011
-0.02420418147373283,-0.024203314364223613,-0.024197289174491713,-0.025650935198681533,-0.0687962719115127,-0.06880109593275947,-0.08838327756636011
-0.02420418147373283,-0.02420323094807271,-0.024198471949543776,-0.025650935198681533,-0.0687962719115127,-0.06880109593275947,-0.08838327756636011
-0.02420418147373283,-0.024202642049211836,-0.02419788257946724,-0.025650935198681533,-0.0687962719115127,-0.06880109593275947,-0.08838327756636011
-0.024204264893545345,-0.024201931324398136,-0.02419712105743717,-0.025650935198681533,-0.0687962719115127,-0.06880109593275947,-0.08838327756636011
-0.024204264893545345,-0.024201620334267603,-0.024196943941539387,-0.025650935198681533,-0.0687962719115127,-0.06880109593275947,-0.08838327756636011
-0.024204264893545345,-0.024201291487728132,-0.024197364660916224,-0.025650935198681533,-0.0687962719115127,-0.06880109593275947,-0.08838327756636011
-0.024204264893545345,-0.02420170809344104,-0.02419670740388667,-0.025650935198681533,-0.0687962719115127,-0.06880109593275947,-0.08838327756636011
-0.024204264893545345,-0.024202081359706425,-0.024199036515937713,-0.025650935198681533,-0.0687962719115127,-0.06880109593275947,-0.08838327756636011
-0.024204264893545345,-0.024201378602565507,-0.024197905671521063,-0.025650935198681533,-0.0687962719115127,-0.06880109593275947,-0.08838327756636011
-0.024204264893545345,-0.024201673760618058,-0.02419890404042746,-0.025650935198681533,-0.0687962719115127,-0.06880109593275947,-0.08838327756636011
-0.024204264893545345,-0.024201227359066893,-0.024199974303083262,-0.025650935198681533,-0.0687962719115127,-0.06880109593275947,-0.08838327756636011
-0.024204264893545345,-0.024200708257065773,-0.024200260951115785,-0.025650935198681533,-0.0687962719115127,-0.06880109593275947,-0.08838327756636011
-0.024204264893545345,-0.024200119091914492,-0.024200157082397922,-0.025650935198681533,-0.0687962719115127,-0.06880109593275947,-0.08838327756636011
-0.024204264893545345,-0.024200038944700047,-0.024199994219857083,-0.025650935198681533,-0.0687962719115127,-0.06880109593275947,-0.08838327756636011
-0.024204264893545345,-0.0241996620194509,-0.02419969725151197,-0.025650935198681533,-0.0687962719115127,-0.06880109593275947,-0.08838327756636011
-0.024204691990674477,-0.024199031755046854,-0.02420052224216954,-0.025650935198681533,-0.0687962719115127,-0.06880109593275947,-0.08838327756636011
-0.024204691990674477,-0.024198765901691125,-0.02420072301342217,-0.025650935198681533,-0.0687962719115127,-0.06880109593275947,-0.08838327756636011
-0.024204691990674477,-0.02419902484472864,-0.024199420745709858,-0.025650935198681533,-0.0687962719115127,-0.06880109593275947,-0.08838327756636011
-0.024204691990674477,-0.024199293439740047,-0.02419741819926831,-0.025650935198681533,-0.0687962719115127,-0.06880109593275947,-0.08838327756636011
-0.024204691990674477,-0.024198329705853405,-0.024197862866620966,-0.025650935198681533,-0.0687962719115127,-0.06880109593275947,-0.08838327756636011
-0.024205545513396372,-0.024197436421677793,-0.024198078619646554,-0.025650935198681533,-0.0687962719115127,-0.06880109593275947,-0.08838327756636011
-0.024205545513396372,-0.02419739871444196,-0.024198692594385087,-0.025650935198681533,-0.0687962719115127,-0.06880109593275947,-0.08838327756636011
-0.02420625517232946,-0.02419422656006204,-0.024198446393935726,-0.025650935198681533,-0.0687962719115127,-0.06880109593275947,-0.08838327756636011
-0.02420625517232946,-0.02419579541210068,-0.024198853824006217,-0.025650935198681533,-0.0687962719115127,-0.06880109593275947,-0.08838327756636011
-0.02420625517232946,-0.024193420784900832,-0.024199447352242543,-0.025650935198681533,-0.0687962719115127,-0.06880109593275947,-0.08838327756636011
-0.02420625517232946,-0.024193464334616235,-0.024199326865501528,-0.025650935198681533,-0.0687962719115127,-0.06880109593275947,-0.08838327756636011
-0.02420625517232946,-0.024194439599865405,-0.0241995499465568,-0.025650935198681533,-0.0687962719115127,-0.06880109593275947,-0.08838327756636011
-0.02420625517232946,-0.024194576820504323,-0.02419840006070226,-0.025650935198681533,-0.0687962719115127,-0.06880109593275947,-0.08838327756636011
-0.02420625517232946,-0.024196275885611074,-0.02419834694165698,-0.025650935198681533,-0.0687962719115127,-0.06880109593275947,-0.08838327756636011
-0.024206408485840037,-0.024195798932045258,-0.024198117075902525,-0.025650935198681533,-0.0687962719115127,-0.06880109593275947,-0.08838327756636011
-0.024206834350986167,-0.02419553251706542,-0.02419856358779134,-0.025650935198681533,-0.0687962719115127,-0.06880109593275947,-0.08838327756636011
-0.02420695913862396,-0.02419715009586399,-0.024198691691358798,-0.025650935198681533,-0.0687962719115127,-0.06880109593275947,-0.08838327756636011
-0.02420714421490853,-0.024196393948986317,-0.02419849981242335,-0.025650935198681533,-0.0687962719115127,-0.06880109593275947,-0.08838327756636011
-0.024207569553419947,-0.024197524037334474,-0.024198764313384257,-0.025650935198681533,-0.0687962719115127,-0.06880109593275947,-0.08838327756636011
-0.024207569553419947,-0.024195291011262922,-0.02419844540093179,-0.025650935198681533,-0.0687962719115127,-0.06880109593275947,-0.08838327756636011
-0.024207569553419947,-0.024197461570312998,-0.0241990147464087,-0.025650935198681533,-0.0687962719115127,-0.06880109593275947,-0.08838327756636011
-0.024207929078376416,-0.024197678482942922,-0.02419885751557401,-0.025650935198681533,-0.0687962719115127,-0.06880109593275947,-0.08838327756636011
-0.024207929078376416,-0.02419870376567872,-0.024198802896835136,-0.025650935198681533,-0.0687962719115127,-0.06880109593275947,-0.08838327756636011
-0.024207929078376416,-0.024199793954582046,-0.024199772893926847,-0.025650935198681533,-0.0687962719115127,-0.06880109593275947,-0.08838327756636011
-0.024208122014604046,-0.024201020075651346,-0.02420077230203057,-0.025650935198681533,-0.0687962719115127,-0.06880109593275947,-0.08838327756636011
-0.024208122014604046,-0.024201343778263766,-0.02420122406015309,-0.025650935198681533,-0.0687962719115127,-0.06880109593275947,-0.08838327756636011
-0.024208122014604046,-0.024202217060406254,-0.024202055835322457,-0.025650935198681533,-0.0687962719115127,-0.06880109593275947,-0.08838327756636011
-0.024208122014604046,-0.024202804253514575,-0.024201821019308158,-0.025650935198681533,-0.0687962719115127,-0.06880109593275947,-0.08838327756636011
-0.024208122014604046,-0.02420285655863078,-0.024202656814107323,-0.025650935198681533,-0.0687962719115127,-0.06880109593275947,-0.08838327756636011
-0.024208122014604046,-0.024202024802620754,-0.024199884884640026,-0.025650935198681533,-0.0687962719115127,-0.06880109593275947,-0.08838327756636011
-0.024208077999642266,-0.02420191453901627,-0.024201968466904852,-0.025650935198681533,-0.0687962719115127,-0.06880109593275947,-0.08838327756636011
-0.024208502649588546,-0.02420203890336862,-0.024201619646566048,-0.025650935198681533,-0.0687962719115127,-0.06880109593275947,-0.08838327756636011
-0.024208502649588546,-0.024199723869913037,-0.02420149991035384,-0.025650935198681533,-0.0687962719115127,-0.06880109593275947,-0.08838327756636011
-0.02420913684408873,-0.02420192035636841,-0.024201544556759925,-0.025650935198681533,-0.0687962719115127,-0.06880109593275947,-0.08838327756636011
-0.02420913684408873,-0.02420266976216187,-0.02420300372210358,-0.025650935198681533,-0.0687962719115127,-0.06880109593275947,-0.08838327756636011
-0.02420913684408873,-0.024204074064368572,-0.024204059300341026,-0.025650935198681533,-0.0687962719115127,-0.06880109593275947,-0.08838327756636011
-0.02420913684408873,-0.02420458853408439,-0.024204549882065676,-0.025650935198681533,-0.0687962719115127,-0.06880109593275947,-0.08838327756636011
-0.02420913684408873,-0.024202944886595284,-0.024203653181187813,-0.025650935198681533,-0.0687962719115127,-0.06880109593275947,-0.08838327756636011
-0.02420913684408873,-0.024203565447119817,-0.024203616637890255,-0.025650935198681533,-0.0687962719115127,-0.06880109593275947,-0.08838327756636011
-0.02420913684408873,-0.024203919851487652,-0.0242039376458576,-0.025650935198681533,-0.0687962719115127,-0.06880109593275947,-0.08838327756636011
-0.02420913684408873,-0.02420496104009768,-0.024204664000836637,-0.025650935198681533,-0.0687962719115127,-0.06880109593275947,-0.08838327756636011
-0.024209770797981107,-0.024204276017446798,-0.024205263208127267,-0.025650935198681533,-0.0687962719115127,-0.06880109593275947,-0.08838327756636011
-0.024209770797981107,-0.024202325440109022,-0.02420320436503755,-0.025650935198681533,-0.0687962719115127,-0.06880109593275947,-0.08838327756636011
-0.024209907376872338,-0.024203237428615503,-0.024203215009778654,-0.025650935198681533,-0.0687962719115127,-0.06880109593275947,-0.08838327756636011
-0.02420635742240996,-0.0242029486989505,-0.02420398277127573,-0.025650935198681533,-0.0687962719115127,-0.06880109593275947,-0.08838327756636011
-0.02420635742240996,-0.02420344753740978,-0.024203795976987495,-0.025650935198681533,-0.0687962719115127,-0.06880109593275947,-0.08838327756636011
-0.02420635742240996,-0.02420240991222209,-0.02420419456882474,-0.025650935198681533,-0.0687962719115127,-0.06880109593275947,-0.08838327756636011
-0.024202255847435326,-0.024201794085822726,-0.02420396503807408,-0.025650935198681533,-0.0687962719115127,-0.06880109593275947,-0.08838327756636011
-0.024204483545548924,-0.02420290716879496,-0.024204200128426282,-0.025650935198681533,-0.0687962719115127,-0.06880109593275947,-0.08838327756636011
-0.024204483545548924,-0.02420157741687815,-0.02420433757314884,-0.025650935198681533,-0.0687962719115127,-0.06880109593275947,-0.08838327756636011
-0.024204903321270187,-0.02419991262251047,-0.02420415734843959,-0.025650935198681533,-0.0687962719115127,-0.06880109593275947,-0.08838327756636011
-0.024205322880667967,-0.024201792946927862,-0.024204446176688717,-0.025650935198681533,-0.0687962719115127,-0.06880109593275947,-0.08838327756636011
-0.024205404523722628,-0.024202912391820215,-0.02420481821917538,-0.025650935198681533,-0.0687962719115127,-0.06880109593275947,-0.08838327756636011
-0.024205824182733128,-0.024205117887791183,-0.02420505384367843,-0.025650935198681533,-0.0687962719115127,-0.06880109593275947,-0.08838327756636011
-0.024206178603125565,-0.02420517034198289,-0.024205500561099297,-0.025650935198681533,-0.0687962719115127,-0.06880109593275947,-0.08838327756636011
-0.024206178603125565,-0.02420351460227395,-0.02420563315907944,-0.025650935198681533,-0.0687962719115127,-0.06880109593275947,-0.08838327756636011
-0.02420639291203646,-0.024203632043587494,-0.024205488118877662,-0.025650935198681533,-0.0687962719115127,-0.06880109593275947,-0.08838327756636011
-0.02420639291203646,-0.024201535973873596,-0.02420582623799713,-0.025650935198681533,-0.0687962719115127,-0.06880109593275947,-0.08838327756636011
-0.02420639291203646,-0.024203897235212376,-0.024206165499231425,-0.025650935198681533,-0.0687962719115127,-0.06880109593275947,-0.08838327756636011
-0.024207376902639917,-0.02420436563505486,-0.024206523458649768,-0.025650935198681533,-0.0687962719115127,-0.06880109593275947,-0.08838327756636011
-0.024207376902639917,-0.024203303106466675,-0.024206522087353924,-0.025650935198681533,-0.0687962719115127,-0.06880109593275947,-0.08838327756636011
-0.024207362481360375,-0.02420396973417179,-0.024206308544924556,-0.02535100666824464,-0.0687962719115127,-0.06880109593275947,-0.08838327756636011
-0.024207362481360375,-0.024203085221571847,-0.024206594092860554,-0.02535100666824464,-0.0687962719115127,-0.06880109593275947,-0.08838327756636011
-0.024207535550146105,-0.02420566893626632,-0.024206388839507726,-0.02535100666824464,-0.0687962719115127,-0.06880109593275947,-0.08838327756636011
-0.024207725314884965,-0.0242039603443555,-0.02420614186026284,-0.02535100666824464,-0.0687962719115127,-0.06880109593275947,-0.08838327756636011
-0.024207725314884965,-0.02420442174712532,-0.024206350608387443,-0.02535100666824464,-0.0687962719115127,-0.06880109593275947,-0.08838327756636011
-0.024208348654401673,-0.024203238910315037,-0.024206829050903936,-0.02535100666824464,-0.0687962719115127,-0.06880109593275947,-0.08838327756636011
-0.024200325356290155,-0.024204269286216634,-0.02420644310247192,-0.02535100666824464,-0.0687962719115127,-0.06880109593275947,-0.08838327756636011
-0.024207046516696994,-0.02420686987006421,-0.0242062718374947,-0.02535100666824464,-0.0687962719115127,-0.06880109593275947,-0.08838327756636011
-0.024196502528753164,-0.024206548374625218,-0.024207178011640112,-0.02535100666824464,-0.0687962719115127,-0.06880109593275947,-0.08838327756636011
-0.024194569803368846,-0.02420706587771949,-0.024207178011640112,-0.02535100666824464,-0.0687962719115127,-0.06880109593275947,-0.08838327756636011
-0.024206930929602487,-0.024206436170726903,-0.0242069634400636,-0.02535100666824464,-0.0687962719115127,-0.06880109593275947,-0.08838327756636011
-0.02420810171749807,-0.024206984712793825,-0.024207237141736525,-0.02535100666824464,-0.0687962719115127,-0.06880109593275947,-0.08838327756636011
-0.024208491525995687,-0.02420761469852687,-0.024207362306059556,-0.02535100666824464,-0.0687962719115127,-0.06880109593275947,-0.08838327756636011
-0.024208491525995687,-0.024208360372360488,-0.02420836829147636,-0.02535100666824464,-0.0687962719115127,-0.06880109593275947,-0.08838327756636011
-0.02420888114753479,-0.024208549564114275,-0.024208836858735747,-0.02535100666824464,-0.0687962719115127,-0.06880109593275947,-0.08838327756636011
-0.02420927425844242,-0.02420871695805211,-0.0242087109086844,-0.02535100666824464,-0.0687962719115127,-0.06880109593275947,-0.08838327756636011
-0.02420927425844242,-0.02420915410443813,-0.024207770416665234,-0.02535100666824464,-0.0687962719115127,-0.06880109593275947,-0.08838327756636011
-0.024209277148138517,-0.02420931959103338,-0.024208152573686886,-0.02535100666824464,-0.0687962719115127,-0.06880109593275947,-0.08838327756636011
-0.024209008998506507,-0.024209523514250892,-0.02420833354267068,-0.02535100666824464,-0.0687962719115127,-0.06880109593275947,-0.08838327756636011
-0.02421072649146217,-0.024208922616663704,-0.02420806301277524,-0.02535100666824464,-0.0687962719115127,-0.06880109593275947,-0.08838327756636011
-0.02421072649146217,-0.024208667323872765,-0.02420794698212348,-0.02535100666824464,-0.0687962719115127,-0.06880109593275947,-0.08838327756636011
-0.02421072649146217,-0.024208238901297738,-0.02420579404105992,-0.02535100666824464,-0.0687962719115127,-0.06880109593275947,-0.08838327756636011
-0.02421072649146217,-0.02420871769422163,-0.02420474881787237,-0.02535100666824464,-0.0687962719115127,-0.06880109593275947,-0.08838327756636011
-0.02421072649146217,-0.02420894495825005,-0.024203339601658495,-0.02535100666824464,-0.0687962719115127,-0.06880109593275947,-0.08838327756636011
-0.024211029824885662,-0.024209224162863956,-0.024203313994722572,-0.02535100666824464,-0.0687962719115127,-0.06880109593275947,-0.08838327756636011
-0.024211029824885662,-0.024209666899057077,-0.024204113059685946,-0.02535100666824464,-0.0687962719115127,-0.06880109593275947,-0.08838327756636011
-0.024211029824885662,-0.02420950127226248,-0.024205849824182463,-0.02535100666824464,-0.0687962719115127,-0.06880109593275947,-0.08838327756636011
-0.024211029824885662,-0.02420987563350977,-0.02420328260067704,-0.02535100666824464,-0.0687962719115127,-0.06880109593275947,-0.08838327756636011
-0.024211029824885662,-0.024209993218766053,-0.024202456557430845,-0.02535100666824464,-0.0687962719115127,-0.06880109593275947,-0.08838327756636011
-0.024211029824885662,-0.024209729149306893,-0.02420378369596851,-0.02535100666824464,-0.0687962719115127,-0.06880109593275947,-0.08838327756636011
-0.024211103698940722,-0.02420955187111068,-0.02420355592684675,-0.02535100666824464,-0.0687962719115127,-0.06880109593275947,-0.08838327756636011
-0.02421200090602029,-0.024209987430853248,-0.02420332367562739,-0.02535100666824464,-0.0687962719115127,-0.06880109593275947,-0.08838327756636011
-0.024209828222439823,-0.024210126279144453,-0.02420377813956537,-0.02535100666824464,-0.0687962719115127,-0.06880109593275947,-0.08838327756636011
-0.024211005854314335,-0.02421037163132277,-0.024205368828328876,-0.02535100666824464,-0.0687962719115127,-0.06880109593275947,-0.08838327756636011
-0.02421158021861547,-0.02421081574508937,-0.02420574136446037,-0.02535100666824464,-0.0687962719115127,-0.06880109593275947,-0.08838327756636011
-0.02421158021861547,-0.024209976056742143,-0.0242061340464712,-0.02535100666824464,-0.0687962719115127,-0.06880109593275947,-0.08838327756636011
-0.02421224834258546,-0.024210306273521772,-0.024205541258801765,-0.02535100666824464,-0.0687962719115127,-0.06880109593275947,-0.08838327756636011
-0.024213205348253043,-0.02421081212716958,-0.024205256714713484,-0.02535100666824464,-0.0687962719115127,-0.06880109593275947,-0.08838327756636011
-0.024213205348253043,-0.024208585170317452,-0.02420238231767923,-0.02535100666824464,-0.0687962719115127,-0.06880109593275947,-0.08838327756636011
-0.024213778513094517,-0.024209014598234664,-0.024203290824795984,-0.02535100666824464,-0.0687962719115127,-0.06880109593275947,-0.08838327756636011
-0.024213778513094517,-0.024209254882924146,-0.024206028350483844,-0.02535100666824464,-0.0687962719115127,-0.06880109593275947,-0.08838327756636011
-0.024213778513094517,-0.02420906652960432,-0.02420430725878261,-0.02535100666824464,-0.0687962719115127,-0.06880109593275947,-0.08838327756636011
-0.02421377500614803,-0.024208234328866388,-0.02420362412013669,-0.02535100666824464,-0.0687962719115127,-0.06880109593275947,-0.08838327756636011
-0.024213718074722116,-0.02420746298088134,-0.02420404464883887,-0.02535100666824464,-0.0687962719115127,-0.06880109593275947,-0.08838327756636011
-0.024214290629938746,-0.02420755852432656,-0.02420529769820074,-0.02535100666824464,-0.0687962719115127,-0.06880109593275947,-0.08838327756636011
-0.024214290629938746,-0.02420641486897606,-0.02420551036157956,-0.02535100666824464,-0.0687962719115127,-0.06880109593275947,-0.08838327756636011
-0.024214290629938746,-0.024207023158216885,-0.024206447721592486,-0.02535100666824464,-0.0687962719115127,-0.06880109593275947,-0.08838327756636011
-0.024214650234075537,-0.02420728032694811,-0.02420729863090499,-0.02535100666824464,-0.0687962719115127,-0.06880109593275947,-0.08838327756636011
-0.024214650234075537,-0.024207928395837713,-0.024207980867942135,-0.02535100666824464,-0.0687962719115127,-0.06880109593275947,-0.08838327756636011
-0.024214650234075537,-0.024208801080148168,-0.024209132448713616,-0.02535100666824464,-0.0687962719115127,-0.06880109593275947,-0.08838327756636011
-0.024215032601925757,-0.024207284726962788,-0.024208506473107936,-0.02535100666824464,-0.0687962719115127,-0.06880109593275947,-0.08838327756636011
-0.024215032601925757,-0.024208288272740623,-0.02420856915534406,-0.02535100666824464,-0.0687962719115127,-0.06880109593275947,-0.08838327756636011
-0.024215032601925757,-0.02420863923433991,-0.024208678972022914,-0.02535100666824464,-0.0687962719115127,-0.06880109593275947,-0.08838327756636011
-0.024215032601925757,-0.024208397338181482,-0.024208293699625322,-0.02535100666824464,-0.0687962719115127,-0.06880109593275947,-0.08838327756636011
-0.024215032601925757,-0.02420914564360846,-0.024209106712110795,-0.02535100666824464,-0.0687962719115127,-0.06880109593275947,-0.08838327756636011
-0.024215032601925757,-0.02420856125320263,-0.02420900931239425,-0.02535100666824464,-0.0687962719115127,-0.06880109593275947,-0.08838327756636011
-0.024215032601925757,-0.02420842542866348,-0.02420795648037738,-0.02535100666824464,-0.0687962719115127,-0.06880109593275947,-0.08838327756636011
-0.024215032601925757,-0.024208188890399187,-0.024207726490205025,-0.02535100666824464,-0.0687962719115127,-0.06880109593275947,-0.08838327756636011
-0.02421560452296876,-0.02420876742332536,-0.024208474807005678,-0.02535100666824464,-0.0687962719115127,-0.06880109593275947,-0.08838327756636011
-0.02421557689788392,-0.024209325389856904,-0.024208430011766084,-0.02535100666824464,-0.0687962719115127,-0.06880109593275947,-0.08838327756636011
-0.02421557689788392,-0.02420921695764977,-0.024208346380708456,-0.02535100666824464,-0.0687962719115127,-0.06880109593275947,-0.08838327756636011
-0.02421557689788392,-0.02420991770453727,-0.024207690577736227,-0.02535100666824464,-0.0687962719115127,-0.06880109593275947,-0.08838327756636011
-0.024215879784861963,-0.024209713295782104,-0.02420640542560147,-0.02535100666824464,-0.0687962719115127,-0.06880109593275947,-0.08838327756636011
-0.024216451101008563,-0.02421024140681906,-0.024207537978383577,-0.02535100666824464,-0.0687962719115127,-0.06880109593275947,-0.08838327756636011
-0.024216451101008563,-0.02420988642235424,-0.024207718036489342,-0.02535100666824464,-0.0687962719115127,-0.06880109593275947,-0.08838327756636011
-0.024216451101008563,-0.024210193907465493,-0.02420877934073122,-0.02535100666824464,-0.0687962719115127,-0.06880109593275947,-0.08838327756636011
-0.024216451101008563,-0.024209405183413902,-0.024209364728716366,-0.02535100666824464,-0.0687962719115127,-0.06880109593275947,-0.08838327756636011
-0.024212939920481787,-0.02421002425308862,-0.02420999408454603,-0.02535100666824464,-0.0687962719115127,-0.06880109593275947,-0.08838327756636011
-0.024212939920481787,-0.02421025899773899,-0.02420987850469768,-0.02535100666824464,-0.0687962719115127,-0.06880109593275947,-0.08838327756636011
-0.02421288332028227,-0.02421060438117478,-0.024210090357608405,-0.02535100666824464,-0.0687962719115127,-0.06880109593275947,-0.08838327756636011
-0.02421288332028227,-0.024210886806342903,-0.024209790822102107,-0.02535100666824464,-0.0687962719115127,-0.06880109593275947,-0.08838327756636011
-0.024212826746774666,-0.024211021905184198,-0.024211020545720427,-0.02535100666824464,-0.0687962719115127,-0.06880109593275947,-0.08838327756636011
-0.02421320873324267,-0.024211293489497566,-0.02421123635806327,-0.02535100666824464,-0.0687962719115127,-0.06880109593275947,-0.08838327756636011
-0.02421320873324267,-0.024211935200079526,-0.024211967890616512,-0.02535100666824464,-0.0687962719115127,-0.06880109593275947,-0.08838327756636011
-0.02421320873324267,-0.024212469824536318,-0.02421228970733192,-0.02535100666824464,-0.0687962719115127,-0.06880109593275947,-0.08838327756636011
-0.02421320873324267,-0.024212330303043365,-0.024213116780878723,-0.02535100666824464,-0.0687962719115127,-0.06880109593275947,-0.08838327756636011
-0.0242137630937579,-0.024212892267942855,-0.024212282489000325,-0.02535100666824464,-0.0687962719115127,-0.06880109593275947,-0.08838327756636011
-0.0242137630937579,-0.02421069604694889,-0.024213345660153176,-0.02535100666824464,-0.0687962719115127,-0.06880109593275947,-0.08838327756636011
-0.0242137630937579,-0.024210237579104232,-0.02421343010774494,-0.02535100666824464,-0.0687962719115127,-0.06880109593275947,-0.08838327756636011
-0.0242137630937579,-0.024208901127654725,-0.02421336674872844,-0.02535100666824464,-0.0687962719115127,-0.06880109593275947,-0.08838327756636011
-0.0242137630937579,-0.024210856821916447,-0.02421377334418862,-0.02535100666824464,-0.0687962719115127,-0.06880109593275947,-0.08838327756636011
-0.02421444850529251,-0.02421164603906029,-0.02421348619671031,-0.02535100666824464,-0.0687962719115127,-0.06880109593275947,-0.08838327756636011
-0.024215018678972525,-0.024213080065312996,-0.02421313209691255,-0.02535100666824464,-0.0687962719115127,-0.06880109593275947,-0.08838327756636011
-0.024215018678972525,-0.024212276312256774,-0.024212969184403434,-0.02535100666824464,-0.0687962719115127,-0.06880109593275947,-0.08838327756636011
-0.024215157638793037,-0.024212021758746493,-0.02421328818968681,-0.02535100666824464,-0.0687962719115127,-0.06880109593275947,-0.08838327756636011
-0.024215157638793037,-0.02421352164725368,-0.024213399014930158,-0.02535100666824464,-0.0687962719115127,-0.06880109593275947,-0.08838327756636011
-0.024215157638793037,-0.0242141577468687,-0.0242134909511397,-0.02535100666824464,-0.0687962719115127,-0.06880109593275947,-0.08838327756636011
-0.02421553835778251,-0.024214671876053324,-0.024213499158943816,-0.025285174140656327,-0.0687962719115127,-0.06880109593275947,-0.08838327756636011
-0.02421553835778251,-0.024213683961946106,-0.024210377703212344,-0.025285174140656327,-0.0687962719115127,-0.06880109593275947,-0.08838327756636011
-0.02421591889765225,-0.024214109480518792,-0.02420994664647449,-0.025285174140656327,-0.0687962719115127,-0.06880109593275947,-0.08838327756636011
-0.02421591889765225,-0.024213521738848234,-0.024211374287211988,-0.025285174140656327,-0.0687962719115127,-0.06880109593275947,-0.08838327756636011
-0.02421591889765225,-0.024213787236597444,-0.024211973731773483,-0.025285174140656327,-0.0687962719115127,-0.06880109593275947,-0.08838327756636011
-0.02421591889765225,-0.024213129031892735,-0.024211974119804743,-0.025285174140656327,-0.0687962719115127,-0.06880109593275947,-0.08838327756636011
-0.02421591889765225,-0.024213663009134107,-0.024213442089646625,-0.025285174140656327,-0.0687962719115127,-0.06880109593275947,-0.08838327756636011
-0.02421591889765225,-0.024213160071400997,-0.02421243565433387,-0.025285174140656327,-0.0687962719115127,-0.06880109593275947,-0.08838327756636011
-0.02421629925852864,-0.02421351585224433,-0.024213337898733703,-0.025285174140656327,-0.0687962719115127,-0.06880109593275947,-0.08838327756636011
-0.02421629925852864,-0.024214078447988372,-0.02421203498873867,-0.025285174140656327,-0.0687962719115127,-0.06880109593275947,-0.08838327756636011
-0.02421629925852864,-0.024214552196208633,-0.02421173340419369,-0.025285174140656327,-0.0687962719115127,-0.06880109593275947,-0.08838327756636011
-0.02421629925852864,-0.024214933078756554,-0.024212569377151247,-0.025285174140656327,-0.0687962719115127,-0.06880109593275947,-0.08838327756636011
-0.02421629925852864,-0.024215303358162125,-0.024211869942919823,-0.025285174140656327,-0.0687962719115127,-0.06880109593275947,-0.08838327756636011
-0.02421629925852864,-0.024215109288060917,-0.02421174141836202,-0.025285174140656327,-0.0687962719115127,-0.06880109593275947,-0.08838327756636011
-0.02421629925852864,-0.024213688068162088,-0.024212376377668786,-0.025285174140656327,-0.0687962719115127,-0.06880109593275947,-0.08838327756636011
-0.02421629925852864,-0.024213868924831457,-0.02421122880790837,-0.025285174140656327,-0.0687962719115127,-0.06880109593275947,-0.08838327756636011
-0.024216465911371887,-0.0242136812102132,-0.02421175452075045,-0.025285174140656327,-0.0687962719115127,-0.06880109593275947,-0.08838327756636011
-0.024216642086008697,-0.024213993778646525,-0.024213386496490994,-0.025285174140656327,-0.0687962719115127,-0.06880109593275947,-0.08838327756636011
-0.024216642086008697,-0.024214133297412566,-0.024213757338642374,-0.025285174140656327,-0.0687962719115127,-0.06880109593275947,-0.08838327756636011
-0.024216642086008697,-0.02421403188638217,-0.024212984243682605,-0.025285174140656327,-0.0687962719115127,-0.06880109593275947,-0.08838327756636011
-0.024216642086008697,-0.02421383503300748,-0.024213049165980754,-0.025285174140656327,-0.0687962719115127,-0.06880109593275947,-0.08838327756636011
-0.024216642086008697,-0.0242140676068706,-0.02421304871081358,-0.025285174140656327,-0.0687962719115127,-0.06880109593275947,-0.08838327756636011
-0.024216642086008697,-0.024214278452802156,-0.024212407535674486,-0.025285174140656327,-0.0687962719115127,-0.06880109593275947,-0.08838327756636011
-0.024216642086008697,-0.024213729327984827,-0.02421181672889824,-0.025285174140656327,-0.0687962719115127,-0.06880109593275947,-0.08838327756636011
-0.024216642086008697,-0.02421421325173043,-0.024212891279396614,-0.025285174140656327,-0.0687962719115127,-0.06880109593275947,-0.08838327756636011
-0.02421702241465158,-0.02421424663778089,-0.024213869066467726,-0.025285174140656327,-0.0687962719115127,-0.06880109593275947,-0.08838327756636011
-0.024218752042264348,-0.02421535676916429,-0.02421531973533353,-0.025285174140656327,-0.0687962719115127,-0.06880109593275947,-0.08838327756636011
-0.024218752042264348,-0.024215308360334593,-0.024215434284189444,-0.025285174140656327,-0.0687962719115127,-0.06880109593275947,-0.08838327756636011
-0.024219319376229082,-0.024215409682795522,-0.02421544511655884,-0.025285174140656327,-0.0687962719115127,-0.06880109593275947,-0.08838327756636011
-0.024219319376229082,-0.0242159798643299,-0.02421535855897885,-0.025285174140656327,-0.0687962719115127,-0.06880109593275947,-0.08838327756636011
-0.024219319376229082,-0.02421632545921928,-0.024216380144720454,-0.025285174140656327,-0.0687962719115127,-0.06880109593275947,-0.08838327756636011
-0.024219319376229082,-0.02421603997276863,-0.024215811267556193,-0.025285174140656327,-0.0687962719115127,-0.06880109593275947,-0.08838327756636011
-0.024219319376229082,-0.024216414903099833,-0.02421561514169622,-0.025285174140656327,-0.0687962719115127,-0.06880109593275947,-0.08838327756636011
-0.024219319376229082,-0.024215680622639926,-0.02421566813421921,-0.025285174140656327,-0.0687962719115127,-0.06880109593275947,-0.08838327756636011
-0.024219384778145153,-0.024216476139903798,-0.02421666427218197,-0.025285174140656327,-0.0687962719115127,-0.06880109593275947,-0.08838327756636011
-0.0242194501493561,-0.02421636541752425,-0.0242173025146204,-0.025285174140656327,-0.0687962719115127,-0.06880109593275947,-0.08838327756636011
-0.024219623984793832,-0.02421732835521436,-0.024217407144581465,-0.025285174140656327,-0.0687962719115127,-0.06880109593275947,-0.08838327756636011
-0.024220002495082188,-0.02421667077780553,-0.024217197246198516,-0.025285174140656327,-0.0687962719115127,-0.06880109593275947,-0.08838327756636011
-0.024220002495082188,-0.024215218597709202,-0.02421729327138489,-0.025285174140656327,-0.0687962719115127,-0.06880109593275947,-0.08838327756636011
-0.024220002495082188,-0.024214644930677754,-0.024217635098073523,-0.025285174140656327,-0.0687962719115127,-0.06880109593275947,-0.08838327756636011
-0.024220002495082188,-0.024215291203676687,-0.0242164042356713,-0.025285174140656327,-0.0687962719115127,-0.06880109593275947,-0.08838327756636011
-0.024220550940217696,-0.024216770295972957,-0.02421676020157534,-0.025285174140656327,-0.0687962719115127,-0.06880109593275947,-0.08838327756636011
-0.024220615946124062,-0.02421747125411552,-0.024217513130365517,-0.025285174140656327,-0.0687962719115127,-0.06880109593275947,-0.08838327756636011
-0.024220615946124062,-0.02421787839279535,-0.02421739845171927,-0.025285174140656327,-0.0687962719115127,-0.06880109593275947,-0.08838327756636011
-0.024214055351417966,-0.024217606344649107,-0.0242167284679218,-0.025285174140656327,-0.0687962719115127,-0.06880109593275947,-0.08838327756636011
-0.024217956338327264,-0.024218004055497972,-0.02421797336418885,-0.025285174140656327,-0.0687962719115127,-0.06880109593275947,-0.08838327756636011
-0.0241947292358388,-0.024218061168646155,-0.024217799848497982,-0.025285174140656327,-0.0687962719115127,-0.06880109593275947,-0.08838327756636011
-0.02419708796616433,-0.024218134043639455,-0.024218170765083785,-0.025285174140656327,-0.0687962719115127,-0.06880109593275947,-0.08838327756636011
-0.024201690452248657,-0.02421612670039155,-0.024218170765083785,-0.025285174140656327,-0.0687962719115127,-0.06880109593275947,-0.08838327756636011
-0.024190618762544257,-0.02421551588569392,-0.024218170765083785,-0.025285174140656327,-0.0687962719115127,-0.06880109593275947,-0.08838327756636011
-0.024198627197313655,-0.024215803169490156,-0.024218170765083785,-0.025285174140656327,-0.0687962719115127,-0.06880109593275947,-0.08838327756636011
-0.024196612723083204,-0.024215396797475412,-0.024218170765083785,-0.025285174140656327,-0.0687962719115127,-0.06880109593275947,-0.08838327756636011
-0.024199022722590252,-0.024215105055652747,-0.024218227008991244,-0.025285174140656327,-0.0687962719115127,-0.06880109593275947,-0.08838327756636011
-0.0241920891902783,-0.024214555690680362,-0.024218222857586836,-0.025285174140656327,-0.0687962719115127,-0.06880109593275947,-0.08838327756636011
-0.024204595464257482,-0.024212489535723938,-0.024218222857586836,-0.025285174140656327,-0.0687962719115127,-0.06880109593275947,-0.08838327756636011
-0.02421360255172844,-0.02421328714629265,-0.024218222857586836,-0.025285174140656327,-0.0687962719115127,-0.06880109593275947,-0.08838327756636011
-0.024214404751331638,-0.024213673796107827,-0.024218222857586836,-0.025285174140656327,-0.0687962719115127,-0.06880109593275947,-0.08838327756636011
-0.02421582135379277,-0.024213654314810283,-0.02421826021256966,-0.025285174140656327,-0.0687962719115127,-0.06880109593275947,-0.08838327756636011
-0.02421538738101376,-0.024213046529664103,-0.02421826021256966,-0.025285174140656327,-0.0687962719115127,-0.06880109593275947,-0.08838327756636011
-0.02421434486679432,-0.02421366567296493,-0.02421826021256966,-0.025285174140656327,-0.0687962719115127,-0.06880109593275947,-0.08838327756636011
-0.024217702812183467,-0.024214696393041114,-0.024218297606685556,-0.025285174140656327,-0.0687962719115127,-0.06880109593275947,-0.08838327756636011
-0.024218407536172982,-0.02421331374913877,-0.024218391313947877,-0.025285174140656327,-0.0687962719115127,-0.06880109593275947,-0.08838327756636011
-0.024214473447222773,-0.024213668465399282,-0.024218485422160433,-0.025285174140656327,-0.0687962719115127,-0.06880109593275947,-0.08838327756636011
-0.024214268810838192,-0.02421256056585741,-0.024218485422160433,-0.025285174140656327,-0.0687962719115127,-0.06880109593275947,-0.08838327756636011
-0.02421303637223304,-0.024212775132427467,-0.024218485422160433,-0.025285174140656327,-0.0687962719115127,-0.06880109593275947,-0.08838327756636011
-0.02421536328828333,-0.02421475382441066,-0.024218485422160433,-0.025285174140656327,-0.0687962719115127,-0.06880109593275947,-0.08838327756636011
-0.024214905497731004,-0.02421402224928239,-0.024218541648288783,-0.025285174140656327,-0.0687962719115127,-0.06880109593275947,-0.08838327756636011
-0.024216825971346702,-0.024213680347294812,-0.024218541648288783,-0.025285174140656327,-0.0687962719115127,-0.06880109593275947,-0.08838327756636011
-0.02421887924320917,-0.024214328392390145,-0.02421823563786419,-0.025285174140656327,-0.0687962719115127,-0.06880109593275947,-0.08838327756636011
-0.02421887924320917,-0.024214376548072937,-0.024218487039056543,-0.025285174140656327,-0.0687962719115127,-0.06880109593275947,-0.08838327756636011
-0.02421887924320917,-0.024214568376048302,-0.024218240344602716,-0.025285174140656327,-0.0687962719115127,-0.06880109593275947,-0.08838327756636011
-0.024219325508462168,-0.02421500403523338,-0.02421780723083789,-0.025285174140656327,-0.0687962719115127,-0.06880109593275947,-0.08838327756636011
-0.024219325508462168,-0.024216176720189393,-0.02421768745880115,-0.025285174140656327,-0.0687962719115127,-0.06880109593275947,-0.08838327756636011
-0.024219325508462168,-0.024217700551215846,-0.024217944939392503,-0.025285174140656327,-0.0687962719115127,-0.06880109593275947,-0.08838327756636011
-0.024219325508462168,-0.024217483618384095,-0.024218076770861494,-0.025285174140656327,-0.0687962719115127,-0.06880109593275947,-0.08838327756636011
-0.024219325508462168,-0.024218839294077955,-0.024218798016002897,-0.025285174140656327,-0.0687962719115127,-0.06880109593275947,-0.08838327756636011
-0.024219325508462168,-0.024218230632131642,-0.024218545246258404,-0.025285174140656327,-0.0687962719115127,-0.06880109593275947,-0.08838327756636011
-0.024219325508462168,-0.02421656984248761,-0.024218607838136556,-0.025285174140656327,-0.0687962719115127,-0.06880109593275947,-0.08838327756636011
-0.024219325508462168,-0.024215733920975858,-0.024218744915218828,-0.025285174140656327,-0.0687962719115127,-0.06880109593275947,-0.08838327756636011
-0.024216956952207904,-0.024214985877729894,-0.024218794106226404,-0.025285174140656327,-0.0687962719115127,-0.06880109593275947,-0.08838327756636011
-0.024219178377748597,-0.0242152268661971,-0.02421890442606359,-0.025285174140656327,-0.0687962719115127,-0.06880109593275947,-0.08838327756636011
-0.024219178377748597,-0.024214993685179438,-0.02421905037571085,-0.025285174140656327,-0.0687962719115127,-0.06880109593275947,-0.08838327756636011
-0.024219623155654808,-0.024217014024889558,-0.024219366608305377,-0.025285174140656327,-0.0687962719115127,-0.06880109593275947,-0.08838327756636011
-0.02421640372028685,-0.024215151369413938,-0.024218984463485388,-0.025285174140656327,-0.0687962719115127,-0.06880109593275947,-0.08838327756636011
-0.024215258965836945,-0.024215059220438467,-0.024218984463485388,-0.025285174140656327,-0.0687962719115127,-0.06880109593275947,-0.08838327756636011
-0.024216086331609658,-0.02421653866485198,-0.024218984463485388,-0.025285174140656327,-0.0687962719115127,-0.06880109593275947,-0.08838327756636011
-0.024219118313058483,-0.024218605553154575,-0.02421904047638171,-0.025285174140656327,-0.0687962719115127,-0.06880109593275947,-0.08838327756636011
-0.024219545210453337,-0.02421943853397971,-0.02421942816991993,-0.025285174140656327,-0.0687962719115127,-0.06880109593275947,-0.08838327756636011
-0.024219793190131112,-0.024219438149422,-0.024219722462193095,-0.025285174140656327,-0.0687962719115127,-0.06880109593275947,-0.08838327756636011
-0.024219793190131112,-0.02421790345639276,-0.024218722442758016,-0.025285174140656327,-0.0687962719115127,-0.06880109593275947,-0.08838327756636011
-0.024219793190131112,-0.024218938148909106,-0.024219070403649432,-0.025285174140656327,-0.0687962719115127,-0.06880109593275947,-0.08838327756636011
-0.024219793190131112,-0.024217709689696654,-0.024219005136478584,-0.025285174140656327,-0.0687962719115127,-0.06880109593275947,-0.08838327756636011
-0.02421785080960309,-0.024217773732125115,-0.024219197476807265,-0.025285174140656327,-0.0687962719115127,-0.06880109593275947,-0.08838327756636011
-0.02421762859350255,-0.024217470823228168,-0.024219197476807265,-0.025285174140656327,-0.0687962719115127,-0.06880109593275947,-0.08838327756636011
-0.024219485225489976,-0.024219054323121256,-0.024219197476807265,-0.025285174140656327,-0.0687962719115127,-0.06880109593275947,-0.08838327756636011
-0.024219485225489976,-0.024219534221996238,-0.024219469520993048,-0.025285174140656327,-0.0687962719115127,-0.06880109593275947,-0.08838327756636011
-0.024219772826295283,-0.024218443605263793,-0.024219426991365204,-0.025285174140656327,-0.0687962719115127,-0.06880109593275947,-0.08838327756636011
-0.02421980249869992,-0.024219355140578134,-0.024219389685806624,-0.025285174140656327,-0.0687962719115127,-0.06880109593275947,-0.08838327756636011
-0.02421980249869992,-0.0242196791790763,-0.024219785920045825,-0.025285174140656327,-0.0687962719115127,-0.06880109593275947,-0.08838327756636011
-0.02422098048786512,-0.02422075325022677,-0.024220464872395233,-0.025285174140656327,-0.0687962719115127,-0.06880109593275947,-0.08838327756636011
-0.024221267464165617,-0.024220606295656325,-0.024217909468012208,-0.025285174140656327,-0.0687962719115127,-0.06880109593275947,-0.08838327756636011
-0.02422234051655376,-0.024221153329222225,-0.024215664545832995,-0.025285174140656327,-0.0687962719115127,-0.06880109593275947,-0.08838327756636011
-0.02421878027521609,-0.02422125421416316,-0.02421572208688686,-0.025285174140656327,-0.0687962719115127,-0.06880109593275947,-0.08838327756636011
-0.024221226671287004,-0.024221297942539306,-0.02421563795203289,-0.025285174140656327,-0.0687962719115127,-0.06880109593275947,-0.08838327756636011
-0.024221512433859733,-0.024221408961437593,-0.024213431570518085,-0.025285174140656327,-0.0687962719115127,-0.06880109593275947,-0.08838327756636011
-0.024221512433859733,-0.024221401966299013,-0.024213542149535805,-0.025285174140656327,-0.0687962719115127,-0.06880109593275947,-0.08838327756636011
-0.024221512433859733,-0.024221109124882543,-0.024213270172228914,-0.025285174140656327,-0.0687962719115127,-0.06880109593275947,-0.08838327756636011
-0.024221512433859733,-0.024220853039360887,-0.02421222699112164,-0.025285174140656327,-0.0687962719115127,-0.06880109593275947,-0.08838327756636011
-0.024221512433859733,-0.024220673024235737,-0.024209619827335344,-0.025285174140656327,-0.0687962719115127,-0.06880109593275947,-0.08838327756636011
-0.024221512433859733,-0.02422097224658482,-0.024211629034987373,-0.025285174140656327,-0.0687962719115127,-0.06880109593275947,-0.08838327756636011
-0.02422188866218292,-0.02422074057112488,-0.02420885015855987,-0.025285174140656327,-0.0687962719115127,-0.06880109593275947,-0.08838327756636011
-0.024222316489545752,-0.02422024445823472,-0.024208245961282647,-0.025285174140656327,-0.0687962719115127,-0.06880109593275947,-0.08838327756636011
-0.024222316489545752,-0.024220472438231933,-0.024208197290044003,-0.025285174140656327,-0.0687962719115127,-0.06880109593275947,-0.08838327756636011
-0.024222316489545752,-0.02422027718015765,-0.02420785220741961,-0.025285174140656327,-0.0687962719115127,-0.06880109593275947,-0.08838327756636011
-0.024222601856570467,-0.024220048641820403,-0.0242081846465564,-0.025285174140656327,-0.0687962719115127,-0.06880109593275947,-0.08838327756636011
-0.024222601856570467,-0.02421892521515322,-0.024209988867610693,-0.025285174140656327,-0.0687962719115127,-0.06880109593275947,-0.08838327756636011
-0.024222601856570467,-0.024218487179774484,-0.02421221550593942,-0.025285174140656327,-0.0687962719115127,-0.06880109593275947,-0.08838327756636011
-0.024222601856570467,-0.024217942403450668,-0.024213033045652366,-0.025285174140656327,-0.0687962719115127,-0.06880109593275947,-0.08838327756636011
-0.024222601856570467,-0.024217335136828208,-0.024214487485315538,-0.025285174140656327,-0.0687962719115127,-0.06880109593275947,-0.08838327756636011
-0.024223029467498974,-0.02421702451617045,-0.02421366604405602,-0.025285174140656327,-0.0687962719115127,-0.06880109593275947,-0.08838327756636011
-0.024223029467498974,-0.024217235477419455,-0.02421515986198919,-0.025285174140656327,-0.0687962719115127,-0.06880109593275947,-0.08838327756636011
-0.024223029467498974,-0.02421672926723333,-0.02421506645280687,-0.025285174140656327,-0.0687962719115127,-0.06880109593275947,-0.08838327756636011
-0.024223029467498974,-0.024216800849839116,-0.024216656401918057,-0.025285174140656327,-0.0687962719115127,-0.06880109593275947,-0.08838327756636011
-0.024223029467498974,-0.02421682180654253,-0.024215928487710738,-0.025285174140656327,-0.0687962719115127,-0.06880109593275947,-0.08838327756636011
-0.02422315747895312,-0.02421713865352464,-0.02421697305214586,-0.025285174140656327,-0.0687962719115127,-0.06880109593275947,-0.08838327756636011
-0.02422315747895312,-0.024217666991582617,-0.024217691810423624,-0.025285174140656327,-0.0687962719115127,-0.06880109593275947,-0.08838327756636011
-0.02422315747895312,-0.024216766793176473,-0.024217622344876844,-0.025285174140656327,-0.0687962719115127,-0.06880109593275947,-0.08838327756636011
-0.024223584778673205,-0.024216781604888382,-0.02421753339393572,-0.025285174140656327,-0.0687962719115127,-0.06880109593275947,-0.08838327756636011
-0.024223584778673205,-0.024217849966448345,-0.024217324374150598,-0.025285174140656327,-0.0687962719115127,-0.06880109593275947,-0.08838327756636011
-0.024223584778673205,-0.02421716231549331,-0.02421652699680564,-0.025285174140656327,-0.0687962719115127,-0.06880109593275947,-0.08838327756636011
-0.024223584778673205,-0.024216522098588836,-0.024215827544136315,-0.025285174140656327,-0.0687962719115127,-0.06880109593275947,-0.08838327756636011
-0.024223584778673205,-0.024215520294187602,-0.024215493867481293,-0.025285174140656327,-0.0687962719115127,-0.06880109593275947,-0.08838327756636011
-0.024223584778673205,-0.024215641936863947,-0.02421587429625935,-0.025285174140656327,-0.0687962719115127,-0.06880109593275947,-0.08838327756636011
-0.024223584778673205,-0.024216580382659954,-0.02421659146446352,-0.025285174140656327,-0.0687962719115127,-0.06880109593275947,-0.08838327756636011
-0.024223584778673205,-0.024214189369878944,-0.02421693652820899,-0.025285174140656327,-0.0687962719115127,-0.06880109593275947,-0.08838327756636011
-0.024223584778673205,-0.024214793375349913,-0.024217157290673783,-0.025285174140656327,-0.0687962719115127,-0.06880109593275947,-0.08838327756636011
-0.024215150991386034,-0.02421280127554089,-0.02421719216659155,-0.025285174140656327,-0.0687962719115127,-0.06880109593275947,-0.08838327756636011
-0.02421547404569403,-0.024214425140270494,-0.02421719216659155,-0.025285174140656327,-0.0687962719115127,-0.06880109593275947,-0.08838327756636011
-0.02421746017164825,-0.024215732378875303,-0.024216586366587696,-0.025285174140656327,-0.0687962719115127,-0.06880109593275947,-0.08838327756636011
-0.02421746017164825,-0.0242167082235354,-0.02421714889893189,-0.025285174140656327,-0.0687962719115127,-0.06880109593275947,-0.08838327756636011
-0.024215679007588267,-0.024217507950118504,-0.024217548835541797,-0.025285174140656327,-0.0687962719115127,-0.06880109593275947,-0.08838327756636011
-0.024217837676395834,-0.024217384819636104,-0.024217505583485167,-0.025285174140656327,-0.0687962719115127,-0.06880109593275947,-0.08838327756636011
-0.024217806812263872,-0.024217234384689607,-0.02421623147538231,-0.025285174140656327,-0.0687962719115127,-0.06880109593275947,-0.08838327756636011
-0.024217806812263872,-0.024217420861825233,-0.024216004872422585,-0.025285174140656327,-0.0687962719115127,-0.06880109593275947,-0.08838327756636011
-0.02421864476111727,-0.024217962761018574,-0.024214125990038117,-0.025285174140656327,-0.0687962719115127,-0.06880109593275947,-0.08838327756636011
-0.02421864476111727,-0.024217677570159055,-0.024214135779605427,-0.025285174140656327,-0.0687962719115127,-0.06880109593275947,-0.08838327756636011
-0.02421864476111727,-0.024216696655743032,-0.024213639510591366,-0.025285174140656327,-0.0687962719115127,-0.06880109593275947,-0.08838327756636011
-0.02421864476111727,-0.02421667604246038,-0.02421230774736803,-0.025285174140656327,-0.0687962719115127,-0.06880109593275947,-0.08838327756636011
-0.02421864476111727,-0.024215955170635326,-0.024212954088770774,-0.025285174140656327,-0.0687962719115127,-0.06880109593275947,-0.08838327756636011
-0.02421864476111727,-0.02421566875749795,-0.024212538690292988,-0.025285174140656327,-0.0687962719115127,-0.06880109593275947,-0.08838327756636011
-0.02421864476111727,-0.02421424510948305,-0.02421199450355655,-0.025285174140656327,-0.0687962719115127,-0.06880109593275947,-0.08838327756636011
-0.02421864476111727,-0.024214580439649733,-0.02421265614446094,-0.025285174140656327,-0.0687962719115127,-0.06880109593275947,-0.08838327756636011
-0.02421864476111727,-0.02421406300978802,-0.024213432546870788,-0.025285174140656327,-0.0687962719115127,-0.06880109593275947,-0.08838327756636011
-0.02421864476111727,-0.024213857191633503,-0.024213565693814634,-0.025285174140656327,-0.0687962719115127,-0.06880109593275947,-0.08838327756636011
-0.02421864476111727,-0.024213843820192458,-0.024214181514613003,-0.025285174140656327,-0.0687962719115127,-0.06880109593275947,-0.08838327756636011
-0.02421864476111727,-0.024214771465554712,-0.024215051515598048,-0.025285174140656327,-0.0687962719115127,-0.06880109593275947,-0.08838327756636011
-0.02421864476111727,-0.02421454270697244,-0.024215229502480184,-0.025285174140656327,-0.0687962719115127,-0.06880109593275947,-0.08838327756636011
-0.02421864476111727,-0.024214862630526284,-0.02421526021395139,-0.025285174140656327,-0.0687962719115127,-0.06880109593275947,-0.08838327756636011
-0.02421864476111727,-0.024214438143856862,-0.02421543279863412,-0.025285174140656327,-0.0687962719115127,-0.06880109593275947,-0.08838327756636011
-0.02421934302434148,-0.024214397580267496,-0.024214243464256036,-0.025285174140656327,-0.0687962719115127,-0.06880109593275947,-0.08838327756636011
-0.02421934302434148,-0.024214729357355476,-0.024214558505182587,-0.025285174140656327,-0.0687962719115127,-0.06880109593275947,-0.08838327756636011
-0.024219610230616622,-0.024215137561349454,-0.024213846909550935,-0.025285174140656327,-0.0687962719115127,-0.06880109593275947,-0.08838327756636011
-0.024219610230616622,-0.024215457847110964,-0.024215104133925486,-0.025285174140656327,-0.0687962719115127,-0.06880109593275947,-0.08838327756636011
-0.024219889545678667,-0.024214942676034926,-0.024214762123375505,-0.025285174140656327,-0.0687962719115127,-0.06880109593275947,-0.08838327756636011
-0.024219889545678667,-0.024215083787584767,-0.02421549145504059,-0.025285174140656327,-0.0687962719115127,-0.06880109593275947,-0.08838327756636011
-0.024220246545148958,-0.024215495180994608,-0.0242161923361067,-0.025285174140656327,-0.0687962719115127,-0.06880109593275947,-0.08838327756636011
-0.024220246545148958,-0.024215949030484726,-0.024216448897347944,-0.025285174140656327,-0.0687962719115127,-0.06880109593275947,-0.08838327756636011
-0.024220664602364935,-0.024215980556562256,-0.024215978962366682,-0.025285174140656327,-0.0687962719115127,-0.06880109593275947,-0.08838327756636011
-0.024220664602364935,-0.024216323746558407,-0.02421573642119207,-0.025285174140656327,-0.0687962719115127,-0.06880109593275947,-0.08838327756636011
-0.024220664602364935,-0.024216853884849558,-0.024216821697026533,-0.025285174140656327,-0.0687962719115127,-0.06880109593275947,-0.08838327756636011
-0.024220664602364935,-0.02421699930802218,-0.024217560699164982,-0.025285174140656327,-0.0687962719115127,-0.06880109593275947,-0.08838327756636011
-0.024220664602364935,-0.02421684958804334,-0.02421683053525145,-0.025285174140656327,-0.0687962719115127,-0.06880109593275947,-0.08838327756636011
-0.024220664602364935,-0.024216696252894587,-0.024216980710334044,-0.025285174140656327,-0.0687962719115127,-0.06880109593275947,-0.08838327756636011
-0.02422136138204589,-0.024217252681670208,-0.02421726202644699,-0.025285174140656327,-0.0687962719115127,-0.06880109593275947,-0.08838327756636011
-0.02422154394466501,-0.024217176006591797,-0.02421703176987522,-0.025285174140656327,-0.0687962719115127,-0.06880109593275947,-0.08838327756636011
-0.024222069338226133,-0.024217377321921866,-0.02421740223007046,-0.025285174140656327,-0.0687962719115127,-0.06880109593275947,-0.08838327756636011
-0.02422234759045674,-0.024217131948755438,-0.024215849295343077,-0.025285174140656327,-0.0687962719115127,-0.06880109593275947,-0.08838327756636011
-0.02422234759045674,-0.024216950691801763,-0.0242166519010588,-0.025285174140656327,-0.0687962719115127,-0.06880109593275947,-0.08838327756636011
-0.02422234759045674,-0.02421683210482661,-0.024216830144129488,-0.025285174140656327,-0.0687962719115127,-0.06880109593275947,-0.08838327756636011
-0.024223182147020173,-0.024217249471523032,-0.024217608503555407,-0.025285174140656327,-0.0687962719115127,-0.06880109593275947,-0.08838327756636011
-0.024223182147020173,-0.024215410156119645,-0.024217721668109253,-0.025285174140656327,-0.0687962719115127,-0.06880109593275947,-0.08838327756636011
-0.024223182147020173,-0.0242165518786842,-0.024217929407619576,-0.025285174140656327,-0.0687962719115127,-0.06880109593275947,-0.08838327756636011
-0.024223182147020173,-0.024216251891957075,-0.024217976058640515,-0.025285174140656327,-0.0687962719115127,-0.06880109593275947,-0.08838327756636011
-0.024223182147020173,-0.024214100872731063,-0.024218068847978075,-0.025285174140656327,-0.0687962719115127,-0.06880109593275947,-0.08838327756636011
-0.024223182147020173,-0.024214224688104923,-0.02421791230325322,-0.025285174140656327,-0.0687962719115127,-0.06880109593275947,-0.08838327756636011
-0.024223182147020173,-0.024213585980323814,-0.024217193659298832,-0.025285174140656327,-0.0687962719115127,-0.06880109593275947,-0.08838327756636011
-0.024223182147020173,-0.0242141023884171,-0.024216798269007227,-0.025285174140656327,-0.0687962719115127,-0.06880109593275947,-0.08838327756636011
-0.024223182147020173,-0.02421394906006692,-0.024216739467609598,-0.025285174140656327,-0.0687962719115127,-0.06880109593275947,-0.08838327756636011
-0.024223182147020173,-0.024213499540789482,-0.024217075239679146,-0.025285174140656327,-0.0687962719115127,-0.06880109593275947,-0.08838327756636011
-0.024223182147020173,-0.02421409706223496,-0.0242169381606416,-0.025285174140656327,-0.0687962719115127,-0.06880109593275947,-0.08838327756636011
-0.02422359911903491,-0.024213909289324105,-0.024217155973905936,-0.025285174140656327,-0.0687962719115127,-0.06880109593275947,-0.08838327756636011
-0.02422359911903491,-0.02421479455902577,-0.024217183279735252,-0.025285174140656327,-0.0687962719115127,-0.06880109593275947,-0.08838327756636011
-0.02422359911903491,-0.024215914287147006,-0.024217358929365797,-0.025285174140656327,-0.0687962719115127,-0.06880109593275947,-0.08838327756636011
-0.02422359911903491,-0.02421570684066277,-0.024217732293138887,-0.025285174140656327,-0.0687962719115127,-0.06880109593275947,-0.08838327756636011
-0.02422359911903491,-0.024216959541754682,-0.024217345554175915,-0.025285174140656327,-0.0687962719115127,-0.06880109593275947,-0.08838327756636011
-0.02422359911903491,-0.024215958211207898,-0.024217168174794045,-0.025285174140656327,-0.0687962719115127,-0.06880109593275947,-0.08838327756636011
-0.02422359911903491,-0.024214890134494717,-0.024216607425333117,-0.025285174140656327,-0.0687962719115127,-0.06880109593275947,-0.08838327756636011
-0.02422359911903491,-0.024215340171247084,-0.02421648914442127,-0.025285174140656327,-0.0687962719115127,-0.06880109593275947,-0.08838327756636011
-0.02422359911903491,-0.024214291262486642,-0.024216327772618788,-0.025285174140656327,-0.0687962719115127,-0.06880109593275947,-0.08838327756636011
-0.02422359911903491,-0.02421359951912632,-0.02421652866196501,-0.025285174140656327,-0.0687962719115127,-0.06880109593275947,-0.08838327756636011
-0.02422359911903491,-0.024215071293777077,-0.02421680230016154,-0.025285174140656327,-0.0687962719115127,-0.06880109593275947,-0.08838327756636011
-0.02422359911903491,-0.02421572713980932,-0.02421647364618895,-0.025285174140656327,-0.0687962719115127,-0.06880109593275947,-0.08838327756636011
-0.02422359911903491,-0.02421662758132298,-0.024216565828840325,-0.025285174140656327,-0.0687962719115127,-0.06880109593275947,-0.08838327756636011
-0.02422401600693729,-0.024216615183631794,-0.024216574222170127,-0.025285174140656327,-0.0687962719115127,-0.06880109593275947,-0.08838327756636011
-0.02422401600693729,-0.024216848907456838,-0.02421657128424884,-0.025285174140656327,-0.0687962719115127,-0.06880109593275947,-0.08838327756636011
-0.02422401600693729,-0.024216560425976554,-0.024216210568438597,-0.025285174140656327,-0.0687962719115127,-0.06880109593275947,-0.08838327756636011
-0.02422401600693729,-0.024216551834330247,-0.024216575083155865,-0.025285174140656327,-0.0687962719115127,-0.06880109593275947,-0.08838327756636011
-0.02422401600693729,-0.024216106404947556,-0.02421621301539434,-0.025285174140656327,-0.0687962719115127,-0.06880109593275947,-0.08838327756636011
-0.024221463052649595,-0.024216559659018273,-0.02421593630183207,-0.025285174140656327,-0.0687962719115127,-0.06880109593275947,-0.08838327756636011
-0.02422164799837342,-0.024216829085247374,-0.024215368281345313,-0.025285174140656327,-0.0687962719115127,-0.06880109593275947,-0.08838327756636011
-0.02422164799837342,-0.02421633162265533,-0.024216019496098782,-0.025285174140656327,-0.0687962719115127,-0.06880109593275947,-0.08838327756636011
-0.02422332003451317,-0.024216623947852442,-0.02421659722469356,-0.025285174140656327,-0.0687962719115127,-0.06880109593275947,-0.08838327756636011
-0.02422332003451317,-0.024216509845481335,-0.024215324602399283,-0.025285174140656327,-0.0687962719115127,-0.06880109593275947,-0.08838327756636011
-0.02422332003451317,-0.02421626273794316,-0.024215066786035074,-0.025285174140656327,-0.0687962719115127,-0.06880109593275947,-0.08838327756636011
-0.02422332003451317,-0.024216431215968778,-0.024216697142586476,-0.025285174140656327,-0.0687962719115127,-0.06880109593275947,-0.08838327756636011
-0.02422373659873899,-0.024216871677418695,-0.024216003625556475,-0.025285174140656327,-0.0687962719115127,-0.06880109593275947,-0.08838327756636011
-0.024223693323238697,-0.024216839212525963,-0.024217166566540153,-0.025285174140656327,-0.0687962719115127,-0.06880109593275947,-0.08838327756636011
-0.024223693323238697,-0.024217248498513727,-0.02421707573090235,-0.025285174140656327,-0.0687962719115127,-0.06880109593275947,-0.08838327756636011
-0.024223693323238697,-0.02421752110987288,-0.024217049929049068,-0.025285174140656327,-0.0687962719115127,-0.06880109593275947,-0.08838327756636011
-0.024223693323238697,-0.02421828229209838,-0.02421827834554911,-0.025285174140656327,-0.0687962719115127,-0.06880109593275947,-0.08838327756636011
-0.02422434595557057,-0.0242185050907174,-0.024218409448452945,-0.025285174140656327,-0.0687962719115127,-0.06880109593275947,-0.08838327756636011
-0.024224431219472705,-0.024218906722629576,-0.0242189350518872,-0.025285174140656327,-0.0687962719115127,-0.06880109593275947,-0.08838327756636011
-0.024224431219472705,-0.024219167117745886,-0.024219818292417563,-0.025285174140656327,-0.0687962719115127,-0.06880109593275947,-0.08838327756636011
-0.024224431219472705,-0.024218721711975446,-0.024220105291591056,-0.025285174140656327,-0.0687962719115127,-0.06880109593275947,-0.08838327756636011
-0.024224846753235614,-0.02421858692539902,-0.0242194662905388,-0.025285174140656327,-0.0687962719115127,-0.06880109593275947,-0.08838327756636011
-0.024224846753235614,-0.02421976227896904,-0.024220065560516875,-0.025285174140656327,-0.0687962719115127,-0.06880109593275947,-0.08838327756636011
-0.02422512405782024,-0.024219166043921374,-0.024220184193394823,-0.025285174140656327,-0.0687962719115127,-0.06880109593275947,-0.08838327756636011
-0.02422512405782024,-0.024220127913102876,-0.024219897559490316,-0.025285174140656327,-0.0687962719115127,-0.06880109593275947,-0.08838327756636011
-0.02422512405782024,-0.02422037755851486,-0.024219492952102722,-0.025285174140656327,-0.0687962719115127,-0.06880109593275947,-0.08838327756636011
-0.02422512405782024,-0.024220416948597123,-0.024220405190570046,-0.025285174140656327,-0.0687962719115127,-0.06880109593275947,-0.08838327756636011
-0.02422512405782024,-0.024220957593234747,-0.024220947062990685,-0.025285174140656327,-0.0687962719115127,-0.06880109593275947,-0.08838327756636011
-0.02422512405782024,-0.0242202521746059,-0.024220638652765653,-0.025285174140656327,-0.0687962719115127,-0.06880109593275947,-0.08838327756636011
-0.02422512405782024,-0.024218963419100185,-0.02421999069436417,-0.025285174140656327,-0.0687962719115127,-0.06880109593275947,-0.08838327756636011
-0.02422512405782024,-0.02421889391558991,-0.024220170955721515,-0.025285174140656327,-0.0687962719115127,-0.06880109593275947,-0.08838327756636011
-0.024225401266799076,-0.024219344220185828,-0.024219668697280136,-0.025285174140656327,-0.0687962719115127,-0.06880109593275947,-0.08838327756636011
-0.024225401266799076,-0.0242201966067832,-0.024219979964088957,-0.025285174140656327,-0.0687962719115127,-0.06880109593275947,-0.08838327756636011
-0.024225401266799076,-0.024220088947578714,-0.024220545813399268,-0.025285174140656327,-0.0687962719115127,-0.06880109593275947,-0.08838327756636011
-0.024225401266799076,-0.024219571513709487,-0.024220723031630854,-0.025285174140656327,-0.0687962719115127,-0.06880109593275947,-0.08838327756636011
-0.024225401266799076,-0.024218006970113136,-0.024220654298555817,-0.025285174140656327,-0.0687962719115127,-0.06880109593275947,-0.08838327756636011
-0.024225401266799076,-0.024217102354195157,-0.024220206298012716,-0.025285174140656327,-0.0687962719115127,-0.06880109593275947,-0.08838327756636011
-0.024225401266799076,-0.024217917648594035,-0.024219363676925083,-0.025285174140656327,-0.0687962719115127,-0.06880109593275947,-0.08838327756636011
-0.024225401266799076,-0.024219597865460817,-0.02421967951367757,-0.025285174140656327,-0.0687962719115127,-0.06880109593275947,-0.08838327756636011
-0.024225588630663233,-0.02421959291901422,-0.024218841978006736,-0.025285174140656327,-0.0687962719115127,-0.06880109593275947,-0.08838327756636011
-0.024225588630663233,-0.024219889023422043,-0.0242191256720432,-0.025285174140656327,-0.0687962719115127,-0.06880109593275947,-0.08838327756636011
-0.024225588630663233,-0.024220317212765474,-0.024219292216270366,-0.025285174140656327,-0.0687962719115127,-0.06880109593275947,-0.08838327756636011
-0.024225588630663233,-0.024219185075873426,-0.02421921386228601,-0.025285174140656327,-0.0687962719115127,-0.06880109593275947,-0.08838327756636011
-0.024225654777360075,-0.02421907528379525,-0.024219110077868426,-0.025285174140656327,-0.0687962719115127,-0.06880109593275947,-0.08838327756636011
-0.024225654777360075,-0.02421851496193054,-0.024218892459789334,-0.025285174140656327,-0.0687962719115127,-0.06880109593275947,-0.08838327756636011
-0.02422593175161347,-0.024218391013988642,-0.024218857851020795,-0.025285174140656327,-0.0687962719115127,-0.06880109593275947,-0.08838327756636011
-0.02422593175161347,-0.0242190650978591,-0.024219053716556565,-0.025285174140656327,-0.0687962719115127,-0.06880109593275947,-0.08838327756636011
-0.02422593175161347,-0.024219068190877997,-0.02421933822119324,-0.025285174140656327,-0.0687962719115127,-0.06880109593275947,-0.08838327756636011
-0.02422593175161347,-0.024217292887216597,-0.024219494786464558,-0.025285174140656327,-0.0687962719115127,-0.06880109593275947,-0.08838327756636011
-0.02422593175161347,-0.02421887798782672,-0.024219174266705463,-0.025285174140656327,-0.0687962719115127,-0.06880109593275947,-0.08838327756636011
-0.02422593175161347,-0.02421914916787549,-0.02421916842065403,-0.025285174140656327,-0.0687962719115127,-0.06880109593275947,-0.08838327756636011
-0.024226208630440765,-0.024219500041978752,-0.024219520338323523,-0.025285174140656327,-0.0687962719115127,-0.06880109593275947,-0.08838327756636011
-0.024226208630440765,-0.024218545966918623,-0.024219883366074915,-0.025285174140656327,-0.0687962719115127,-0.06880109593275947,-0.08838327756636011
-0.024226208630440765,-0.02421821654682476,-0.02421964081505305,-0.025285174140656327,-0.0687962719115127,-0.06880109593275947,-0.08838327756636011
-0.024226208630440765,-0.024219154592158544,-0.024219276688939945,-0.025285174140656327,-0.0687962719115127,-0.06880109593275947,-0.08838327756636011
-0.024224556988435578,-0.02421967125089267,-0.0242196535601385,-0.025285174140656327,-0.0687962719115127,-0.06880109593275947,-0.08838327756636011
-0.0242248339132687,-0.024219544571616344,-0.02421937587680549,-0.025285174140656327,-0.0687962719115127,-0.06880109593275947,-0.08838327756636011
-0.0242248339132687,-0.024219652662456254,-0.02421886944823632,-0.025285174140656327,-0.0687962719115127,-0.06880109593275947,-0.08838327756636011
-0.024225111336284248,-0.024218982929661223,-0.024219025679647448,-0.025285174140656327,-0.0687962719115127,-0.06880109593275947,-0.08838327756636011
-0.024225111336284248,-0.024219107465138744,-0.024219276567881354,-0.025285174140656327,-0.0687962719115127,-0.06880109593275947,-0.08838327756636011
-0.024225111336284248,-0.024219382820099205,-0.024219411189158595,-0.025285174140656327,-0.0687962719115127,-0.06880109593275947,-0.08838327756636011
-0.024225111336284248,-0.0242200916631276,-0.024220113104191286,-0.025285174140656327,-0.0687962719115127,-0.06880109593275947,-0.08838327756636011
-0.024225111336284248,-0.024220671819234166,-0.024220710422883193,-0.025285174140656327,-0.0687962719115127,-0.06880109593275947,-0.08838327756636011
-0.024225111336284248,-0.024220108675859553,-0.024219976702439975,-0.025285174140656327,-0.0687962719115127,-0.06880109593275947,-0.08838327756636011
-0.024225111336284248,-0.024220602457008623,-0.024219950743702125,-0.025285174140656327,-0.0687962719115127,-0.06880109593275947,-0.08838327756636011
-0.024225111336284248,-0.024220969786602452,-0.024220480118924317,-0.025285174140656327,-0.0687962719115127,-0.06880109593275947,-0.08838327756636011
-0.024225111336284248,-0.02422121180130553,-0.02422117395651135,-0.025285174140656327,-0.0687962719115127,-0.06880109593275947,-0.08838327756636011
-0.02422575955913676,-0.024222139985148154,-0.02422213371155712,-0.025285174140656327,-0.0687962719115127,-0.06880109593275947,-0.08838327756636011
-0.02422575955913676,-0.024221606569924777,-0.024221851992619194,-0.025285174140656327,-0.0687962719115127,-0.06880109593275947,-0.08838327756636011
-0.02422575955913676,-0.024222476548929825,-0.024222458285292296,-0.025285174140656327,-0.0687962719115127,-0.06880109593275947,-0.08838327756636011
-0.02422575955913676,-0.024222806607405487,-0.02422280789572024,-0.025285174140656327,-0.0687962719115127,-0.06880109593275947,-0.08838327756636011
-0.024223963678102475,-0.024223682826282154,-0.02422365931879682,-0.025478227305991207,-0.0687962719115127,-0.06880109593275947,-0.08838327756636011
-0.024223963678102475,-0.02422395083695144,-0.02422202981503767,-0.025478227305991207,-0.0687962719115127,-0.06880109593275947,-0.08838327756636011
-0.024224516779895205,-0.024224236394934255,-0.024221745095722603,-0.025478227305991207,-0.0687962719115127,-0.06880109593275947,-0.08838327756636011
-0.024224793188239564,-0.024223456656399377,-0.024221933949255377,-0.025478227305991207,-0.0687962719115127,-0.06880109593275947,-0.08838327756636011
-0.024224793188239564,-0.024223252996588743,-0.024223203685629816,-0.025478227305991207,-0.0687962719115127,-0.06880109593275947,-0.08838327756636011
-0.024224976608708745,-0.024222792249936634,-0.0242233547899182,-0.025478227305991207,-0.0687962719115127,-0.06880109593275947,-0.08838327756636011
-0.024224976608708745,-0.024223420160538977,-0.024223795212205,-0.025478227305991207,-0.0687962719115127,-0.06880109593275947,-0.08838327756636011
-0.02422539563486117,-0.024224045567874542,-0.024223624107203686,-0.025478227305991207,-0.0687962719115127,-0.06880109593275947,-0.08838327756636011
-0.02422539563486117,-0.02422436494468887,-0.024224363536098064,-0.025478227305991207,-0.0687962719115127,-0.06880109593275947,-0.08838327756636011
-0.024225671749872196,-0.024224746248180863,-0.024223947060235406,-0.025478227305991207,-0.0687962719115127,-0.06880109593275947,-0.08838327756636011
-0.024226096324255677,-0.024224700748163606,-0.02422341927879704,-0.025478227305991207,-0.0687962719115127,-0.06880109593275947,-0.08838327756636011
-0.024226096324255677,-0.024224907337410503,-0.024223192044707183,-0.025478227305991207,-0.0687962719115127,-0.06880109593275947,-0.08838327756636011
-0.02422678585812464,-0.024225045200799676,-0.02422344325386283,-0.025478227305991207,-0.0687962719115127,-0.06880109593275947,-0.08838327756636011
-0.02422678585812464,-0.024224608439088288,-0.024224577560031314,-0.025478227305991207,-0.0687962719115127,-0.06880109593275947,-0.08838327756636011
-0.02422678585812464,-0.02422420383538849,-0.02422435283107341,-0.025478227305991207,-0.0687962719115127,-0.06880109593275947,-0.08838327756636011
-0.02422678585812464,-0.0242233051101293,-0.02422428632730447,-0.025478227305991207,-0.0687962719115127,-0.06880109593275947,-0.08838327756636011
-0.024226742304455526,-0.024223668422538185,-0.02422420202464398,-0.025478227305991207,-0.0687962719115127,-0.06880109593275947,-0.08838327756636011
-0.02422715572082086,-0.02422394305987785,-0.02422467712260383,-0.025478227305991207,-0.0687962719115127,-0.06880109593275947,-0.08838327756636011
-0.02422715572082086,-0.024222547461296113,-0.024224232726794446,-0.025478227305991207,-0.0687962719115127,-0.06880109593275947,-0.08838327756636011
-0.02422715572082086,-0.02422378521452954,-0.02422436403437091,-0.025478227305991207,-0.0687962719115127,-0.06880109593275947,-0.08838327756636011
-0.02422715572082086,-0.02422311258502309,-0.02422435276919607,-0.025478227305991207,-0.0687962719115127,-0.06880109593275947,-0.08838327756636011
-0.02422715572082086,-0.024223246723127794,-0.024222738889615243,-0.025478227305991207,-0.0687962719115127,-0.06880109593275947,-0.08838327756636011
-0.02422715572082086,-0.024222671551274836,-0.02422294782155927,-0.025478227305991207,-0.0687962719115127,-0.06880109593275947,-0.08838327756636011
-0.02422743120240289,-0.02422286601048607,-0.024222831095945207,-0.025478227305991207,-0.0687962719115127,-0.06880109593275947,-0.08838327756636011
-0.02422743120240289,-0.02422298645879092,-0.02422261647333925,-0.025478227305991207,-0.0687962719115127,-0.06880109593275947,-0.08838327756636011
-0.02422743120240289,-0.024222600405188623,-0.02422249900389144,-0.025478227305991207,-0.0687962719115127,-0.06880109593275947,-0.08838327756636011
-0.02422743120240289,-0.02422266665397411,-0.02422265192123276,-0.025478227305991207,-0.0687962719115127,-0.06880109593275947,-0.08838327756636011
-0.024228819366360576,-0.024222949655224982,-0.02422296920806397,-0.025478227305991207,-0.0687962719115127,-0.06880109593275947,-0.08838327756636011
-0.024228819366360576,-0.024222903498450285,-0.02422278799589743,-0.025478227305991207,-0.0687962719115127,-0.06880109593275947,-0.08838327756636011
-0.024228819366360576,-0.024223112205099585,-0.024223136038564342,-0.025478227305991207,-0.0687962719115127,-0.06880109593275947,-0.08838327756636011
-0.02422923200165306,-0.024223333762249184,-0.02422331485055235,-0.025478227305991207,-0.0687962719115127,-0.06880109593275947,-0.08838327756636011
-0.02422923200165306,-0.024223362083392378,-0.024223738131124776,-0.025478227305991207,-0.0687962719115127,-0.06880109593275947,-0.08838327756636011
-0.02422923200165306,-0.024224236851484806,-0.02422434145103121,-0.025478227305991207,-0.0687962719115127,-0.06880109593275947,-0.08838327756636011
-0.024229644436059267,-0.02422496125373735,-0.02422499257117179,-0.025478227305991207,-0.0687962719115127,-0.06880109593275947,-0.08838327756636011
-0.024229644436059267,-0.0242254045596103,-0.02422541974420531,-0.025478227305991207,-0.0687962719115127,-0.06880109593275947,-0.08838327756636011
-0.024229644436059267,-0.024225382057184306,-0.024225568146758383,-0.025478227305991207,-0.0687962719115127,-0.06880109593275947,-0.08838327756636011
-0.024229644436059267,-0.024223226759202566,-0.024225713689851255,-0.025478227305991207,-0.0687962719115127,-0.06880109593275947,-0.08838327756636011
-0.024229644436059267,-0.024222518322443785,-0.024225945636889276,-0.025478227305991207,-0.0687962719115127,-0.06880109593275947,-0.08838327756636011
-0.024229644436059267,-0.024222123119650912,-0.024225307708733275,-0.025478227305991207,-0.0687962719115127,-0.06880109593275947,-0.08838327756636011
-0.02422967127346291,-0.02422182770441708,-0.024225196867626017,-0.025478227305991207,-0.0687962719115127,-0.06880109593275947,-0.08838327756636011
-0.02422967127346291,-0.024222234074057797,-0.02422478992416166,-0.025478227305991207,-0.0687962719115127,-0.06880109593275947,-0.08838327756636011
-0.02422967127346291,-0.024223386883247086,-0.024224840065264125,-0.025478227305991207,-0.0687962719115127,-0.06880109593275947,-0.08838327756636011
-0.02422967127346291,-0.024224723866414614,-0.02422473241750921,-0.025478227305991207,-0.0687962719115127,-0.06880109593275947,-0.08838327756636011
-0.02422967127346291,-0.024224429872504234,-0.0242245996087295,-0.025478227305991207,-0.0687962719115127,-0.06880109593275947,-0.08838327756636011
-0.02422967127346291,-0.02422473309462666,-0.02422531092772454,-0.025478227305991207,-0.0687962719115127,-0.06880109593275947,-0.08838327756636011
-0.024230083550788113,-0.02422570850949534,-0.024225686044431958,-0.025478227305991207,-0.0687962719115127,-0.06880109593275947,-0.08838327756636011
-0.024230083550788113,-0.02422548544959654,-0.024226260488440097,-0.025478227305991207,-0.0687962719115127,-0.06880109593275947,-0.08838327756636011
-0.024230083550788113,-0.024224013629518187,-0.02422617788109013,-0.025478227305991207,-0.0687962719115127,-0.06880109593275947,-0.08838327756636011
-0.024230070056867187,-0.024225126160018463,-0.02422623054265674,-0.025478227305991207,-0.0687962719115127,-0.06880109593275947,-0.08838327756636011
-0.024230070056867187,-0.02422540230150336,-0.024226322156109103,-0.025478227305991207,-0.0687962719115127,-0.06880109593275947,-0.08838327756636011
-0.024230072177289796,-0.024223109118644406,-0.02422623092178355,-0.025478227305991207,-0.0687962719115127,-0.06880109593275947,-0.08838327756636011
-0.024230072177289796,-0.024223760582439864,-0.024226411145848146,-0.025478227305991207,-0.0687962719115127,-0.06880109593275947,-0.08838327756636011
-0.024230072177289796,-0.024224030265896576,-0.02422654393478548,-0.025478227305991207,-0.0687962719115127,-0.06880109593275947,-0.08838327756636011
-0.024230072177289796,-0.024223317278211132,-0.024226347774647383,-0.025478227305991207,-0.0687962719115127,-0.06880109593275947,-0.08838327756636011
-0.024230346640766388,-0.024224152627495964,-0.02422627346356059,-0.025478227305991207,-0.0687962719115127,-0.06880109593275947,-0.08838327756636011
-0.024230346640766388,-0.024223224279702197,-0.024225939370251123,-0.025478227305991207,-0.0687962719115127,-0.06880109593275947,-0.08838327756636011
-0.024230346640766388,-0.02422497369557852,-0.024225613791893703,-0.025478227305991207,-0.0687962719115127,-0.06880109593275947,-0.08838327756636011
-0.024230346640766388,-0.024225384305382375,-0.02422538335547006,-0.025478227305991207,-0.0687962719115127,-0.06880109593275947,-0.08838327756636011
-0.024230346640766388,-0.024225607437136223,-0.02422560534224405,-0.025478227305991207,-0.0687962719115127,-0.06880109593275947,-0.08838327756636011
-0.024230346640766388,-0.02422539668047216,-0.02422575803583219,-0.025478227305991207,-0.0687962719115127,-0.06880109593275947,-0.08838327756636011
-0.024230346640766388,-0.024225692208933947,-0.02422600442589538,-0.025478227305991207,-0.0687962719115127,-0.06880109593275947,-0.08838327756636011
-0.024230346640766388,-0.024226141012921462,-0.024226074878734065,-0.025478227305991207,-0.0687962719115127,-0.06880109593275947,-0.08838327756636011
-0.024230346640766388,-0.024225553935226275,-0.024226113757888006,-0.025478227305991207,-0.0687962719115127,-0.06880109593275947,-0.08838327756636011
-0.024230346640766388,-0.024225140525576585,-0.024226393243530184,-0.025478227305991207,-0.0687962719115127,-0.06880109593275947,-0.08838327756636011
-0.024230346640766388,-0.024224112833525956,-0.024226157018308693,-0.025478227305991207,-0.0687962719115127,-0.06880109593275947,-0.08838327756636011
-0.024230346640766388,-0.02422403832340287,-0.024225709307193227,-0.025478227305991207,-0.0687962719115127,-0.06880109593275947,-0.08838327756636011
-0.02423052757346897,-0.024223259080526673,-0.02422549863372306,-0.025478227305991207,-0.0687962719115127,-0.06880109593275947,-0.08838327756636011
-0.02423052757346897,-0.024223286520714128,-0.024225606035808277,-0.025478227305991207,-0.0687962719115127,-0.06880109593275947,-0.08838327756636011
-0.02423052757346897,-0.024224490194546974,-0.02422503337289676,-0.025478227305991207,-0.0687962719115127,-0.06880109593275947,-0.08838327756636011
-0.024230792816193947,-0.024224795960944248,-0.02422532344483192,-0.025478227305991207,-0.0687962719115127,-0.06880109593275947,-0.08838327756636011
-0.024230842691006175,-0.024225176703359955,-0.024224652967916333,-0.025478227305991207,-0.0687962719115127,-0.06880109593275947,-0.08838327756636011
-0.024230842691006175,-0.024224703937303468,-0.024223734161260863,-0.025478227305991207,-0.0687962719115127,-0.06880109593275947,-0.08838327756636011
-0.024231116834830476,-0.024224815603935683,-0.024224241460537973,-0.025478227305991207,-0.0687962719115127,-0.06880109593275947,-0.08838327756636011
-0.024231116834830476,-0.024224542829470883,-0.02422424262810584,-0.025478227305991207,-0.0687962719115127,-0.06880109593275947,-0.08838327756636011
-0.024231116834830476,-0.024224544126568544,-0.024224543138327618,-0.025478227305991207,-0.0687962719115127,-0.06880109593275947,-0.08838327756636011
-0.024231116834830476,-0.024225347168233827,-0.024225305317091373,-0.025478227305991207,-0.0687962719115127,-0.06880109593275947,-0.08838327756636011
-0.024231116834830476,-0.02422550608502406,-0.02422577096302442,-0.025478227305991207,-0.0687962719115127,-0.06880109593275947,-0.08838327756636011
-0.024231116834830476,-0.0242257389896406,-0.024225706201166954,-0.025478227305991207,-0.0687962719115127,-0.06880109593275947,-0.08838327756636011
-0.024231116834830476,-0.024226443474200075,-0.024226431445030516,-0.025478227305991207,-0.0687962719115127,-0.06880109593275947,-0.08838327756636011
-0.024231116834830476,-0.024226692695209787,-0.024226831161602524,-0.025478227305991207,-0.0687962719115127,-0.06880109593275947,-0.08838327756636011
-0.024229216246288432,-0.024226968252370366,-0.02422700126366107,-0.025478227305991207,-0.0687962719115127,-0.06880109593275947,-0.08838327756636011
-0.024229216246288432,-0.024227424100391023,-0.024227388497255958,-0.025478227305991207,-0.0687962719115127,-0.06880109593275947,-0.08838327756636011
-0.0242294905275979,-0.024228213852216206,-0.02422820808487171,-0.025478227305991207,-0.0687962719115127,-0.06880109593275947,-0.08838327756636011
-0.0242294905275979,-0.024228490826665866,-0.02422854144757286,-0.025478227305991207,-0.0687962719115127,-0.06880109593275947,-0.08838327756636011
-0.0242294905275979,-0.02422859309857599,-0.024228547691438024,-0.025478227305991207,-0.0687962719115127,-0.06880109593275947,-0.08838327756636011
-0.0242294905275979,-0.02422877027466234,-0.024228990726215965,-0.025478227305991207,-0.0687962719115127,-0.06880109593275947,-0.08838327756636011
-0.0242294905275979,-0.024228456507155386,-0.024229311993224506,-0.025478227305991207,-0.0687962719115127,-0.06880109593275947,-0.08838327756636011
-0.024229904146651913,-0.024229449674666698,-0.02422961007598049,-0.025478227305991207,-0.0687962719115127,-0.06880109593275947,-0.08838327756636011
-0.02423017076103686,-0.024229619697615324,-0.02422976142017435,-0.025478227305991207,-0.0687962719115127,-0.06880109593275947,-0.08838327756636011
-0.024230581966699364,-0.024230247231898254,-0.02423026006066528,-0.025478227305991207,-0.0687962719115127,-0.06880109593275947,-0.08838327756636011
-0.024230855484258455,-0.024230609781816726,-0.024230295626271783,-0.025478227305991207,-0.0687962719115127,-0.06880109593275947,-0.08838327756636011
-0.024230855484258455,-0.024230722014731584,-0.024230376706922234,-0.025478227305991207,-0.0687962719115127,-0.06880109593275947,-0.08838327756636011
-0.024231129204425828,-0.024230941420882172,-0.024230383502536812,-0.025478227305991207,-0.0687962719115127,-0.06880109593275947,-0.08838327756636011
-0.02423204083581629,-0.024230539364328427,-0.0242306929396758,-0.025478227305991207,-0.0687962719115127,-0.06880109593275947,-0.08838327756636011
-0.02423204083581629,-0.024230757004314436,-0.02423073030130458,-0.025478227305991207,-0.0687962719115127,-0.06880109593275947,-0.08838327756636011
-0.024232451311889447,-0.02423124404047277,-0.024231031696391177,-0.025478227305991207,-0.0687962719115127,-0.06880109593275947,-0.08838327756636011
-0.024232451311889447,-0.024231094371789712,-0.024230269193791388,-0.025478227305991207,-0.0687962719115127,-0.06880109593275947,-0.08838327756636011
-0.024232451311889447,-0.024231308037932758,-0.02423106681260305,-0.025478227305991207,-0.0687962719115127,-0.06880109593275947,-0.08838327756636011
-0.024232451311889447,-0.02423189616727502,-0.024231898166747493,-0.025478227305991207,-0.0687962719115127,-0.06880109593275947,-0.08838327756636011
-0.024232451311889447,-0.024231392052579334,-0.024232132558921562,-0.025478227305991207,-0.0687962719115127,-0.06880109593275947,-0.08838327756636011
-0.024232451311889447,-0.024231008063730044,-0.024231484800269463,-0.025478227305991207,-0.0687962719115127,-0.06880109593275947,-0.08838327756636011
-0.024232724572734815,-0.024231672853971074,-0.024231698950507502,-0.025478227305991207,-0.0687962719115127,-0.06880109593275947,-0.08838327756636011
-0.024231161267266817,-0.024232092415904443,-0.024232096611313647,-0.025478227305991207,-0.0687962719115127,-0.06880109593275947,-0.08838327756636011
-0.02423244539024338,-0.0242306355805897,-0.02423225025735306,-0.025478227305991207,-0.0687962719115127,-0.06880109593275947,-0.08838327756636011
-0.02423244539024338,-0.02423138523711339,-0.024232097042282057,-0.025478227305991207,-0.0687962719115127,-0.06880109593275947,-0.08838327756636011
-0.02423244539024338,-0.02423128140535587,-0.024232228073444075,-0.025478227305991207,-0.0687962719115127,-0.06880109593275947,-0.08838327756636011
-0.024232853695424727,-0.024231270676253767,-0.024232407804199392,-0.025478227305991207,-0.0687962719115127,-0.06880109593275947,-0.08838327756636011
-0.024232853695424727,-0.024231219067450887,-0.024232581785785638,-0.025478227305991207,-0.0687962719115127,-0.06880109593275947,-0.08838327756636011
-0.024232853695424727,-0.024231482251303352,-0.024232529817947223,-0.025478227305991207,-0.0687962719115127,-0.06880109593275947,-0.08838327756636011
-0.024233102287728642,-0.02423121003038778,-0.024232447595145166,-0.025478227305991207,-0.0687962719115127,-0.06880109593275947,-0.08838327756636011
-0.024233102287728642,-0.024230577564222446,-0.024232438583642962,-0.025478227305991207,-0.0687962719115127,-0.06880109593275947,-0.08838327756636011
-0.024233102287728642,-0.024231578618824356,-0.024231970132319564,-0.025478227305991207,-0.0687962719115127,-0.06880109593275947,-0.08838327756636011
-0.02423337395344279,-0.024231521467369628,-0.02423215047199425,-0.025478227305991207,-0.0687962719115127,-0.06880109593275947,-0.08838327756636011
-0.02423337395344279,-0.024231749815643897,-0.024232171117533854,-0.025478227305991207,-0.0687962719115127,-0.06880109593275947,-0.08838327756636011
-0.02423337395344279,-0.024232238948512102,-0.024232233810320646,-0.025478227305991207,-0.0687962719115127,-0.06880109593275947,-0.08838327756636011
-0.02423337395344279,-0.024232711708820423,-0.024232620303427724,-0.025478227305991207,-0.0687962719115127,-0.06880109593275947,-0.08838327756636011
-0.02423337395344279,-0.02423308248097374,-0.02423295428571685,-0.025478227305991207,-0.0687962719115127,-0.06880109593275947,-0.08838327756636011
-0.024233781951949914,-0.02423316574034303,-0.024233172930529078,-0.025478227305991207,-0.0687962719115127,-0.06880109593275947,-0.08838327756636011
-0.024234053410095213,-0.024233309021185735,-0.024233182530610478,-0.025478227305991207,-0.0687962719115127,-0.06880109593275947,-0.08838327756636011
-0.024234053410095213,-0.024233912963080598,-0.02423392800940147,-0.025478227305991207,-0.0687962719115127,-0.06880109593275947,-0.08838327756636011
-0.024234291169691165,-0.024234179412393923,-0.024233436746257886,-0.025478227305991207,-0.0687962719115127,-0.06880109593275947,-0.08838327756636011
-0.02423456240330853,-0.024234460938954115,-0.02423362302291647,-0.025478227305991207,-0.0687962719115127,-0.06880109593275947,-0.08838327756636011
-0.02423483354491992,-0.024234015345988083,-0.02423283134109003,-0.025478227305991207,-0.0687962719115127,-0.06880109593275947,-0.08838327756636011
-0.024235363601332903,-0.024234207388441995,-0.02423051267027245,-0.025478227305991207,-0.0687962719115127,-0.06880109593275947,-0.08838327756636011
-0.024235363601332903,-0.02423408878611889,-0.02423011199909154,-0.025478227305991207,-0.0687962719115127,-0.06880109593275947,-0.08838327756636011
-0.024235363601332903,-0.024233893420240245,-0.02422999276012051,-0.025478227305991207,-0.0687962719115127,-0.06880109593275947,-0.08838327756636011
-0.024235363601332903,-0.024234060171754928,-0.02422976463137607,-0.025478227305991207,-0.0687962719115127,-0.06880109593275947,-0.08838327756636011
-0.024235770591601584,-0.024234150658830684,-0.0242293995525616,-0.025478227305991207,-0.0687962719115127,-0.06880109593275947,-0.08838327756636011
-0.024235770591601584,-0.024234084482072864,-0.024228828984289588,-0.025478227305991207,-0.0687962719115127,-0.06880109593275947,-0.08838327756636011
-0.024235815014575342,-0.024234291003369997,-0.024228291193056938,-0.025478227305991207,-0.0687962719115127,-0.06880109593275947,-0.08838327756636011
-0.024235815014575342,-0.02423416607855899,-0.02422810637318468,-0.025478227305991207,-0.0687962719115127,-0.06880109593275947,-0.08838327756636011
-0.024235815014575342,-0.024234142172848906,-0.024228128049039212,-0.025478227305991207,-0.0687962719115127,-0.06880109593275947,-0.08838327756636011
-0.024236030148049748,-0.02423412861224674,-0.024227601711681365,-0.025478227305991207,-0.0687962719115127,-0.06880109593275947,-0.08838327756636011
-0.02423630076533135,-0.024233966258270574,-0.024228104313394862,-0.025478227305991207,-0.0687962719115127,-0.06880109593275947,-0.08838327756636011
-0.02423630076533135,-0.024233704902851077,-0.024229085043913485,-0.025478227305991207,-0.0687962719115127,-0.06880109593275947,-0.08838327756636011
-0.02423630076533135,-0.02423360497364671,-0.02423073909977138,-0.025478227305991207,-0.0687962719115127,-0.06880109593275947,-0.08838327756636011
-0.02423630076533135,-0.024233746601347923,-0.024231382172004556,-0.025478227305991207,-0.0687962719115127,-0.06880109593275947,-0.08838327756636011
-0.02423630076533135,-0.024233601728769937,-0.024231374368581176,-0.025478227305991207,-0.0687962719115127,-0.06880109593275947,-0.08838327756636011
-0.02423630076533135,-0.0242334837791883,-0.024232243400607714,-0.025478227305991207,-0.0687962719115127,-0.06880109593275947,-0.08838327756636011
-0.02423377005181412,-0.024233698550720988,-0.024232980662248164,-0.025478227305991207,-0.0687962719115127,-0.06880109593275947,-0.08838327756636011
-0.02423388528219787,-0.024233862141888017,-0.024233084962733673,-0.025478227305991207,-0.0687962719115127,-0.06880109593275947,-0.08838327756636011
-0.02423388528219787,-0.024233519666810924,-0.024233216808194426,-0.025478227305991207,-0.0687962719115127,-0.06880109593275947,-0.08838327756636011
-0.02423388528219787,-0.024232493910196277,-0.02423225259449553,-0.025478227305991207,-0.0687962719115127,-0.06880109593275947,-0.08838327756636011
-0.02423388528219787,-0.024232756870011092,-0.024232156111677887,-0.025478227305991207,-0.0687962719115127,-0.06880109593275947,-0.08838327756636011
-0.02423388528219787,-0.02423283622627695,-0.024231956002261773,-0.025478227305991207,-0.0687962719115127,-0.06880109593275947,-0.08838327756636011
-0.024234156033520346,-0.024232981052968998,-0.02423025940054692,-0.025478227305991207,-0.0687962719115127,-0.06880109593275947,-0.08838327756636011
-0.02423456272565396,-0.024232570550857202,-0.02423129525448223,-0.025478227305991207,-0.0687962719115127,-0.06880109593275947,-0.08838327756636011
-0.02423456272565396,-0.0242328339982754,-0.024231420890989827,-0.025478227305991207,-0.0687962719115127,-0.06880109593275947,-0.08838327756636011
-0.024235239593181714,-0.02423284317227181,-0.024231926693211288,-0.025478227305991207,-0.0687962719115127,-0.06880109593275947,-0.08838327756636011
-0.02423242165221514,-0.024232720318740516,-0.024232402908040344,-0.025478227305991207,-0.0687962719115127,-0.06880109593275947,-0.08838327756636011
-0.02423290569344028,-0.024232687269231678,-0.024232233389586164,-0.025478227305991207,-0.0687962719115127,-0.06880109593275947,-0.08838327756636011
-0.02423297537364093,-0.024232881523298864,-0.024232985839760406,-0.025478227305991207,-0.0687962719115127,-0.06880109593275947,-0.08838327756636011
-0.02423425708849292,-0.024233215483252885,-0.024233186225274,-0.025478227305991207,-0.0687962719115127,-0.06880109593275947,-0.08838327756636011
-0.02423425708849292,-0.024233788877424174,-0.02423375126108479,-0.025478227305991207,-0.0687962719115127,-0.06880109593275947,-0.08838327756636011
-0.024234526363712785,-0.024233838351989452,-0.024233653369149406,-0.025478227305991207,-0.0687962719115127,-0.06880109593275947,-0.08838327756636011
-0.024234526363712785,-0.024233877228403786,-0.024234090137627236,-0.025478227305991207,-0.0687962719115127,-0.06880109593275947,-0.08838327756636011
-0.024234526363712785,-0.024233437335749414,-0.024233614737650958,-0.025478227305991207,-0.0687962719115127,-0.06880109593275947,-0.08838327756636011
-0.024234526363712785,-0.024233523312176347,-0.024233186111014833,-0.025478227305991207,-0.0687962719115127,-0.06880109593275947,-0.08838327756636011
-0.024234526363712785,-0.024233469651486338,-0.024233468052393882,-0.025478227305991207,-0.0687962719115127,-0.06880109593275947,-0.08838327756636011
-0.024234526363712785,-0.024233641868287276,-0.02423366609448494,-0.025478227305991207,-0.0687962719115127,-0.06880109593275947,-0.08838327756636011
-0.024234526363712785,-0.024233968496227477,-0.024233466714127978,-0.025478227305991207,-0.0687962719115127,-0.06880109593275947,-0.08838327756636011
-0.024234526363712785,-0.02423415398147392,-0.024233117294145245,-0.025478227305991207,-0.0687962719115127,-0.06880109593275947,-0.08838327756636011
-0.024234526363712785,-0.024233808848768676,-0.024233387863787967,-0.025478227305991207,-0.0687962719115127,-0.06880109593275947,-0.08838327756636011
-0.024234526363712785,-0.02423406503031833,-0.024232712107529513,-0.025478227305991207,-0.0687962719115127,-0.06880109593275947,-0.08838327756636011
-0.024234526363712785,-0.024233886418180584,-0.024232596102973545,-0.025478227305991207,-0.0687962719115127,-0.06880109593275947,-0.08838327756636011
-0.02423493087066601,-0.024234033151009658,-0.024231564805085534,-0.025478227305991207,-0.0687962719115127,-0.06880109593275947,-0.08838327756636011
-0.02423493087066601,-0.024233498114976725,-0.024232798595037217,-0.025478227305991207,-0.0687962719115127,-0.06880109593275947,-0.08838327756636011
-0.02423493087066601,-0.024233794753288667,-0.024233766603138897,-0.025478227305991207,-0.0687962719115127,-0.06880109593275947,-0.08838327756636011
-0.024234276192295963,-0.024234226167341093,-0.024233156168618174,-0.025478227305991207,-0.0687962719115127,-0.06880109593275947,-0.08838327756636011
-0.024234712734756494,-0.024233719911176614,-0.024233200641316836,-0.025478227305991207,-0.0687962719115127,-0.06880109593275947,-0.08838327756636011
-0.024234712734756494,-0.0242336069323602,-0.024230630572347683,-0.025478227305991207,-0.0687962719115127,-0.06880109593275947,-0.08838327756636011
-0.024231124218844657,-0.024233669187580995,-0.024229956765174077,-0.025478227305991207,-0.0687962719115127,-0.06880109593275947,-0.08838327756636011
-0.024232051565592477,-0.024233669187580995,-0.024231608059169324,-0.025478227305991207,-0.0687962719115127,-0.06880109593275947,-0.08838327756636011
-0.024233896356559786,-0.024233669187580995,-0.024231494420611236,-0.025478227305991207,-0.0687962719115127,-0.06880109593275947,-0.08838327756636011
-0.024234015561949457,-0.024233162540426963,-0.02423119781891333,-0.025478227305991207,-0.0687962719115127,-0.06880109593275947,-0.08838327756636011
-0.024234015561949457,-0.024232670610644682,-0.024231324841944867,-0.025478227305991207,-0.0687962719115127,-0.06880109593275947,-0.08838327756636011
-0.024234015561949457,-0.024232018102363306,-0.024231692725574742,-0.025478227305991207,-0.0687962719115127,-0.06880109593275947,-0.08838327756636011
-0.024234015561949457,-0.02423169138061307,-0.0242316622337481,-0.025478227305991207,-0.0687962719115127,-0.06880109593275947,-0.08838327756636011
-0.024234015561949457,-0.024231949542014384,-0.024231900466068185,-0.025478227305991207,-0.0687962719115127,-0.06880109593275947,-0.08838327756636011
-0.024234015561949457,-0.024232104792291445,-0.024232340874682456,-0.025478227305991207,-0.0687962719115127,-0.06880109593275947,-0.08838327756636011
-0.024234015561949457,-0.02423216606967627,-0.024232019227812547,-0.025478227305991207,-0.0687962719115127,-0.06880109593275947,-0.08838327756636011
-0.024234015561949457,-0.02423201113596431,-0.02423143607170612,-0.025478227305991207,-0.0687962719115127,-0.06880109593275947,-0.08838327756636011
-0.024234015561949457,-0.024232063141457358,-0.024231004409385037,-0.025478227305991207,-0.0687962719115127,-0.06880109593275947,-0.08838327756636011
-0.024234624944747315,-0.02423242240867702,-0.024232200942488444,-0.025478227305991207,-0.0687962719115127,-0.06880109593275947,-0.08838327756636011
-0.024234624944747315,-0.024232155032906818,-0.02423127639134014,-0.025478227305991207,-0.0687962719115127,-0.06880109593275947,-0.08838327756636011
-0.02423514049405491,-0.0242322931401427,-0.024231727048572363,-0.025478227305991207,-0.0687962719115127,-0.06880109593275947,-0.08838327756636011
-0.024235320742659994,-0.0242326962793401,-0.024232709582999612,-0.025478227305991207,-0.0687962719115127,-0.06880109593275947,-0.08838327756636011
-0.024235320742659994,-0.02423312164138587,-0.02423294038316947,-0.025478227305991207,-0.0687962719115127,-0.06880109593275947,-0.08838327756636011
-0.024235276854124008,-0.02423344970182329,-0.024233451542831977,-0.025478227305991207,-0.0687962719115127,-0.06880109593275947,-0.08838327756636011
-0.024235276854124008,-0.024233762288983503,-0.024233055986979068,-0.025478227305991207,-0.0687962719115127,-0.06880109593275947,-0.08838327756636011
-0.024235678413304835,-0.024233083821346084,-0.02423258331005657,-0.025478227305991207,-0.0687962719115127,-0.06880109593275947,-0.08838327756636011
-0.024235678413304835,-0.02423243609211827,-0.024232993408461863,-0.025478227305991207,-0.0687962719115127,-0.06880109593275947,-0.08838327756636011
-0.024235678413304835,-0.024232570800717047,-0.024233246507410246,-0.025478227305991207,-0.0687962719115127,-0.06880109593275947,-0.08838327756636011
-0.024235678413304835,-0.024233210925737436,-0.02423297593972435,-0.025478227305991207,-0.0687962719115127,-0.06880109593275947,-0.08838327756636011
-0.024236188663295508,-0.024233597375124826,-0.024232665013754547,-0.025478227305991207,-0.0687962719115127,-0.06880109593275947,-0.08838327756636011
-0.024236188663295508,-0.024232687865728988,-0.024232698854356586,-0.025478227305991207,-0.0687962719115127,-0.06880109593275947,-0.08838327756636011
-0.024236188663295508,-0.02423289889277028,-0.024232935262480645,-0.025478227305991207,-0.0687962719115127,-0.06880109593275947,-0.08838327756636011
-0.024236188663295508,-0.024233166708442635,-0.02423317837311902,-0.025478227305991207,-0.0687962719115127,-0.06880109593275947,-0.08838327756636011
-0.024236188663295508,-0.024233389510098347,-0.02423338205814547,-0.025478227305991207,-0.0687962719115127,-0.06880109593275947,-0.08838327756636011
-0.024236188663295508,-0.02423356502287567,-0.02423380819087207,-0.025478227305991207,-0.0687962719115127,-0.06880109593275947,-0.08838327756636011
-0.024236188663295508,-0.024234237534778918,-0.024234202446808604,-0.025478227305991207,-0.0687962719115127,-0.06880109593275947,-0.08838327756636011
-0.024236188663295508,-0.024234721685046142,-0.024234691015343555,-0.025478227305991207,-0.0687962719115127,-0.06880109593275947,-0.08838327756636011
-0.02423658992669148,-0.02423498546004068,-0.02423460209167094,-0.025478227305991207,-0.0687962719115127,-0.06880109593275947,-0.08838327756636011
-0.02423644116915573,-0.024235163419552366,-0.024235091420790434,-0.025478227305991207,-0.0687962719115127,-0.06880109593275947,-0.08838327756636011
-0.02423648057061302,-0.024235460835763306,-0.024235190678667428,-0.025478227305991207,-0.0687962719115127,-0.06880109593275947,-0.08838327756636011
-0.0242342044505132,-0.024235386036978956,-0.024234683532902878,-0.025478227305991207,-0.0687962719115127,-0.06880109593275947,-0.08838327756636011
-0.024235407806611084,-0.024235445349901796,-0.024235294188941194,-0.025478227305991207,-0.0687962719115127,-0.06880109593275947,-0.08838327756636011
-0.0242359282957708,-0.024235562885587352,-0.024234854476638548,-0.025478227305991207,-0.0687962719115127,-0.06880109593275947,-0.08838327756636011
-0.024236325485503803,-0.024235978180619504,-0.02423598139999144,-0.025478227305991207,-0.0687962719115127,-0.06880109593275947,-0.08838327756636011
-0.024236325485503803,-0.024235946106191498,-0.024235979607696325,-0.025478227305991207,-0.0687962719115127,-0.06880109593275947,-0.08838327756636011
-0.02423683867456337,-0.024236476198946644,-0.024236209636875165,-0.025478227305991207,-0.0687962719115127,-0.06880109593275947,-0.08838327756636011
-0.02423683867456337,-0.024236717588184617,-0.024236071203307147,-0.025478227305991207,-0.0687962719115127,-0.06880109593275947,-0.08838327756636011
-0.02423717934088195,-0.0242368401576276,-0.024236801640855433,-0.025478227305991207,-0.0687962719115127,-0.06880109593275947,-0.08838327756636011
-0.024237520025127524,-0.02423722961951857,-0.02423742762513827,-0.025478227305991207,-0.0687962719115127,-0.06880109593275947,-0.08838327756636011
-0.024237520025127524,-0.024237466840995283,-0.02423747007081146,-0.025478227305991207,-0.0687962719115127,-0.06880109593275947,-0.08838327756636011
-0.024229819376223892,-0.024237598016022557,-0.024237592390305672,-0.025478227305991207,-0.0687962719115127,-0.06880109593275947,-0.08838327756636011
-0.024230482520345688,-0.024237344715625202,-0.024237601859473958,-0.025478227305991207,-0.0687962719115127,-0.06880109593275947,-0.08838327756636011
-0.024224007367286957,-0.0242374990179893,-0.024237601859473958,-0.025478227305991207,-0.0687962719115127,-0.06880109593275947,-0.08838327756636011
-0.024224435623247272,-0.024237583546732062,-0.024237626558959797,-0.025478227305991207,-0.0687962719115127,-0.06880109593275947,-0.08838327756636011
-0.024221365157879676,-0.02423768757403951,-0.024237219278225777,-0.02552281645042852,-0.0687962719115127,-0.06880109593275947,-0.08838327756636011
-0.024229108490382383,-0.02423768757403951,-0.024236352172789,-0.02552281645042852,-0.0687962719115127,-0.06880109593275947,-0.08838327756636011
-0.024234329524422376,-0.02423768757403951,-0.024236193917482763,-0.02552281645042852,-0.0687962719115127,-0.06880109593275947,-0.08838327756636011
-0.024236485954917706,-0.02423768757403951,-0.02423650395412062,-0.02552281645042852,-0.0687962719115127,-0.06880109593275947,-0.08838327756636011
-0.024234424982475116,-0.02423768757403951,-0.024236047580758275,-0.02552281645042852,-0.0687962719115127,-0.06880109593275947,-0.08838327756636011
-0.024236643960948955,-0.02423768757403951,-0.024235852295260846,-0.02552281645042852,-0.0687962719115127,-0.06880109593275947,-0.08838327756636011
-0.024236245701971998,-0.02423768757403951,-0.02423624130744282,-0.02552281645042852,-0.0687962719115127,-0.06880109593275947,-0.08838327756636011
-0.024237616674253122,-0.02423768757403951,-0.024236986821309158,-0.02552281645042852,-0.0687962719115127,-0.06880109593275947,-0.08838327756636011
-0.02423798325527784,-0.024237410919858832,-0.024237396324895657,-0.02552281645042852,-0.0687962719115127,-0.06880109593275947,-0.08838327756636011
-0.02423798325527784,-0.024237750853451163,-0.02423725216572451,-0.02552281645042852,-0.0687962719115127,-0.06880109593275947,-0.08838327756636011
-0.02423798325527784,-0.0242380082523339,-0.024237777466299196,-0.02552281645042852,-0.0687962719115127,-0.06880109593275947,-0.08838327756636011
-0.024238468315375288,-0.02423802438646339,-0.024238027799542188,-0.02552281645042852,-0.0687962719115127,-0.06880109593275947,-0.08838327756636011
-0.02423881445827116,-0.024238640128141625,-0.024238623943746873,-0.02552281645042852,-0.0687962719115127,-0.06880109593275947,-0.08838327756636011
-0.02423881445827116,-0.02423787323904131,-0.024238577012081663,-0.02552281645042852,-0.0687962719115127,-0.06880109593275947,-0.08838327756636011
-0.02423881445827116,-0.024237793895381415,-0.0242387328800011,-0.02552281645042852,-0.0687962719115127,-0.06880109593275947,-0.08838327756636011
-0.02423881445827116,-0.02423706562018304,-0.024237880701641498,-0.02552281645042852,-0.0687962719115127,-0.06880109593275947,-0.08838327756636011
-0.02423881445827116,-0.02423807527039123,-0.024237741347944073,-0.02552281645042852,-0.0687962719115127,-0.06880109593275947,-0.08838327756636011
-0.02423881445827116,-0.024238281954562214,-0.024237519451863594,-0.02552281645042852,-0.0687962719115127,-0.06880109593275947,-0.08838327756636011
-0.02423881445827116,-0.02423818046691258,-0.024237558373905222,-0.02552281645042852,-0.0687962719115127,-0.06880109593275947,-0.08838327756636011
-0.02423881445827116,-0.024237302634140298,-0.024237872153332427,-0.02552281645042852,-0.0687962719115127,-0.06880109593275947,-0.08838327756636011
-0.024239199211190377,-0.024237577386157543,-0.024237599891743893,-0.02552281645042852,-0.0687962719115127,-0.06880109593275947,-0.08838327756636011
-0.024239199211190377,-0.024236808782597933,-0.024237975855099576,-0.02552281645042852,-0.0687962719115127,-0.06880109593275947,-0.08838327756636011
-0.024239199211190377,-0.02423474410735084,-0.02423786470733781,-0.02552281645042852,-0.0687962719115127,-0.06880109593275947,-0.08838327756636011
-0.024239199211190377,-0.024235328028484656,-0.024238075913637996,-0.02552281645042852,-0.0687962719115127,-0.06880109593275947,-0.08838327756636011
-0.024239199211190377,-0.02423543308475452,-0.02423818917899182,-0.02552281645042852,-0.0687962719115127,-0.06880109593275947,-0.08838327756636011
-0.024239199211190377,-0.024237235523250633,-0.024238266366256228,-0.02552281645042852,-0.0687962719115127,-0.06880109593275947,-0.08838327756636011
-0.024239199211190377,-0.024237251175196223,-0.024238421343902434,-0.02552281645042852,-0.0687962719115127,-0.06880109593275947,-0.08838327756636011
-0.024239199211190377,-0.02423693421880445,-0.024238127395768135,-0.02552281645042852,-0.0687962719115127,-0.06880109593275947,-0.08838327756636011
-0.024239199211190377,-0.024233972782288005,-0.02423800910766261,-0.02552281645042852,-0.0687962719115127,-0.06880109593275947,-0.08838327756636011
-0.024237153373562456,-0.024235139709845088,-0.02423758009658888,-0.02552281645042852,-0.0687962719115127,-0.06880109593275947,-0.08838327756636011
-0.024236823422785818,-0.02423672295310008,-0.02423758009658888,-0.02552281645042852,-0.0687962719115127,-0.06880109593275947,-0.08838327756636011
-0.02423604757612146,-0.02423594777620418,-0.02423760435834216,-0.02552281645042852,-0.0687962719115127,-0.06880109593275947,-0.08838327756636011
-0.024237616486520414,-0.02423610772834708,-0.02423760435834216,-0.02552281645042852,-0.0687962719115127,-0.06880109593275947,-0.08838327756636011
-0.024237959289302582,-0.024235444310342764,-0.02423770865134799,-0.02552281645042852,-0.0687962719115127,-0.06880109593275947,-0.08838327756636011
-0.024237959289302582,-0.024233676957859676,-0.02423759279292146,-0.02552281645042852,-0.0687962719115127,-0.06880109593275947,-0.08838327756636011
-0.024237959289302582,-0.024233821184239487,-0.024237660104228575,-0.02552281645042852,-0.0687962719115127,-0.06880109593275947,-0.08838327756636011
-0.024237959289302582,-0.024233933438305006,-0.024237603530279844,-0.02552281645042852,-0.0687962719115127,-0.06880109593275947,-0.08838327756636011
-0.024237959289302582,-0.02423402654056197,-0.02423744693756459,-0.02552281645042852,-0.0687962719115127,-0.06880109593275947,-0.08838327756636011
-0.024235099768778107,-0.024234907779906573,-0.024237294638700325,-0.02552281645042852,-0.0687962719115127,-0.06880109593275947,-0.08838327756636011
-0.024235721133843743,-0.024234425989577507,-0.024237294638700325,-0.02552281645042852,-0.0687962719115127,-0.06880109593275947,-0.08838327756636011
-0.024235174134076175,-0.02423504689988222,-0.024237294638700325,-0.02552281645042852,-0.0687962719115127,-0.06880109593275947,-0.08838327756636011
-0.024236198257303315,-0.024235389132558387,-0.024237294638700325,-0.02552281645042852,-0.0687962719115127,-0.06880109593275947,-0.08838327756636011
-0.024234925389649265,-0.02423484685307342,-0.024237294638700325,-0.02552281645042852,-0.0687962719115127,-0.06880109593275947,-0.08838327756636011
-0.024235549646640858,-0.024235365473005855,-0.024237294717168976,-0.02552281645042852,-0.0687962719115127,-0.06880109593275947,-0.08838327756636011
-0.024237635743906194,-0.024235579318460144,-0.024237331211572653,-0.02552281645042852,-0.0687962719115127,-0.06880109593275947,-0.08838327756636011
-0.024237635743906194,-0.024234918605445275,-0.024236980222219567,-0.02552281645042852,-0.0687962719115127,-0.06880109593275947,-0.08838327756636011
-0.024237635743906194,-0.02423442555513895,-0.024236791803902424,-0.02552281645042852,-0.0687962719115127,-0.06880109593275947,-0.08838327756636011
-0.024237635743906194,-0.02423549069136927,-0.02423702308472976,-0.02552281645042852,-0.0687962719115127,-0.06880109593275947,-0.08838327756636011
-0.024237635743906194,-0.024234891371245567,-0.02423713187822279,-0.02552281645042852,-0.0687962719115127,-0.06880109593275947,-0.08838327756636011
-0.024237635743906194,-0.024234838763218476,-0.0242369507479117,-0.02552281645042852,-0.0687962719115127,-0.06880109593275947,-0.08838327756636011
-0.024237635743906194,-0.024233437133318644,-0.024237036201827426,-0.02552281645042852,-0.0687962719115127,-0.06880109593275947,-0.08838327756636011
-0.024237635743906194,-0.024233183918734615,-0.024237275500832045,-0.02552281645042852,-0.0687962719115127,-0.06880109593275947,-0.08838327756636011
-0.024237635743906194,-0.02423333449979676,-0.024237132179285314,-0.02552281645042852,-0.0687962719115127,-0.06880109593275947,-0.08838327756636011
-0.024238084578988704,-0.024234623794370923,-0.024237263524901582,-0.02552281645042852,-0.0687962719115127,-0.06880109593275947,-0.08838327756636011
-0.024238084578988704,-0.024235036893527045,-0.024237608753772344,-0.02552281645042852,-0.0687962719115127,-0.06880109593275947,-0.08838327756636011
-0.024238234360966192,-0.024236641043577523,-0.024237450547259617,-0.02552281645042852,-0.0687962719115127,-0.06880109593275947,-0.08838327756636011
-0.02423841023779656,-0.024237560005844903,-0.024237573702685793,-0.02552281645042852,-0.0687962719115127,-0.06880109593275947,-0.08838327756636011
-0.02423841023779656,-0.024237277847610345,-0.02423714302617614,-0.02552281645042852,-0.0687962719115127,-0.06880109593275947,-0.08838327756636011
-0.02423841023779656,-0.02423807082077847,-0.02423806099412,-0.02552281645042852,-0.0687962719115127,-0.06880109593275947,-0.08838327756636011
-0.02423841023779656,-0.024238287636742004,-0.024236990572112017,-0.02552281645042852,-0.0687962719115127,-0.06880109593275947,-0.08838327756636011
-0.024238809406283004,-0.02423852600839863,-0.02423682774280986,-0.02552281645042852,-0.0687962719115127,-0.06880109593275947,-0.08838327756636011
-0.024238809406283004,-0.024238328235775593,-0.0242358561937952,-0.02552281645042852,-0.0687962719115127,-0.06880109593275947,-0.08838327756636011
-0.024236855117889675,-0.024237921461262968,-0.024236074871406683,-0.02552281645042852,-0.0687962719115127,-0.06880109593275947,-0.08838327756636011
-0.02423808275941511,-0.024237964574120283,-0.024237046150061926,-0.02552281645042852,-0.0687962719115127,-0.06880109593275947,-0.08838327756636011
-0.02423808275941511,-0.024237864517332584,-0.02423626241879589,-0.02552281645042852,-0.0687962719115127,-0.06880109593275947,-0.08838327756636011
-0.02423808275941511,-0.02423772156938401,-0.02423652772947518,-0.02552281645042852,-0.0687962719115127,-0.06880109593275947,-0.08838327756636011
-0.02423808275941511,-0.024236858946240156,-0.024235693723984746,-0.02552281645042852,-0.0687962719115127,-0.06880109593275947,-0.08838327756636011
-0.024238045517150062,-0.024236985912966556,-0.024236355561781,-0.02552281645042852,-0.0687962719115127,-0.06880109593275947,-0.08838327756636011
-0.024238045517150062,-0.024236748678782793,-0.024236481213169507,-0.02552281645042852,-0.0687962719115127,-0.06880109593275947,-0.08838327756636011
-0.02423826955757519,-0.02423735674925949,-0.024237638457247426,-0.02552281645042852,-0.0687962719115127,-0.06880109593275947,-0.08838327756636011
-0.024236918257635808,-0.024237892964314254,-0.024237899898022507,-0.02552281645042852,-0.0687962719115127,-0.06880109593275947,-0.08838327756636011
-0.024238558553655722,-0.024238077841399284,-0.0242384492677553,-0.02552281645042852,-0.0687962719115127,-0.06880109593275947,-0.08838327756636011
-0.024238558553655722,-0.024238186173967495,-0.024238292857399774,-0.02552281645042852,-0.0687962719115127,-0.06880109593275947,-0.08838327756636011
-0.024238558553655722,-0.02423732870904342,-0.024238380409573792,-0.02552281645042852,-0.0687962719115127,-0.06880109593275947,-0.08838327756636011
-0.024239300368005035,-0.02423822409216264,-0.024238441428774415,-0.02552281645042852,-0.0687962719115127,-0.06880109593275947,-0.08838327756636011
-0.024239634242550233,-0.024238565630238615,-0.024238550470640878,-0.02552281645042852,-0.0687962719115127,-0.06880109593275947,-0.08838327756636011
-0.024239634242550233,-0.024237414545072136,-0.02423774152723012,-0.02552281645042852,-0.0687962719115127,-0.06880109593275947,-0.08838327756636011
-0.024239634242550233,-0.024237714386874984,-0.02423795836093304,-0.02552281645042852,-0.0687962719115127,-0.06880109593275947,-0.08838327756636011
-0.02423996812081398,-0.024237663256579882,-0.024238185903290424,-0.02552281645042852,-0.0687962719115127,-0.06880109593275947,-0.08838327756636011
-0.02423996812081398,-0.024237205521699702,-0.024238040334975158,-0.02552281645042852,-0.0687962719115127,-0.06880109593275947,-0.08838327756636011
-0.02423996812081398,-0.02423820706154882,-0.02423819640450415,-0.02552281645042852,-0.0687962719115127,-0.06880109593275947,-0.08838327756636011
-0.02423996812081398,-0.02423819257778909,-0.024237280187423473,-0.02552281645042852,-0.0687962719115127,-0.06880109593275947,-0.08838327756636011
-0.02424030151838962,-0.024238042035900964,-0.024236971144110147,-0.02552281645042852,-0.0687962719115127,-0.06880109593275947,-0.08838327756636011
-0.024240447327325824,-0.024238302223662488,-0.024237479652844063,-0.02552281645042852,-0.0687962719115127,-0.06880109593275947,-0.08838327756636011
-0.024240447327325824,-0.024238481483323283,-0.024237253561907982,-0.02552281645042852,-0.0687962719115127,-0.06880109593275947,-0.08838327756636011
-0.024240447327325824,-0.02423836238131079,-0.02423741351330895,-0.02552281645042852,-0.0687962719115127,-0.06880109593275947,-0.08838327756636011
-0.02424051589048707,-0.02423831477905502,-0.024236126763170322,-0.02552281645042852,-0.0687962719115127,-0.06880109593275947,-0.08838327756636011
-0.02424051589048707,-0.024238038121775964,-0.024235709745120848,-0.02552281645042852,-0.0687962719115127,-0.06880109593275947,-0.08838327756636011
-0.02424051589048707,-0.024237171228832087,-0.024236029402984825,-0.02552281645042852,-0.0687962719115127,-0.06880109593275947,-0.08838327756636011
-0.02424051589048707,-0.024236850867990614,-0.024236141253590315,-0.02552281645042852,-0.0687962719115127,-0.06880109593275947,-0.08838327756636011
-0.02424051589048707,-0.02423674347293897,-0.024235695965100307,-0.02552281645042852,-0.0687962719115127,-0.06880109593275947,-0.08838327756636011
-0.02424051589048707,-0.024237214654536526,-0.024237046816784864,-0.02552281645042852,-0.0687962719115127,-0.06880109593275947,-0.08838327756636011
-0.024238453723853876,-0.02423748334388633,-0.02423719192161097,-0.02552281645042852,-0.0687962719115127,-0.06880109593275947,-0.08838327756636011
-0.024238787487608108,-0.024237694568129076,-0.024237202035220205,-0.02552281645042852,-0.0687962719115127,-0.06880109593275947,-0.08838327756636011
-0.024238787487608108,-0.02423774124408185,-0.02423726693598508,-0.02552281645042852,-0.0687962719115127,-0.06880109593275947,-0.08838327756636011
-0.024238787487608108,-0.02423803843738427,-0.024237617367659548,-0.02552281645042852,-0.0687962719115127,-0.06880109593275947,-0.08838327756636011
-0.024238787487608108,-0.02423766279091873,-0.024237779979990735,-0.02552281645042852,-0.0687962719115127,-0.06880109593275947,-0.08838327756636011
-0.024239009367076025,-0.02423760949281223,-0.024237947254821323,-0.02552281645042852,-0.0687962719115127,-0.06880109593275947,-0.08838327756636011
-0.024239009367076025,-0.02423792960276962,-0.02423791549073987,-0.02552281645042852,-0.0687962719115127,-0.06880109593275947,-0.08838327756636011
-0.024239009367076025,-0.024238156058869337,-0.02423813585377472,-0.02552281645042852,-0.0687962719115127,-0.06880109593275947,-0.08838327756636011
-0.024238997162147603,-0.024238330522292892,-0.02423830936864555,-0.02552281645042852,-0.0687962719115127,-0.06880109593275947,-0.08838327756636011
-0.024238997162147603,-0.02423855510952985,-0.024236949672677876,-0.02552281645042852,-0.0687962719115127,-0.06880109593275947,-0.08838327756636011
-0.024238997162147603,-0.024238780368445564,-0.02423715869801844,-0.02552281645042852,-0.0687962719115127,-0.06880109593275947,-0.08838327756636011
-0.02423811585304416,-0.024238585221336883,-0.024237914257965235,-0.02552281645042852,-0.0687962719115127,-0.06880109593275947,-0.08838327756636011
-0.024238635782416033,-0.02423744367699043,-0.024238389294882833,-0.02552281645042852,-0.0687962719115127,-0.06880109593275947,-0.08838327756636011
-0.024238635782416033,-0.024237752470890682,-0.024238199214067408,-0.02552281645042852,-0.0687962719115127,-0.06880109593275947,-0.08838327756636011
-0.024238635782416033,-0.02423781428688094,-0.024238352272772063,-0.02552281645042852,-0.0687962719115127,-0.06880109593275947,-0.08838327756636011
-0.024238635782416033,-0.024238474044712084,-0.024238254913866386,-0.02552281645042852,-0.0687962719115127,-0.06880109593275947,-0.08838327756636011
-0.024239029382530544,-0.02423869773552418,-0.02423797937479906,-0.02552281645042852,-0.0687962719115127,-0.06880109593275947,-0.08838327756636011
-0.02423933374276074,-0.024238590277878485,-0.024237873520776776,-0.02552281645042852,-0.0687962719115127,-0.06880109593275947,-0.08838327756636011
-0.02423941950748759,-0.0242380696421301,-0.024237502733068624,-0.02552281645042852,-0.0687962719115127,-0.06880109593275947,-0.08838327756636011
-0.02423941950748759,-0.024238253018808623,-0.024238177089189513,-0.02552281645042852,-0.0687962719115127,-0.06880109593275947,-0.08838327756636011
-0.024239838261875656,-0.024238336122168535,-0.024237927364394084,-0.02552281645042852,-0.0687962719115127,-0.06880109593275947,-0.08838327756636011
-0.024239838261875656,-0.024238215953682307,-0.024237741382528908,-0.02552281645042852,-0.0687962719115127,-0.06880109593275947,-0.08838327756636011
-0.024239838261875656,-0.024237664260822987,-0.02423729830418901,-0.02552281645042852,-0.0687962719115127,-0.06880109593275947,-0.08838327756636011
-0.024240059134495864,-0.024237550712840214,-0.024237073150941674,-0.02552281645042852,-0.0687962719115127,-0.06880109593275947,-0.08838327756636011
-0.024240059134495864,-0.024237399439341563,-0.024237326248502694,-0.02552281645042852,-0.0687962719115127,-0.06880109593275947,-0.08838327756636011
-0.024240059134495864,-0.024238000913831704,-0.024237984558339948,-0.02552281645042852,-0.0687962719115127,-0.06880109593275947,-0.08838327756636011
-0.02424089221692118,-0.0242382085802947,-0.02423715276759405,-0.02552281645042852,-0.0687962719115127,-0.06880109593275947,-0.08838327756636011
-0.02424089221692118,-0.024238029069370164,-0.02423776685566964,-0.02552281645042852,-0.0687962719115127,-0.06880109593275947,-0.08838327756636011
-0.02424089221692118,-0.024237805004230593,-0.024237977282803247,-0.02552281645042852,-0.0687962719115127,-0.06880109593275947,-0.08838327756636011
-0.024240768281413052,-0.024237906692257748,-0.024238175190790915,-0.02552281645042852,-0.0687962719115127,-0.06880109593275947,-0.08838327756636011
-0.024238715758570895,-0.024237809126072964,-0.024238282822342944,-0.02552281645042852,-0.0687962719115127,-0.06880109593275947,-0.08838327756636011
-0.024238715758570895,-0.024238296533842827,-0.024238357611300214,-0.02552281645042852,-0.0687962719115127,-0.06880109593275947,-0.08838327756636011
-0.024238715758570895,-0.02423816772625854,-0.024238265366796574,-0.02552281645042852,-0.0687962719115127,-0.06880109593275947,-0.08838327756636011
-0.024238936633703943,-0.0242384256318909,-0.02423741051767406,-0.02552281645042852,-0.0687962719115127,-0.06880109593275947,-0.08838327756636011
-0.024239268712604813,-0.024238048873548686,-0.02423743810250241,-0.02552281645042852,-0.0687962719115127,-0.06880109593275947,-0.08838327756636011
-0.024239268712604813,-0.024238024091817457,-0.02423798910307641,-0.02552281645042852,-0.0687962719115127,-0.06880109593275947,-0.08838327756636011
-0.024239600651461437,-0.02423794420666359,-0.024237463638201544,-0.02552281645042852,-0.0687962719115127,-0.06880109593275947,-0.08838327756636011
-0.024239600651461437,-0.02423826491084342,-0.02423824528376236,-0.02552281645042852,-0.0687962719115127,-0.06880109593275947,-0.08838327756636011
-0.024239932498393704,-0.024238126995112994,-0.024238382738229418,-0.02552281645042852,-0.0687962719115127,-0.06880109593275947,-0.08838327756636011
-0.024239932498393704,-0.024237320310129238,-0.02423823232157207,-0.02552281645042852,-0.0687962719115127,-0.06880109593275947,-0.08838327756636011
-0.024239932498393704,-0.024237201279166197,-0.024238391081553585,-0.02552281645042852,-0.0687962719115127,-0.06880109593275947,-0.08838327756636011
-0.024239932498393704,-0.024237122740142617,-0.024238445774785962,-0.02552281645042852,-0.0687962719115127,-0.06880109593275947,-0.08838327756636011
-0.024240744997857302,-0.024237797739404945,-0.024238300974876496,-0.02552281645042852,-0.0687962719115127,-0.06880109593275947,-0.08838327756636011
-0.024241076596653168,-0.02423777477717875,-0.024238467853526895,-0.02552281645042852,-0.0687962719115127,-0.06880109593275947,-0.08838327756636011
-0.02424129693110479,-0.024237675933607573,-0.02423839311578851,-0.02552281645042852,-0.0687962719115127,-0.06880109593275947,-0.08838327756636011
-0.02424129693110479,-0.02423723528500824,-0.024238134183392986,-0.02552281645042852,-0.0687962719115127,-0.06880109593275947,-0.08838327756636011
-0.02424129693110479,-0.02423781400804064,-0.024238068789584444,-0.02552281645042852,-0.0687962719115127,-0.06880109593275947,-0.08838327756636011
-0.02424129693110479,-0.024238281711165564,-0.024238247427091995,-0.02552281645042852,-0.0687962719115127,-0.06880109593275947,-0.08838327756636011
-0.02424129693110479,-0.024238377708560827,-0.02423810782216438,-0.02552281645042852,-0.0687962719115127,-0.06880109593275947,-0.08838327756636011
-0.024241394428436733,-0.024237965235305792,-0.024238536191826556,-0.02552281645042852,-0.0687962719115127,-0.06880109593275947,-0.08838327756636011
-0.024241394428436733,-0.024236744226652628,-0.024238664122287926,-0.02552281645042852,-0.0687962719115127,-0.06880109593275947,-0.08838327756636011
-0.024241394428436733,-0.024237407221000578,-0.024238302695520103,-0.02552281645042852,-0.0687962719115127,-0.06880109593275947,-0.08838327756636011
-0.024241394428436733,-0.024237645029713196,-0.02423810538377784,-0.02552281645042852,-0.0687962719115127,-0.06880109593275947,-0.08838327756636011
-0.024242021666896568,-0.024238376591720748,-0.024237741911820036,-0.02552281645042852,-0.0687962719115127,-0.06880109593275947,-0.08838327756636011
-0.024242021666896568,-0.02423826317089372,-0.024238224542610144,-0.02552281645042852,-0.0687962719115127,-0.06880109593275947,-0.08838327756636011
-0.024242021666896568,-0.024237822216343668,-0.024237578424009015,-0.02552281645042852,-0.0687962719115127,-0.06880109593275947,-0.08838327756636011
-0.024242021666896568,-0.02423797107871445,-0.024236901520520753,-0.02552281645042852,-0.0687962719115127,-0.06880109593275947,-0.08838327756636011
-0.024242021666896568,-0.024237775404204718,-0.02423758076887243,-0.02552281645042852,-0.0687962719115127,-0.06880109593275947,-0.08838327756636011
-0.024242021666896568,-0.024238323853939682,-0.024238304392633893,-0.02552281645042852,-0.0687962719115127,-0.06880109593275947,-0.08838327756636011
-0.024242021666896568,-0.02423808360570917,-0.0242379065514283,-0.02552281645042852,-0.0687962719115127,-0.06880109593275947,-0.08838327756636011
-0.024242021666896568,-0.02423797729580053,-0.024237999179323257,-0.02552281645042852,-0.0687962719115127,-0.06880109593275947,-0.08838327756636011
-0.0242399727262897,-0.024237246351124227,-0.024238116761196086,-0.02552281645042852,-0.0687962719115127,-0.06880109593275947,-0.08838327756636011
-0.0242399727262897,-0.0242356780915803,-0.02423793091520647,-0.02552281645042852,-0.0687962719115127,-0.06880109593275947,-0.08838327756636011
-0.02424019303057866,-0.0242354588225144,-0.024237989560528854,-0.02552281645042852,-0.0687962719115127,-0.06880109593275947,-0.08838327756636011
-0.024240228655230425,-0.024235737588638926,-0.02423819383204637,-0.02552281645042852,-0.0687962719115127,-0.06880109593275947,-0.08838327756636011
-0.02424044886323275,-0.02423696186370119,-0.024238300289679274,-0.02552281645042852,-0.0687962719115127,-0.06880109593275947,-0.08838327756636011
-0.024240653229617163,-0.024235468128330887,-0.024238491952275797,-0.02552281645042852,-0.0687962719115127,-0.06880109593275947,-0.08838327756636011
-0.024240653229617163,-0.024236134110529425,-0.024238034538367224,-0.02552281645042852,-0.0687962719115127,-0.06880109593275947,-0.08838327756636011
-0.024240714450552123,-0.0242359229095866,-0.02423816619150994,-0.02552281645042852,-0.0687962719115127,-0.06880109593275947,-0.08838327756636011
-0.024240714450552123,-0.02423533968379579,-0.0242382613916224,-0.02552281645042852,-0.0687962719115127,-0.06880109593275947,-0.08838327756636011
-0.02424061891257973,-0.024235894760307353,-0.024238311545976037,-0.02552281645042852,-0.0687962719115127,-0.06880109593275947,-0.08838327756636011
-0.02424061891257973,-0.02423650338301306,-0.024238078485963377,-0.02552281645042852,-0.0687962719115127,-0.06880109593275947,-0.08838327756636011
-0.02424061891257973,-0.02423686915326982,-0.024237845339068812,-0.02552281645042852,-0.0687962719115127,-0.06880109593275947,-0.08838327756636011
-0.02424061891257973,-0.024236624939763755,-0.02423761516607142,-0.02552281645042852,-0.0687962719115127,-0.06880109593275947,-0.08838327756636011
-0.02424061891257973,-0.024236998338860425,-0.0242378617280897,-0.02552281645042852,-0.0687962719115127,-0.06880109593275947,-0.08838327756636011
-0.024240950172498048,-0.024236452366254522,-0.0242377944439109,-0.02552281645042852,-0.0687962719115127,-0.06880109593275947,-0.08838327756636011
-0.024240950172498048,-0.02423662254110791,-0.02423769203845368,-0.02552281645042852,-0.0687962719115127,-0.06880109593275947,-0.08838327756636011
-0.024240950172498048,-0.02423684703968844,-0.02423718350394239,-0.02552281645042852,-0.0687962719115127,-0.06880109593275947,-0.08838327756636011
-0.024240950172498048,-0.024236011531200058,-0.024237363789208724,-0.02552281645042852,-0.0687962719115127,-0.06880109593275947,-0.08838327756636011
-0.024240950172498048,-0.02423635560024914,-0.024237449757694672,-0.02552281645042852,-0.0687962719115127,-0.06880109593275947,-0.08838327756636011
-0.024240950172498048,-0.024235415608784856,-0.02423737999014951,-0.02552281645042852,-0.0687962719115127,-0.06880109593275947,-0.08838327756636011
-0.02424161189144132,-0.024236053287616403,-0.024237374258557223,-0.02552281645042852,-0.0687962719115127,-0.06880109593275947,-0.08838327756636011
-0.024239565937686173,-0.024235634201828414,-0.02423747067440258,-0.02552281645042852,-0.0687962719115127,-0.06880109593275947,-0.08838327756636011
-0.024239896875192773,-0.02423488961349933,-0.024237200512297635,-0.02552281645042852,-0.0687962719115127,-0.06880109593275947,-0.08838327756636011
-0.024240040756642323,-0.024234851068418054,-0.024237104225731197,-0.02552281645042852,-0.0687962719115127,-0.06880109593275947,-0.08838327756636011
-0.024240260656240308,-0.02423576318938159,-0.02423665684197574,-0.02552281645042852,-0.0687962719115127,-0.06880109593275947,-0.08838327756636011
-0.024240260656240308,-0.024236428585121747,-0.024236236639904107,-0.02552281645042852,-0.0687962719115127,-0.06880109593275947,-0.08838327756636011
-0.024240260656240308,-0.024236519299399635,-0.024236030970251676,-0.02552281645042852,-0.0687962719115127,-0.06880109593275947,-0.08838327756636011
-0.024240260656240308,-0.02423663034452893,-0.024236053057419535,-0.02552281645042852,-0.0687962719115127,-0.06880109593275947,-0.08838327756636011
-0.02424048049514285,-0.024236874773850132,-0.02423545658040923,-0.02552281645042852,-0.0687962719115127,-0.06880109593275947,-0.08838327756636011
-0.02424048049514285,-0.02423703286064561,-0.02423414190627173,-0.02552281645042852,-0.0687962719115127,-0.06880109593275947,-0.08838327756636011
-0.02424048049514285,-0.02423694864736352,-0.02423511465567057,-0.02552281645042852,-0.0687962719115127,-0.06880109593275947,-0.08838327756636011
-0.02424048049514285,-0.024236879268867,-0.02423519388138912,-0.02552281645042852,-0.0687962719115127,-0.06880109593275947,-0.08838327756636011
-0.02424070051169678,-0.02423648873658116,-0.024235970813779123,-0.02552281645042852,-0.0687962719115127,-0.06880109593275947,-0.08838327756636011
-0.024240844917736728,-0.024236511128266282,-0.024236521345093336,-0.02552281645042852,-0.0687962719115127,-0.06880109593275947,-0.08838327756636011
-0.024240844917736728,-0.024235670459552848,-0.024236924124070667,-0.02552281645042852,-0.0687962719115127,-0.06880109593275947,-0.08838327756636011
-0.024240844917736728,-0.024235551118031655,-0.02423662872607691,-0.02552281645042852,-0.0687962719115127,-0.06880109593275947,-0.08838327756636011
-0.024240844917736728,-0.024235685203354947,-0.024236547190333538,-0.02552281645042852,-0.0687962719115127,-0.06880109593275947,-0.08838327756636011
-0.024240844917736728,-0.02423647883973582,-0.024236499974862432,-0.02552281645042852,-0.0687962719115127,-0.06880109593275947,-0.08838327756636011
-0.024241064823315946,-0.024236249977757647,-0.02423648207606475,-0.02552281645042852,-0.0687962719115127,-0.06880109593275947,-0.08838327756636011
-0.02424132292185268,-0.02423553832423082,-0.024236460598004887,-0.02552281645042852,-0.0687962719115127,-0.06880109593275947,-0.08838327756636011
-0.02424132292185268,-0.024235578634290645,-0.02423656473775336,-0.02552281645042852,-0.0687962719115127,-0.06880109593275947,-0.08838327756636011
-0.02424132292185268,-0.024234638038457174,-0.024236438383592497,-0.02552281645042852,-0.0687962719115127,-0.06880109593275947,-0.08838327756636011
-0.024241653251928,-0.02423533231474397,-0.024236567450768836,-0.02552281645042852,-0.0687962719115127,-0.06880109593275947,-0.08838327756636011
-0.024241653251928,-0.024235500566732657,-0.024235893991102844,-0.02552281645042852,-0.0687962719115127,-0.06880109593275947,-0.08838327756636011
-0.024241653251928,-0.024234871367466413,-0.02423592930988834,-0.02552281645042852,-0.0687962719115127,-0.06880109593275947,-0.08838327756636011
-0.024241640791819695,-0.024234898494442155,-0.02423601208202892,-0.02552281645042852,-0.0687962719115127,-0.06880109593275947,-0.08838327756636011
-0.024241860228266993,-0.024234581512303465,-0.024236263146885,-0.02552281645042852,-0.0687962719115127,-0.06880109593275947,-0.08838327756636011
-0.024241952930289322,-0.024233039515672176,-0.02423616232841669,-0.02552281645042852,-0.0687962719115127,-0.06880109593275947,-0.08838327756636011
-0.024241952930289322,-0.02423370631955523,-0.024236255930076632,-0.02552281645042852,-0.0687962719115127,-0.06880109593275947,-0.08838327756636011
-0.024241952930289322,-0.02423299682551407,-0.02423643573512607,-0.02552281645042852,-0.0687962719115127,-0.06880109593275947,-0.08838327756636011
-0.02424215973845222,-0.024233751314336534,-0.024236415652531876,-0.02552281645042852,-0.0687962719115127,-0.06880109593275947,-0.08838327756636011
-0.024242139957902434,-0.02423417538273474,-0.02423635176309564,-0.02552281645042852,-0.0687962719115127,-0.06880109593275947,-0.08838327756636011
-0.024242139957902434,-0.024234079355953588,-0.024236428158096235,-0.02552281645042852,-0.0687962719115127,-0.06880109593275947,-0.08838327756636011
-0.024242139957902434,-0.02423325544512371,-0.024235823324218076,-0.02552281645042852,-0.0687962719115127,-0.06880109593275947,-0.08838327756636011
-0.024242311661803413,-0.02423439369258052,-0.024235626448636784,-0.02552281645042852,-0.0687962719115127,-0.06880109593275947,-0.08838327756636011
-0.024242274555234013,-0.024234597628063657,-0.024234782076854897,-0.02552281645042852,-0.0687962719115127,-0.06880109593275947,-0.08838327756636011
-0.024242604296920107,-0.02423505373521368,-0.024234986842126896,-0.02552281645042852,-0.0687962719115127,-0.06880109593275947,-0.08838327756636011
-0.024242604296920107,-0.02423471698267373,-0.02423540880015776,-0.02552281645042852,-0.0687962719115127,-0.06880109593275947,-0.08838327756636011
-0.024242604296920107,-0.024234890376374534,-0.02423521375681422,-0.02552281645042852,-0.0687962719115127,-0.06880109593275947,-0.08838327756636011
-0.024242604296920107,-0.024234495023348384,-0.024235009902978645,-0.02552281645042852,-0.0687962719115127,-0.06880109593275947,-0.08838327756636011
-0.024242604296920107,-0.02423408396648449,-0.024234887287949217,-0.02552281645042852,-0.0687962719115127,-0.06880109593275947,-0.08838327756636011
-0.024242823358901534,-0.02423441478978175,-0.02423465703308418,-0.02552281645042852,-0.0687962719115127,-0.06880109593275947,-0.08838327756636011
-0.024242823358901534,-0.02423515355873275,-0.02423514094554318,-0.02552281645042852,-0.0687962719115127,-0.06880109593275947,-0.08838327756636011
-0.024242890839566985,-0.024235278137840797,-0.024235253716938587,-0.02552281645042852,-0.0687962719115127,-0.06880109593275947,-0.08838327756636011
-0.024242890839566985,-0.024235437067824415,-0.02423500415223784,-0.02552281645042852,-0.0687962719115127,-0.06880109593275947,-0.08838327756636011
-0.024242890839566985,-0.024235881688664754,-0.02423573204711236,-0.02552281645042852,-0.0687962719115127,-0.06880109593275947,-0.08838327756636011
-0.024242890839566985,-0.02423558907153149,-0.024236213031764313,-0.02552281645042852,-0.0687962719115127,-0.06880109593275947,-0.08838327756636011
-0.024242890839566985,-0.024235438106804907,-0.024236328625257587,-0.02552281645042852,-0.0687962719115127,-0.06880109593275947,-0.08838327756636011
-0.024242890839566985,-0.02423652927200776,-0.024236524281280033,-0.02552281645042852,-0.0687962719115127,-0.06880109593275947,-0.08838327756636011
-0.024242890839566985,-0.02423620124885363,-0.02423659301112828,-0.02552281645042852,-0.0687962719115127,-0.06880109593275947,-0.08838327756636011
-0.024242990388235137,-0.024235675417048633,-0.02423688054606801,-0.02552281645042852,-0.0687962719115127,-0.06880109593275947,-0.08838327756636011
-0.024243209306593592,-0.02423605394277677,-0.024237039073587333,-0.02552281645042852,-0.0687962719115127,-0.06880109593275947,-0.08838327756636011
-0.024243209306593592,-0.02423658733461393,-0.024236740046240414,-0.02552281645042852,-0.0687962719115127,-0.06880109593275947,-0.08838327756636011
-0.024240994612200733,-0.02423635342158792,-0.024236500648134443,-0.02552281645042852,-0.0687962719115127,-0.06880109593275947,-0.08838327756636011
-0.024240994612200733,-0.024237019029577624,-0.024237013088590015,-0.02552281645042852,-0.0687962719115127,-0.06880109593275947,-0.08838327756636011
-0.024240871532384863,-0.02423714929981347,-0.024237168901743263,-0.02552281645042852,-0.0687962719115127,-0.06880109593275947,-0.08838327756636011
-0.024240871532384863,-0.024236992076320095,-0.024237384824253413,-0.02552281645042852,-0.0687962719115127,-0.06880109593275947,-0.08838327756636011
-0.024240871532384863,-0.024237294601304568,-0.024237287746435562,-0.02552281645042852,-0.0687962719115127,-0.06880109593275947,-0.08838327756636011
-0.02424081152239915,-0.024237034304622894,-0.0242372614627455,-0.02552281645042852,-0.0687962719115127,-0.06880109593275947,-0.08838327756636011
-0.02424081152239915,-0.02423750307452454,-0.02423754752385505,-0.02552281645042852,-0.0687962719115127,-0.06880109593275947,-0.08838327756636011
-0.02424081152239915,-0.02423779531479458,-0.024237606225725877,-0.02552281645042852,-0.0687962719115127,-0.06880109593275947,-0.08838327756636011
-0.02424081152239915,-0.024238090757782802,-0.024238102347591824,-0.02552281645042852,-0.0687962719115127,-0.06880109593275947,-0.08838327756636011
-0.024241030589921733,-0.02423836434956573,-0.024238351928529047,-0.02552281645042852,-0.0687962719115127,-0.06880109593275947,-0.08838327756636011
-0.024241030589921733,-0.02423866793119516,-0.024238476164702823,-0.02552281645042852,-0.0687962719115127,-0.06880109593275947,-0.08838327756636011
-0.024241030589921733,-0.024238799785461312,-0.024238812923427923,-0.02552281645042852,-0.0687962719115127,-0.06880109593275947,-0.08838327756636011
-0.024241030589921733,-0.024239164544463225,-0.02423876239632965,-0.02552281645042852,-0.0687962719115127,-0.06880109593275947,-0.08838327756636011
-0.024241091472634948,-0.02423927233216935,-0.02423855755982456,-0.02552281645042852,-0.0687962719115127,-0.06880109593275947,-0.08838327756636011
-0.024241091472634948,-0.024239546445661016,-0.024238746990915064,-0.02552281645042852,-0.0687962719115127,-0.06880109593275947,-0.08838327756636011
-0.024241091472634948,-0.024239700190652955,-0.0242386688346053,-0.02552281645042852,-0.0687962719115127,-0.06880109593275947,-0.08838327756636011
-0.024241310441397348,-0.024239825697860498,-0.024238837855542632,-0.02552281645042852,-0.0687962719115127,-0.06880109593275947,-0.08838327756636011
-0.024241310441397348,-0.024239737775732028,-0.024239099214697125,-0.02552281645042852,-0.0687962719115127,-0.06880109593275947,-0.08838327756636011
-0.024241529349937316,-0.024240017497319542,-0.02423950831992429,-0.02552281645042852,-0.0687962719115127,-0.06880109593275947,-0.08838327756636011
-0.024241529349937316,-0.024240166071465567,-0.024240147778784395,-0.02552281645042852,-0.0687962719115127,-0.06880109593275947,-0.08838327756636011
-0.02424013670393852,-0.02423974828185387,-0.024240143135497307,-0.02552281645042852,-0.0687962719115127,-0.06880109593275947,-0.08838327756636011
-0.024240912923612044,-0.024239055698577802,-0.02424035941071725,-0.02552281645042852,-0.0687962719115127,-0.06880109593275947,-0.08838327756636011
-0.024240997544814263,-0.024239885578303925,-0.02423986510099544,-0.02552281645042852,-0.0687962719115127,-0.06880109593275947,-0.08838327756636011
-0.024240997544814263,-0.024240672105638864,-0.02424069368989104,-0.02552281645042852,-0.0687962719115127,-0.06880109593275947,-0.08838327756636011
-0.024241216523096538,-0.024239715650323672,-0.024240808878094877,-0.02552281645042852,-0.0687962719115127,-0.06880109593275947,-0.08838327756636011
-0.024241216523096538,-0.024238832436912598,-0.024240944979633493,-0.02552281645042852,-0.0687962719115127,-0.06880109593275947,-0.08838327756636011
-0.024241216523096538,-0.024239300174804693,-0.024240784470675545,-0.02552281645042852,-0.0687962719115127,-0.06880109593275947,-0.08838327756636011
-0.024241216523096538,-0.024238593217042748,-0.024240942304607757,-0.02552281645042852,-0.0687962719115127,-0.06880109593275947,-0.08838327756636011
-0.02424133683033956,-0.02423905273160042,-0.024240853138079686,-0.02552281645042852,-0.0687962719115127,-0.06880109593275947,-0.08838327756636011
-0.02424133683033956,-0.024239690170464245,-0.02424055757271291,-0.02552281645042852,-0.0687962719115127,-0.06880109593275947,-0.08838327756636011
-0.024241331008447796,-0.024239499115657377,-0.024240689007679925,-0.02552281645042852,-0.0687962719115127,-0.06880109593275947,-0.08838327756636011
-0.02424154961354744,-0.02424064679114009,-0.024240656827715104,-0.02552281645042852,-0.0687962719115127,-0.06880109593275947,-0.08838327756636011
-0.024241878461094393,-0.02424021259397895,-0.02424050759391647,-0.02552281645042852,-0.0687962719115127,-0.06880109593275947,-0.08838327756636011
-0.024241878461094393,-0.024239524998890993,-0.02424024776319833,-0.02552281645042852,-0.0687962719115127,-0.06880109593275947,-0.08838327756636011
-0.024241878461094393,-0.024239830477388456,-0.024240318594584028,-0.02552281645042852,-0.0687962719115127,-0.06880109593275947,-0.08838327756636011
-0.024241878461094393,-0.024239372133139852,-0.024240363228397455,-0.02552281645042852,-0.0687962719115127,-0.06880109593275947,-0.08838327756636011
-0.024241878461094393,-0.024238314250567754,-0.02424020538583201,-0.02552281645042852,-0.0687962719115127,-0.06880109593275947,-0.08838327756636011
-0.024241878461094393,-0.024238539887715075,-0.024240108974398582,-0.02552281645042852,-0.0687962719115127,-0.06880109593275947,-0.08838327756636011
-0.024241878461094393,-0.024239571526242294,-0.02423989728365054,-0.02552281645042852,-0.0687962719115127,-0.06880109593275947,-0.08838327756636011
-0.024241878461094393,-0.024238876788156546,-0.02423970049497003,-0.02552281645042852,-0.0687962719115127,-0.06880109593275947,-0.08838327756636011
-0.024241878461094393,-0.02423849896968683,-0.024239314712262,-0.02552281645042852,-0.0687962719115127,-0.06880109593275947,-0.08838327756636011
-0.024241878461094393,-0.02423810667551074,-0.024239404562284714,-0.02552281645042852,-0.0687962719115127,-0.06880109593275947,-0.08838327756636011
-0.024241878461094393,-0.024238130855456702,-0.0242395652662679,-0.02552281645042852,-0.0687962719115127,-0.06880109593275947,-0.08838327756636011
-0.024241866024807383,-0.024237732423198245,-0.02423972077289345,-0.02552281645042852,-0.0687962719115127,-0.06880109593275947,-0.08838327756636011
-0.024239832356764357,-0.024237284736057765,-0.024239643241270887,-0.02552281645042852,-0.0687962719115127,-0.06880109593275947,-0.08838327756636011
-0.024239832356764357,-0.024236242425111496,-0.02423975001110682,-0.02552281645042852,-0.0687962719115127,-0.06880109593275947,-0.08838327756636011
-0.024239959533953127,-0.024236527359435912,-0.024239892706013195,-0.02552281645042852,-0.0687962719115127,-0.06880109593275947,-0.08838327756636011
-0.024239959533953127,-0.024235853659538044,-0.024239985655459678,-0.02552281645042852,-0.0687962719115127,-0.06880109593275947,-0.08838327756636011
-0.024240545320633376,-0.024235032533526355,-0.02424013005223812,-0.02552281645042852,-0.0687962719115127,-0.06880109593275947,-0.08838327756636011
-0.024240545320633376,-0.024234523080329414,-0.02424006711192005,-0.02552281645042852,-0.0687962719115127,-0.06880109593275947,-0.08838327756636011
-0.024240545320633376,-0.02423450436121899,-0.024239737320987553,-0.02552281645042852,-0.0687962719115127,-0.06880109593275947,-0.08838327756636011
-0.024240545320633376,-0.024234407456334005,-0.024239622379940855,-0.02552281645042852,-0.0687962719115127,-0.06880109593275947,-0.08838327756636011
-0.024240545320633376,-0.0242347783154346,-0.02423973225546846,-0.02552281645042852,-0.0687962719115127,-0.06880109593275947,-0.08838327756636011
-0.024240545320633376,-0.02423498852649435,-0.024239372122710306,-0.02552281645042852,-0.0687962719115127,-0.06880109593275947,-0.08838327756636011
-0.024240545320633376,-0.024234414144885835,-0.024239308775473967,-0.02552281645042852,-0.0687962719115127,-0.06880109593275947,-0.08838327756636011
-0.0242413297439669,-0.024233886536423974,-0.024239088451943593,-0.02552281645042852,-0.0687962719115127,-0.06880109593275947,-0.08838327756636011
-0.024241684832944074,-0.02423409035349552,-0.024238852432288047,-0.02552281645042852,-0.0687962719115127,-0.06880109593275947,-0.08838327756636011
-0.024241684832944074,-0.024234385537968466,-0.024238943853914608,-0.02552281645042852,-0.0687962719115127,-0.06880109593275947,-0.08838327756636011
-0.024241684832944074,-0.024234325018863277,-0.024238630363738498,-0.02552281645042852,-0.0687962719115127,-0.06880109593275947,-0.08838327756636011
-0.024242231090704038,-0.02423475682527623,-0.024238688364647213,-0.02552281645042852,-0.0687962719115127,-0.06880109593275947,-0.08838327756636011
-0.024242231090704038,-0.02423533138033131,-0.024238898165691712,-0.02552281645042852,-0.0687962719115127,-0.06880109593275947,-0.08838327756636011
-0.024242231090704038,-0.024235040984922657,-0.024239030000786907,-0.02552281645042852,-0.0687962719115127,-0.06880109593275947,-0.08838327756636011
-0.024242231090704038,-0.0242354076362158,-0.024239191335788696,-0.02552281645042852,-0.0687962719115127,-0.06880109593275947,-0.08838327756636011
-0.024242231090704038,-0.024235653039356143,-0.024239103592826567,-0.02552281645042852,-0.0687962719115127,-0.06880109593275947,-0.08838327756636011
-0.024242231090704038,-0.024235538478203807,-0.024238773497579694,-0.02552281645042852,-0.0687962719115127,-0.06880109593275947,-0.08838327756636011
-0.024242231090704038,-0.02423539925471487,-0.0242388830511088,-0.02552281645042852,-0.0687962719115127,-0.06880109593275947,-0.08838327756636011
-0.024242281406793614,-0.024235668040387518,-0.024238923473970563,-0.02552281645042852,-0.0687962719115127,-0.06880109593275947,-0.08838327756636011
-0.024242281406793614,-0.024235365994955484,-0.024239138246921168,-0.02552281645042852,-0.0687962719115127,-0.06880109593275947,-0.08838327756636011
-0.024242717017992313,-0.02423523005858586,-0.024239326393064895,-0.02552281645042852,-0.0687962719115127,-0.06880109593275947,-0.08838327756636011
-0.024242717017992313,-0.024234967503773002,-0.0242392286781742,-0.02552281645042852,-0.0687962719115127,-0.06880109593275947,-0.08838327756636011
-0.024242717017992313,-0.02423548401763284,-0.024239370285279192,-0.02552281645042852,-0.0687962719115127,-0.06880109593275947,-0.08838327756636011
-0.024242717017992313,-0.02423569143414634,-0.024238645125580528,-0.02552281645042852,-0.0687962719115127,-0.06880109593275947,-0.08838327756636011
-0.024242717017992313,-0.024236125595209785,-0.024238739067115964,-0.02552281645042852,-0.0687962719115127,-0.06880109593275947,-0.08838327756636011
-0.024242717017992313,-0.02423648591518946,-0.024238243284849026,-0.02552281645042852,-0.0687962719115127,-0.06880109593275947,-0.08838327756636011
-0.024242717017992313,-0.024236707707657186,-0.02423822259367421,-0.02552281645042852,-0.0687962719115127,-0.06880109593275947,-0.08838327756636011
-0.024242717017992313,-0.024237531056167872,-0.024238218412453848,-0.02552281645042852,-0.0687962719115127,-0.06880109593275947,-0.08838327756636011
-0.024242717017992313,-0.02423731267000876,-0.02423842837028885,-0.02552281645042852,-0.0687962719115127,-0.06880109593275947,-0.08838327756636011
-0.024242717017992313,-0.02423630909138324,-0.024238356963257494,-0.02552281645042852,-0.0687962719115127,-0.06880109593275947,-0.08838327756636011
-0.024242717017992313,-0.024236626190007975,-0.024238296886070886,-0.02552281645042852,-0.0687962719115127,-0.06880109593275947,-0.08838327756636011
-0.024242717017992313,-0.024236757807584636,-0.02423827795268037,-0.02552281645042852,-0.0687962719115127,-0.06880109593275947,-0.08838327756636011
-0.024242717017992313,-0.024236724722464076,-0.024238519320619722,-0.02552281645042852,-0.0687962719115127,-0.06880109593275947,-0.08838327756636011
-0.024242717017992313,-0.024236258237737222,-0.02423837179165686,-0.02552281645042852,-0.0687962719115127,-0.06880109593275947,-0.08838327756636011
-0.024242934894201363,-0.024236274015191562,-0.024238531049625332,-0.02552281645042852,-0.0687962719115127,-0.06880109593275947,-0.08838327756636011
-0.024242934894201363,-0.0242359905300396,-0.024237836505512707,-0.02552281645042852,-0.0687962719115127,-0.06880109593275947,-0.08838327756636011
-0.024242934894201363,-0.024236575685804757,-0.02423727017123797,-0.02552281645042852,-0.0687962719115127,-0.06880109593275947,-0.08838327756636011
-0.024242934894201363,-0.02423681706753897,-0.024237229888488566,-0.02552281645042852,-0.0687962719115127,-0.06880109593275947,-0.08838327756636011
-0.024242934894201363,-0.024237494654591508,-0.024237476375824497,-0.02552281645042852,-0.0687962719115127,-0.06880109593275947,-0.08838327756636011
-0.024242934894201363,-0.02423715957611896,-0.024237477806231224,-0.02552281645042852,-0.0687962719115127,-0.06880109593275947,-0.08838327756636011
-0.024242934894201363,-0.02423726540747189,-0.024237736078933203,-0.02552281645042852,-0.0687962719115127,-0.06880109593275947,-0.08838327756636011
-0.02424314305631277,-0.024237233259197286,-0.0242374212824059,-0.02552281645042852,-0.0687962719115127,-0.06880109593275947,-0.08838327756636011
-0.02424314305631277,-0.024236827456475613,-0.024237563012953236,-0.02552281645042852,-0.0687962719115127,-0.06880109593275947,-0.08838327756636011
-0.02424314305631277,-0.024235891343674577,-0.024237640281028233,-0.02552281645042852,-0.0687962719115127,-0.06880109593275947,-0.08838327756636011
-0.02424314305631277,-0.024236303637987115,-0.02423732581940748,-0.02552281645042852,-0.0687962719115127,-0.06880109593275947,-0.08838327756636011
-0.02424314305631277,-0.02423550658805382,-0.024237515154763925,-0.02552281645042852,-0.0687962719115127,-0.06880109593275947,-0.08838327756636011
-0.02424314305631277,-0.024234785833384023,-0.024237404127553618,-0.02552281645042852,-0.0687962719115127,-0.06880109593275947,-0.08838327756636011
-0.02424336081450063,-0.024234413806443988,-0.02423758001156474,-0.02552281645042852,-0.0687962719115127,-0.06880109593275947,-0.08838327756636011
-0.024243340994080823,-0.024234885025814733,-0.024237703518025608,-0.02552281645042852,-0.0687962719115127,-0.06880109593275947,-0.08838327756636011
-0.024243340994080823,-0.024235785043387855,-0.02423777768908769,-0.02552281645042852,-0.0687962719115127,-0.06880109593275947,-0.08838327756636011
-0.024243886247695322,-0.02423564771788906,-0.024237746401729893,-0.02552281645042852,-0.0687962719115127,-0.06880109593275947,-0.08838327756636011
-0.024243886247695322,-0.024235756350806697,-0.0242375230511039,-0.02552281645042852,-0.0687962719115127,-0.06880109593275947,-0.08838327756636011
-0.02424223376313029,-0.024235761803870062,-0.0242372601209697,-0.02552281645042852,-0.0687962719115127,-0.06880109593275947,-0.08838327756636011
-0.02424223376313029,-0.02423536188627876,-0.024236960755109428,-0.02552281645042852,-0.0687962719115127,-0.06880109593275947,-0.08838327756636011
-0.02424223376313029,-0.024235095941031674,-0.024236945051976377,-0.02552281645042852,-0.0687962719115127,-0.06880109593275947,-0.08838327756636011
-0.02424223376313029,-0.024236100672087747,-0.024236751287987347,-0.02552281645042852,-0.0687962719115127,-0.06880109593275947,-0.08838327756636011
-0.024242196926100384,-0.02423565402805463,-0.024236842907404375,-0.02552281645042852,-0.0687962719115127,-0.06880109593275947,-0.08838327756636011
-0.024242196926100384,-0.02423540422198464,-0.024236935725595907,-0.02552281645042852,-0.0687962719115127,-0.06880109593275947,-0.08838327756636011
-0.024242196926100384,-0.024236211328476778,-0.02423683446653257,-0.02552281645042852,-0.0687962719115127,-0.06880109593275947,-0.08838327756636011
-0.024242524425672523,-0.02423676167556031,-0.02423704093711682,-0.02552281645042852,-0.0687962719115127,-0.06880109593275947,-0.08838327756636011
-0.024242524425672523,-0.02423720838537632,-0.024237186766581983,-0.02552281645042852,-0.0687962719115127,-0.06880109593275947,-0.08838327756636011
-0.024242524425672523,-0.02423742630143875,-0.02423638182043613,-0.02552281645042852,-0.0687962719115127,-0.06880109593275947,-0.08838327756636011
-0.024240717596034283,-0.024237283249504766,-0.024236359846146263,-0.02552281645042852,-0.0687962719115127,-0.06880109593275947,-0.08838327756636011
-0.024240717596034283,-0.02423682507773509,-0.02423681246018737,-0.02552281645042852,-0.0687962719115127,-0.06880109593275947,-0.08838327756636011
-0.024240814012844922,-0.02423739286420916,-0.02423737992544811,-0.02552281645042852,-0.0687962719115127,-0.06880109593275947,-0.08838327756636011
-0.024240814012844922,-0.02423693958627876,-0.02423727767791946,-0.02552281645042852,-0.0687962719115127,-0.06880109593275947,-0.08838327756636011
-0.024238109190422134,-0.024237653879436508,-0.02423765632607945,-0.02552281645042852,-0.0687962719115127,-0.06880109593275947,-0.08838327756636011
-0.024238205924187153,-0.024237491637817517,-0.024237610423855194,-0.02552281645042852,-0.0687962719115127,-0.06880109593275947,-0.08838327756636011
-0.024238205924187153,-0.02423810514429996,-0.024238096490301838,-0.02552281645042852,-0.0687962719115127,-0.06880109593275947,-0.08838327756636011
-0.024238205924187153,-0.024237085253202,-0.024237743146944886,-0.02552281645042852,-0.0687962719115127,-0.06880109593275947,-0.08838327756636011
-0.024238205924187153,-0.024236585222737157,-0.024237669492443284,-0.02552281645042852,-0.0687962719115127,-0.06880109593275947,-0.08838327756636011
-0.024238205924187153,-0.024237404182476864,-0.02423762253312323,-0.02552281645042852,-0.0687962719115127,-0.06880109593275947,-0.08838327756636011
-0.024235413014118908,-0.02423788034835283,-0.02423778530135109,-0.02552281645042852,-0.0687962719115127,-0.06880109593275947,-0.08838327756636011
-0.024233683803958312,-0.024237961297138896,-0.024238034359696476,-0.02552281645042852,-0.0687962719115127,-0.06880109593275947,-0.08838327756636011
-0.024238468775201732,-0.024238234699653083,-0.02423799284615357,-0.02552281645042852,-0.0687962719115127,-0.06880109593275947,-0.08838327756636011
-0.024238468775201732,-0.02423830542624688,-0.024237327257825233,-0.02552281645042852,-0.0687962719115127,-0.06880109593275947,-0.08838327756636011
-0.024238468775201732,-0.024238252151671275,-0.02423790466621166,-0.02552281645042852,-0.0687962719115127,-0.06880109593275947,-0.08838327756636011
-0.024238468775201732,-0.024238317003902533,-0.024238332336165673,-0.02552281645042852,-0.0687962719115127,-0.06880109593275947,-0.08838327756636011
-0.02423879969961248,-0.02423861537038613,-0.024238478556109704,-0.02552281645042852,-0.0687962719115127,-0.06880109593275947,-0.08838327756636011
-0.024231725607235015,-0.02423868402792246,-0.024238684741071402,-0.02552281645042852,-0.0687962719115127,-0.06880109593275947,-0.08838327756636011
-0.024225035497985898,-0.02423850039202752,-0.024238705594892298,-0.02552281645042852,-0.0687962719115127,-0.06880109593275947,-0.08838327756636011
-0.024233218602810077,-0.024238339424517193,-0.024238701116201574,-0.02552281645042852,-0.0687962719115127,-0.06880109593275947,-0.08838327756636011
-0.024238939431739766,-0.024238746376492613,-0.024238601337184532,-0.02552281645042852,-0.0687962719115127,-0.06880109593275947,-0.08838327756636011
-0.024238939431739766,-0.02423884022018437,-0.02423746072613717,-0.02552281645042852,-0.0687962719115127,-0.06880109593275947,-0.08838327756636011
-0.024238939431739766,-0.02423826475300408,-0.024237781205645906,-0.02552281645042852,-0.0687962719115127,-0.06880109593275947,-0.08838327756636011
-0.02423903110548957,-0.024238231799064727,-0.024238218267866186,-0.02552281645042852,-0.0687962719115127,-0.06880109593275947,-0.08838327756636011
-0.02423912146456455,-0.02423805492582166,-0.024238124894457844,-0.02552281645042852,-0.0687962719115127,-0.06880109593275947,-0.08838327756636011
-0.02423912146456455,-0.02423803651198397,-0.024238296846858916,-0.02552281645042852,-0.0687962719115127,-0.06880109593275947,-0.08838327756636011
-0.024235380574066243,-0.024237741355046274,-0.02423833124987688,-0.02552281645042852,-0.0687962719115127,-0.06880109593275947,-0.08838327756636011
-0.024222908894707386,-0.02423786263081254,-0.02423833124987688,-0.02552281645042852,-0.0687962719115127,-0.06880109593275947,-0.08838327756636011
-0.024222134824983768,-0.02423779536549091,-0.02423833124987688,-0.02552281645042852,-0.0687962719115127,-0.06880109593275947,-0.08838327756636011
-0.0242193204616727,-0.024237960398591,-0.02423833124987688,-0.02552281645042852,-0.0687962719115127,-0.06880109593275947,-0.08838327756636011
-0.024218397712737722,-0.024237722546353042,-0.024238166681662735,-0.02552281645042852,-0.0687962719115127,-0.06880109593275947,-0.08838327756636011
-0.024227756590132647,-0.024237561496719375,-0.024238180366223397,-0.02552281645042852,-0.0687962719115127,-0.06880109593275947,-0.08838327756636011
-0.024228906799123817,-0.024237547883944912,-0.024238180366223397,-0.02552281645042852,-0.0687962719115127,-0.06880109593275947,-0.08838327756636011
-0.024235359298501735,-0.024237142370611496,-0.024238180366223397,-0.02552281645042852,-0.0687962719115127,-0.06880109593275947,-0.08838327756636011
-0.02423781216418875,-0.024237447281224997,-0.02423821157138007,-0.025557304994165076,-0.0687962719115127,-0.06880109593275947,-0.02263890688293202
-0.024238612466669984,-0.024237893542127357,-0.02423823232368979,-0.025557304994165076,-0.0687962719115127,-0.06880109593275947,-0.02263890688293202
-0.02423898545531844,-0.024238353754126328,-0.024238455281358085,-0.025557304994165076,-0.0687962719115127,-0.06880109593275947,-0.02263890688293202
-0.02423898545531844,-0.024237919105339522,-0.024238443151847176,-0.025557304994165076,-0.0687962719115127,-0.06880109593275947,-0.02263890688293202
-0.02423898545531844,-0.02423821817922789,-0.024238085031378646,-0.025557304994165076,-0.0687962719115127,-0.06880109593275947,-0.02263890688293202
-0.02423898545531844,-0.02423844430556205,-0.024238211707168868,-0.025557304994165076,-0.0687962719115127,-0.06880109593275947,-0.02263890688293202
-0.02423898545531844,-0.02423807781287357,-0.024238055120097603,-0.025557304994165076,-0.0687962719115127,-0.06880109593275947,-0.02263890688293202
-0.02423898545531844,-0.02423820835644827,-0.024238223445834817,-0.025557304994165076,-0.0687962719115127,-0.06880109593275947,-0.02263890688293202
-0.02423898545531844,-0.024238100151929176,-0.02423803063238747,-0.025557304994165076,-0.0687962719115127,-0.06880109593275947,-0.02263890688293202
-0.02423890528801506,-0.02423840242329907,-0.024238113443546212,-0.025557304994165076,-0.0687962719115127,-0.06880109593275947,-0.02263890688293202
-0.02423890528801506,-0.02423857604540048,-0.02423789024600993,-0.025557304994165076,-0.0687962719115127,-0.06880109593275947,-0.02263890688293202
-0.02423890528801506,-0.02423870992351111,-0.02423770441382951,-0.025557304994165076,-0.0687962719115127,-0.06880109593275947,-0.02263890688293202
-0.024238772548644996,-0.024238750111396642,-0.02423849858412157,-0.025557304994165076,-0.0687962719115127,-0.06880109593275947,-0.02263890688293202
-0.024238844368023562,-0.02423877879800739,-0.024238442095050602,-0.025557304994165076,-0.0687962719115127,-0.06880109593275947,-0.02263890688293202
-0.024238965878177837,-0.024238337582227,-0.024238633394513612,-0.025557304994165076,-0.0687962719115127,-0.06880109593275947,-0.02263890688293202
-0.024238965878177837,-0.024238039256767086,-0.024238762305620172,-0.025557304994165076,-0.0687962719115127,-0.06880109593275947,-0.02263890688293202
-0.02423915061137203,-0.024237248257321355,-0.024238824367147242,-0.025557304994165076,-0.0687962719115127,-0.06880109593275947,-0.02263890688293202
-0.02423915061137203,-0.02423749963922246,-0.024238950390516482,-0.025557304994165076,-0.0687962719115127,-0.06880109593275947,-0.02263890688293202
-0.02423915061137203,-0.024237278660271873,-0.024239104436096958,-0.025557304994165076,-0.0687962719115127,-0.06880109593275947,-0.02263890688293202
-0.02423933530175932,-0.024237441703976875,-0.02423917653233664,-0.025557304994165076,-0.0687962719115127,-0.06880109593275947,-0.02263890688293202
-0.024239613013876588,-0.024238058226829753,-0.024238962286114198,-0.025557304994165076,-0.0687962719115127,-0.06880109593275947,-0.02263890688293202
-0.024239613013876588,-0.024238065449157405,-0.024238330773408756,-0.025557304994165076,-0.0687962719115127,-0.06880109593275947,-0.02263890688293202
-0.024239613013876588,-0.024238077237881166,-0.02423839262984927,-0.025557304994165076,-0.0687962719115127,-0.06880109593275947,-0.02263890688293202
-0.024239613013876588,-0.024238566130541008,-0.024238336285324662,-0.025557304994165076,-0.0687962719115127,-0.06880109593275947,-0.02263890688293202
-0.024239613013876588,-0.024238722675001125,-0.024238090570434107,-0.025557304994165076,-0.0687962719115127,-0.06880109593275947,-0.02263890688293202
-0.024239613013876588,-0.024238849194629025,-0.024238226284016874,-0.025557304994165076,-0.0687962719115127,-0.06880109593275947,-0.02263890688293202
-0.024239613013876588,-0.024238957791203806,-0.024237441711214336,-0.025557304994165076,-0.0687962719115127,-0.06880109593275947,-0.02263890688293202
-0.024239613013876588,-0.0242390027405719,-0.024237336124144717,-0.025557304994165076,-0.0687962719115127,-0.06880109593275947,-0.02263890688293202
-0.02423987899677359,-0.024238789878230242,-0.02423739171310442,-0.025789021334383024,-0.0687962719115127,-0.06880109593275947,-0.02263890688293202
-0.02423987899677359,-0.024238950419440478,-0.024237036493819045,-0.025789021334383024,-0.0687962719115127,-0.06880109593275947,-0.02263890688293202
-0.02423987899677359,-0.024238439666508634,-0.02423661155557377,-0.025789021334383024,-0.0687962719115127,-0.06880109593275947,-0.02263890688293202
-0.024240058497169214,-0.024238211545988216,-0.02423728875635299,-0.025789021334383024,-0.0687962719115127,-0.06880109593275947,-0.02263890688293202
-0.024240058497169214,-0.024237965843295215,-0.02423663531850871,-0.025789021334383024,-0.0687962719115127,-0.06880109593275947,-0.02263890688293202
-0.024240058497169214,-0.02423765176910886,-0.02423689784833976,-0.025789021334383024,-0.0687962719115127,-0.06880109593275947,-0.02263890688293202
-0.024240058497169214,-0.024237588707800014,-0.02423715482000146,-0.025789021334383024,-0.0687962719115127,-0.06880109593275947,-0.02263890688293202
-0.024240058497169214,-0.024237953002927328,-0.02423798135941423,-0.025789021334383024,-0.0687962719115127,-0.06880109593275947,-0.02263890688293202
-0.024240058497169214,-0.024238191670001945,-0.024238197517523485,-0.025789021334383024,-0.0687962719115127,-0.06880109593275947,-0.02263890688293202
-0.024240101269218224,-0.024238612248975337,-0.02423863996942434,-0.025789021334383024,-0.0687962719115127,-0.06880109593275947,-0.02263890688293202
-0.024240470130546043,-0.02423860724434006,-0.02423845484255735,-0.025789021334383024,-0.0687962719115127,-0.06880109593275947,-0.02263890688293202
-0.024240470130546043,-0.024238690644595263,-0.02423744551296843,-0.025789021334383024,-0.0687962719115127,-0.06880109593275947,-0.02263890688293202
-0.024240470130546043,-0.024238215518501076,-0.024237582378633837,-0.025789021334383024,-0.0687962719115127,-0.06880109593275947,-0.02263890688293202
-0.024240470130546043,-0.024238107420942134,-0.024237719143187866,-0.025789021334383024,-0.0687962719115127,-0.06880109593275947,-0.02263890688293202
-0.024240654296550156,-0.02423824145732489,-0.02423800056659863,-0.025789021334383024,-0.0687962719115127,-0.06880109593275947,-0.02263890688293202
-0.02424134990934374,-0.024238371533642167,-0.024238364440200968,-0.025789021334383024,-0.0687962719115127,-0.06880109593275947,-0.02263890688293202
-0.02424134990934374,-0.024238502902481005,-0.024237883848334477,-0.025789021334383024,-0.0687962719115127,-0.06880109593275947,-0.02263890688293202
-0.024241587510701157,-0.024238633909533725,-0.02423828873349567,-0.025789021334383024,-0.0687962719115127,-0.06880109593275947,-0.02263890688293202
-0.024241864680991394,-0.02423849064302333,-0.024238666050923525,-0.025789021334383024,-0.0687962719115127,-0.06880109593275947,-0.02263890688293202
-0.024241864680991394,-0.02423884429503451,-0.02423814542184994,-0.025789021334383024,-0.0687962719115127,-0.06880109593275947,-0.02263890688293202
-0.024241864680991394,-0.024239006882092164,-0.02423814330705716,-0.025789021334383024,-0.0687962719115127,-0.06880109593275947,-0.02263890688293202
-0.024241864680991394,-0.024238896670850513,-0.024237903010413835,-0.025789021334383024,-0.0687962719115127,-0.06880109593275947,-0.02263890688293202
-0.024241864680991394,-0.024239026662880917,-0.024237283306756213,-0.025789021334383024,-0.0687962719115127,-0.06880109593275947,-0.02263890688293202
-0.024241864680991394,-0.024238633243243615,-0.024237260016436092,-0.025789021334383024,-0.0687962719115127,-0.06880109593275947,-0.02263890688293202
-0.02424216972951885,-0.02423892495367419,-0.024236665986410267,-0.025789021334383024,-0.0687962719115127,-0.06880109593275947,-0.02263890688293202
-0.02424216972951885,-0.024239047090980813,-0.024237239299759985,-0.025789021334383024,-0.0687962719115127,-0.06880109593275947,-0.02263890688293202
-0.02424216972951885,-0.024238995719015874,-0.024237811285742143,-0.025789021334383024,-0.0687962719115127,-0.06880109593275947,-0.02263890688293202
-0.02424216972951885,-0.024239015448759983,-0.02423836140787356,-0.025789021334383024,-0.0687962719115127,-0.06880109593275947,-0.02263890688293202
-0.02424216972951885,-0.02423914819930976,-0.024238213719821104,-0.025789021334383024,-0.0687962719115127,-0.06880109593275947,-0.02263890688293202
-0.024240640081183425,-0.024239276375729008,-0.024238580532701167,-0.025793038789807817,-0.0687962719115127,-0.06880109593275947,-0.02263890688293202
-0.024240640081183425,-0.024239595857685117,-0.024239600031117445,-0.025793038789807817,-0.0687962719115127,-0.06880109593275947,-0.02263890688293202
-0.024240640081183425,-0.024239666413052776,-0.024239823446070858,-0.025793038789807817,-0.0687962719115127,-0.06880109593275947,-0.02263890688293202
-0.024240640081183425,-0.024239816350063156,-0.02423982399019244,-0.025793038789807817,-0.0687962719115127,-0.06880109593275947,-0.02263890688293202
-0.024240640081183425,-0.024239405325282508,-0.024238925359411044,-0.025793038789807817,-0.0687962719115127,-0.06880109593275947,-0.02263890688293202
-0.024241008348789592,-0.024239642409458025,-0.02423935091786995,-0.025793038789807817,-0.0687962719115127,-0.06880109593275947,-0.02263890688293202
-0.024241008348789592,-0.024239789634412135,-0.024239235945823414,-0.025793038789807817,-0.0687962719115127,-0.06880109593275947,-0.02263890688293202
-0.024241186083550526,-0.024239425369213436,-0.02423909123360973,-0.025793038789807817,-0.0687962719115127,-0.06880109593275947,-0.02263890688293202
-0.024241175692435387,-0.02423879432377165,-0.024239379464497016,-0.025793038789807817,-0.0687962719115127,-0.06880109593275947,-0.02263890688293202
-0.024241359700485736,-0.024238629004494378,-0.024239133202344637,-0.025793038789807817,-0.0687962719115127,-0.06880109593275947,-0.02263890688293202
-0.024241359700485736,-0.024238181329284833,-0.024238947614207317,-0.025793038789807817,-0.0687962719115127,-0.06880109593275947,-0.02263890688293202
-0.024241359700485736,-0.024236415877723533,-0.024239065882909236,-0.025793038789807817,-0.0687962719115127,-0.06880109593275947,-0.02263890688293202
-0.024241359700485736,-0.024236576522562135,-0.02423919636562829,-0.025793038789807817,-0.0687962719115127,-0.06880109593275947,-0.02263890688293202
-0.024241639740606807,-0.0242376868587979,-0.02423933594485911,-0.025793038789807817,-0.0687962719115127,-0.06880109593275947,-0.02263890688293202
-0.024241639740606807,-0.024236796590699185,-0.024239293528149592,-0.025793038789807817,-0.0687962719115127,-0.06880109593275947,-0.02263890688293202
-0.024241639740606807,-0.024236386869817047,-0.024239057411138562,-0.025793038789807817,-0.0687962719115127,-0.06880109593275947,-0.02263890688293202
-0.024241639740606807,-0.024236064080287806,-0.02423914523124453,-0.025793038789807817,-0.0687962719115127,-0.06880109593275947,-0.02263890688293202
-0.024241639740606807,-0.02423579931540293,-0.024239129780614592,-0.025793038789807817,-0.0687962719115127,-0.06880109593275947,-0.02263890688293202
-0.02424155973903571,-0.024235779426688028,-0.02423934149217779,-0.025793038789807817,-0.0687962719115127,-0.06880109593275947,-0.02263890688293202
-0.02424155973903571,-0.024236027602253764,-0.02423921824263338,-0.025793038789807817,-0.0687962719115127,-0.06880109593275947,-0.02263890688293202
-0.02424155973903571,-0.02423580830756954,-0.02423925206168695,-0.025793038789807817,-0.0687962719115127,-0.06880109593275947,-0.02263890688293202
-0.02424155973903571,-0.024235956197962382,-0.02423946027850869,-0.025793038789807817,-0.0687962719115127,-0.06880109593275947,-0.02263890688293202
-0.02424155973903571,-0.024235408330820468,-0.024239546585534223,-0.025793038789807817,-0.0687962719115127,-0.06880109593275947,-0.02263890688293202
-0.02424155973903571,-0.024235276843551784,-0.024239596464128134,-0.025793038789807817,-0.0687962719115127,-0.06880109593275947,-0.02263890688293202
-0.024241743638932306,-0.024235394573747925,-0.024239449135076082,-0.025793038789807817,-0.0687962719115127,-0.06880109593275947,-0.02263890688293202
-0.024241743638932306,-0.02423489470053492,-0.024239269827912795,-0.025793038789807817,-0.0687962719115127,-0.06880109593275947,-0.02263890688293202
-0.024241743638932306,-0.024234871271515336,-0.02423915811668184,-0.025793038789807817,-0.0687962719115127,-0.06880109593275947,-0.02263890688293202
-0.02424181877192422,-0.024234220366855345,-0.024238936753077325,-0.025793038789807817,-0.0687962719115127,-0.06880109593275947,-0.02263890688293202
-0.02424181877192422,-0.02423452858295762,-0.024238913947827373,-0.025793038789807817,-0.0687962719115127,-0.06880109593275947,-0.02263890688293202
-0.024241995143457266,-0.02423401488897554,-0.02423882987511157,-0.025793038789807817,-0.0687962719115127,-0.06880109593275947,-0.02263890688293202
-0.024241995143457266,-0.024233800061141987,-0.024238754157351154,-0.025793038789807817,-0.0687962719115127,-0.06880109593275947,-0.02263890688293202
-0.024241995143457266,-0.024233653985477457,-0.024238862443969864,-0.025793038789807817,-0.0687962719115127,-0.06880109593275947,-0.02263890688293202
-0.024242428261866688,-0.024233299555862498,-0.02423894082000954,-0.025793038789807817,-0.0687962719115127,-0.06880109593275947,-0.02263890688293202
-0.024242530919411052,-0.02423321001389652,-0.024238354925425226,-0.025793038789807817,-0.0687962719115127,-0.06880109593275947,-0.02263890688293202
-0.02424251430063152,-0.024233273933321114,-0.024238371047058442,-0.025793038789807817,-0.0687962719115127,-0.06880109593275947,-0.02263890688293202
-0.024242697962915716,-0.024234147590717167,-0.02423819026416486,-0.025793038789807817,-0.0687962719115127,-0.06880109593275947,-0.02263890688293202
-0.024242697962915716,-0.0242344842999059,-0.024237864643377387,-0.025793038789807817,-0.0687962719115127,-0.06880109593275947,-0.02263890688293202
-0.024242697962915716,-0.024234492420476116,-0.024237591566015723,-0.025793038789807817,-0.0687962719115127,-0.06880109593275947,-0.02263890688293202
-0.024242938523242635,-0.02423504886002,-0.024237714507163926,-0.025793038789807817,-0.0687962719115127,-0.06880109593275947,-0.02263890688293202
-0.024242938523242635,-0.024234776246932887,-0.024237022514538027,-0.025793038789807817,-0.0687962719115127,-0.06880109593275947,-0.02263890688293202
-0.024242938523242635,-0.02423451177037795,-0.024237206959450863,-0.025793038789807817,-0.0687962719115127,-0.06880109593275947,-0.02263890688293202
-0.024243122094155807,-0.02423493014910116,-0.024236923438223104,-0.025793038789807817,-0.0687962719115127,-0.06880109593275947,-0.02263890688293202
-0.024243122094155807,-0.02423565010671488,-0.02423686904328067,-0.025793038789807817,-0.0687962719115127,-0.06880109593275947,-0.02263890688293202
-0.024243122094155807,-0.0242361828319116,-0.024236798813658533,-0.025793038789807817,-0.0687962719115127,-0.06880109593275947,-0.02263890688293202
-0.024243122094155807,-0.024236870586945413,-0.024236912031727002,-0.025793038789807817,-0.0687962719115127,-0.06880109593275947,-0.02263890688293202
-0.024243122094155807,-0.024237449286063147,-0.02423745680895217,-0.025793038789807817,-0.0687962719115127,-0.06880109593275947,-0.02263890688293202
-0.024243122094155807,-0.024237409210890678,-0.02423684994976289,-0.025793038789807817,-0.0687962719115127,-0.06880109593275947,-0.02263890688293202
-0.024243122094155807,-0.024237510917626288,-0.02423712615456221,-0.025793038789807817,-0.0687962719115127,-0.06880109593275947,-0.02263890688293202
-0.024243122094155807,-0.02423701958025846,-0.024237269987971592,-0.025793038789807817,-0.0687962719115127,-0.06880109593275947,-0.02263890688293202
-0.024243122094155807,-0.02423734523077652,-0.024237421460901683,-0.025793038789807817,-0.0687962719115127,-0.06880109593275947,-0.02263890688293202
-0.02424330582203754,-0.02423742042822835,-0.02423756407696488,-0.025793038789807817,-0.0687962719115127,-0.06880109593275947,-0.02263890688293202
-0.024243489308191264,-0.024237683169013494,-0.024237614028656554,-0.025793038789807817,-0.0687962719115127,-0.06880109593275947,-0.02263890688293202
-0.024243489308191264,-0.024238048637521603,-0.02423805371940935,-0.025793038789807817,-0.0687962719115127,-0.06880109593275947,-0.02263890688293202
-0.024243489308191264,-0.024237870039914153,-0.02423824321312065,-0.025793038789807817,-0.0687962719115127,-0.06880109593275947,-0.02263890688293202
-0.024243489308191264,-0.02423827080445097,-0.024237621447091306,-0.025793038789807817,-0.0687962719115127,-0.06880109593275947,-0.02263890688293202
-0.024243489308191264,-0.02423801563801692,-0.024236990257769115,-0.025793038789807817,-0.0687962719115127,-0.06880109593275947,-0.02263890688293202
-0.024243489308191264,-0.02423787535510454,-0.02423717049751177,-0.025793038789807817,-0.0687962719115127,-0.06880109593275947,-0.02263890688293202
-0.024240523480456036,-0.02423761763858385,-0.024238131974970236,-0.025793038789807817,-0.0687962719115127,-0.06880109593275947,-0.02263890688293202
-0.024240523480456036,-0.024237980098985465,-0.024238060160321418,-0.025793038789807817,-0.0687962719115127,-0.06880109593275947,-0.02263890688293202
-0.024240523480456036,-0.02423833464883249,-0.02423821672785364,-0.025793038789807817,-0.0687962719115127,-0.06880109593275947,-0.02263890688293202
-0.024240523480456036,-0.02423894524258829,-0.02423891916220398,-0.025793038789807817,-0.0687962719115127,-0.06880109593275947,-0.02263890688293202
-0.024240523480456036,-0.02423901016637443,-0.024238625768415248,-0.025793038789807817,-0.0687962719115127,-0.06880109593275947,-0.02263890688293202
-0.024240523480456036,-0.024239190255933428,-0.024238558654059973,-0.025793038789807817,-0.0687962719115127,-0.06880109593275947,-0.02263890688293202
-0.024240707402128782,-0.02423926340319915,-0.024237870082684042,-0.025793038789807817,-0.0687962719115127,-0.06880109593275947,-0.02263890688293202
-0.024240707402128782,-0.024239054711361518,-0.024239051120766367,-0.025793038789807817,-0.0687962719115127,-0.06880109593275947,-0.02263890688293202
-0.024240891262336913,-0.02423909235796809,-0.02423909958974901,-0.025793038789807817,-0.0687962719115127,-0.06880109593275947,-0.02263890688293202
-0.024240891262336913,-0.024237917103549347,-0.02423898245126423,-0.025793038789807817,-0.0687962719115127,-0.06880109593275947,-0.02263890688293202
-0.024240891262336913,-0.024237701592324207,-0.02423896647775756,-0.025793038789807817,-0.0687962719115127,-0.06880109593275947,-0.02263890688293202
-0.024240891262336913,-0.024238187754494468,-0.024238558668859905,-0.025793038789807817,-0.0687962719115127,-0.06880109593275947,-0.02263890688293202
-0.024240891262336913,-0.02423864945216809,-0.02423863528993323,-0.025793038789807817,-0.0687962719115127,-0.06880109593275947,-0.02263890688293202
-0.024240891262336913,-0.024238836079652527,-0.024238598481876764,-0.025793038789807817,-0.0687962719115127,-0.06880109593275947,-0.02263890688293202
-0.024240891262336913,-0.02423908594692022,-0.024238595376609162,-0.025793038789807817,-0.0687962719115127,-0.06880109593275947,-0.02263890688293202
-0.024240891262336913,-0.024239295552335834,-0.024239356480654572,-0.025793038789807817,-0.0687962719115127,-0.06880109593275947,-0.02263890688293202
-0.024240891262336913,-0.024239547789257358,-0.024239559756854944,-0.025793038789807817,-0.0687962719115127,-0.06880109593275947,-0.02263890688293202
-0.024240891262336913,-0.02423953839986977,-0.02423937896282671,-0.025793038789807817,-0.0687962719115127,-0.06880109593275947,-0.02263890688293202
-0.024240788135299084,-0.024239731327708836,-0.024239267310354477,-0.025793038789807817,-0.0687962719115127,-0.06880109593275947,-0.02263890688293202
-0.024240788135299084,-0.024239859771430193,-0.024238883125238905,-0.025793038789807817,-0.0687962719115127,-0.06880109593275947,-0.02263890688293202
-0.024240788135299084,-0.024239934582523326,-0.024238058335595485,-0.025793038789807817,-0.0687962719115127,-0.06880109593275947,-0.02263890688293202
-0.024240788135299084,-0.024239551358394014,-0.024238772804898348,-0.025793038789807817,-0.0687962719115127,-0.06880109593275947,-0.02263890688293202
-0.024240788135299084,-0.024239668222163637,-0.024239543420840448,-0.025793038789807817,-0.0687962719115127,-0.06880109593275947,-0.02263890688293202
-0.02423935329890172,-0.0242396102314252,-0.02423965149069814,-0.025793038789807817,-0.0687962719115127,-0.06880109593275947,-0.02263890688293202
-0.024240163068222294,-0.024240067385165827,-0.024240082569493535,-0.025793038789807817,-0.0687962719115127,-0.06880109593275947,-0.02263890688293202
-0.024240614127895608,-0.024240526600935734,-0.024240378966067646,-0.025793038789807817,-0.0687962719115127,-0.06880109593275947,-0.02263890688293202
-0.024241164980216588,-0.02424093030786908,-0.02424091559457043,-0.025793038789807817,-0.0687962719115127,-0.06880109593275947,-0.02263890688293202
-0.024241440351271612,-0.02424135708792631,-0.024241202620834682,-0.025793038789807817,-0.0687962719115127,-0.06880109593275947,-0.02263890688293202
-0.02424165273908801,-0.0242414875587873,-0.024240485974899466,-0.025793038789807817,-0.0687962719115127,-0.06880109593275947,-0.02263890688293202
-0.02424165273908801,-0.02424119915090657,-0.02424114216593199,-0.025793038789807817,-0.0687962719115127,-0.06880109593275947,-0.02263890688293202
-0.02424183581247907,-0.02424163834217649,-0.024241646920052724,-0.025793038789807817,-0.0687962719115127,-0.06880109593275947,-0.02263890688293202
-0.02424183581247907,-0.024240440019629616,-0.024241582995937233,-0.025793038789807817,-0.0687962719115127,-0.06880109593275947,-0.02263890688293202
-0.02424183581247907,-0.0242406290711212,-0.02424165943761066,-0.025793038789807817,-0.0687962719115127,-0.06880109593275947,-0.02263890688293202
-0.02424183581247907,-0.024240477841386495,-0.024241632207378398,-0.025793038789807817,-0.0687962719115127,-0.06880109593275947,-0.02263890688293202
-0.02424183581247907,-0.024240704168078126,-0.024241489803725907,-0.025793038789807817,-0.0687962719115127,-0.06880109593275947,-0.02263890688293202
-0.02424183581247907,-0.024241068964289566,-0.024241423533369406,-0.025793038789807817,-0.0687962719115127,-0.06880109593275947,-0.02263890688293202
-0.024242018446259814,-0.024241534528519983,-0.02424171429579913,-0.025793038789807817,-0.0687962719115127,-0.06880109593275947,-0.02263890688293202
-0.024242018446259814,-0.024241827798278097,-0.024241746399095446,-0.025793038789807817,-0.0687962719115127,-0.06880109593275947,-0.02263890688293202
-0.024242201237172828,-0.02424194532689101,-0.024241963636064505,-0.025793038789807817,-0.0687962719115127,-0.06880109593275947,-0.02263890688293202
-0.024242476299419755,-0.0242417462638042,-0.024241448086873486,-0.025793038789807817,-0.0687962719115127,-0.06880109593275947,-0.02263890688293202
-0.024242476299419755,-0.02424183914034257,-0.02424132267792376,-0.025793038789807817,-0.0687962719115127,-0.06880109593275947,-0.02263890688293202
-0.024242476299419755,-0.024241182407032567,-0.02424011604945373,-0.025793038789807817,-0.0687962719115127,-0.06880109593275947,-0.02263890688293202
-0.024242476299419755,-0.02424114047819028,-0.024240278758042938,-0.025793038789807817,-0.0687962719115127,-0.06880109593275947,-0.02263890688293202
-0.024242476299419755,-0.024241082614358183,-0.024240516483644333,-0.025793038789807817,-0.0687962719115127,-0.06880109593275947,-0.02263890688293202
-0.024242476299419755,-0.02424082514984565,-0.024240512729440254,-0.025793038789807817,-0.0687962719115127,-0.06880109593275947,-0.02263890688293202
-0.024240974536389265,-0.024240946350115828,-0.02424044883233305,-0.025793038789807817,-0.0687962719115127,-0.06880109593275947,-0.02263890688293202
-0.024239846582104187,-0.024240989332203894,-0.024240176412119178,-0.025793038789807817,-0.0687962719115127,-0.06880109593275947,-0.02263890688293202
-0.024237669798872912,-0.024240989332203894,-0.024239978045155274,-0.025793038789807817,-0.0687962719115127,-0.06880109593275947,-0.02263890688293202
-0.02424053162243706,-0.024241017673940747,-0.02424036225530231,-0.025793038789807817,-0.0687962719115127,-0.06880109593275947,-0.02263890688293202
-0.024238678395640447,-0.024241065162190045,-0.024240227029935973,-0.025793038789807817,-0.0687962719115127,-0.06880109593275947,-0.02263890688293202
-0.02424044543700893,-0.024241065162190045,-0.024240230809867334,-0.025793038789807817,-0.0687962719115127,-0.06880109593275947,-0.02263890688293202
-0.02423774903758689,-0.024240908893998107,-0.02424047747273125,-0.025793038789807817,-0.0687962719115127,-0.06880109593275947,-0.02263890688293202
-0.024236092636391735,-0.0242409518799497,-0.02424032366446624,-0.025793038789807817,-0.0687962719115127,-0.06880109593275947,-0.02263890688293202
-0.02423221409065275,-0.02424097071659307,-0.02424029096396233,-0.025793038789807817,-0.0687962719115127,-0.06880109593275947,-0.02263890688293202
-0.024236703259880688,-0.024240814420994683,-0.02424045221986999,-0.025793038789807817,-0.0687962719115127,-0.06880109593275947,-0.02263890688293202
-0.024238499572212142,-0.024240814420994683,-0.024240591694829713,-0.025793038789807817,-0.0687962719115127,-0.06880109593275947,-0.02263890688293202
-0.024240867632082715,-0.024240653923571085,-0.024240529793233503,-0.025793038789807817,-0.0687962719115127,-0.06880109593275947,-0.02263890688293202
-0.024241121304114262,-0.024240878289986896,-0.024240922299439572,-0.025793038789807817,-0.0687962719115127,-0.06880109593275947,-0.02263890688293202
-0.024241518425663033,-0.02424114627239592,-0.0242408228491676,-0.025793038789807817,-0.0687962719115127,-0.06880109593275947,-0.02263890688293202
-0.02424168693031245,-0.024241237681528027,-0.02424125488742096,-0.025793038789807817,-0.0687962719115127,-0.06880109593275947,-0.02263890688293202
-0.02424168693031245,-0.024241193478587393,-0.024240590954017417,-0.025793038789807817,-0.0687962719115127,-0.06880109593275947,-0.02263890688293202
-0.02424168693031245,-0.024241162972351165,-0.02424113786710698,-0.025793038789807817,-0.0687962719115127,-0.06880109593275947,-0.02263890688293202
-0.02424168693031245,-0.024241094235392016,-0.024241269885256704,-0.025793038789807817,-0.0687962719115127,-0.06880109593275947,-0.02263890688293202
-0.024241798161053322,-0.02424097915255982,-0.024241238320047244,-0.025793038789807817,-0.0687962719115127,-0.06880109593275947,-0.02263890688293202
-0.024242051627198214,-0.02424137460471956,-0.024241356157785072,-0.025793038789807817,-0.0687962719115127,-0.06880109593275947,-0.02263890688293202
-0.024242051627198214,-0.02424101587884865,-0.02424112373316217,-0.025793038789807817,-0.0687962719115127,-0.06880109593275947,-0.02263890688293202
-0.024242051627198214,-0.024240802536600447,-0.02424096176793984,-0.025793038789807817,-0.0687962719115127,-0.06880109593275947,-0.02263890688293202
-0.024242051627198214,-0.02424106166234519,-0.02424107912985415,-0.025793038789807817,-0.0687962719115127,-0.06880109593275947,-0.02263890688293202
-0.024242305076402546,-0.024241164895983075,-0.024241263703563467,-0.025793038789807817,-0.0687962719115127,-0.06880109593275947,-0.02263890688293202
-0.024242305076402546,-0.024240580814597724,-0.02424137515598558,-0.025793038789807817,-0.0687962719115127,-0.06880109593275947,-0.02263890688293202
-0.024242538426230566,-0.024241005453663738,-0.024240990910965838,-0.025793038789807817,-0.0687962719115127,-0.06880109593275947,-0.02263890688293202
-0.024242538426230566,-0.024240908706833094,-0.024239035533241738,-0.025793038789807817,-0.0687962719115127,-0.06880109593275947,-0.02263890688293202
-0.024242651624281814,-0.024240987485041696,-0.02423865445605037,-0.025793038789807817,-0.0687962719115127,-0.06880109593275947,-0.02263890688293202
-0.024242819884275443,-0.02424103764447052,-0.024238647007801036,-0.025793038789807817,-0.0687962719115127,-0.06880109593275947,-0.02263890688293202
-0.024242819884275443,-0.024240963975975797,-0.02423827992545663,-0.025793038789807817,-0.0687962719115127,-0.06880109593275947,-0.02263890688293202
-0.024242819884275443,-0.02424113368660408,-0.024238125659766123,-0.025793038789807817,-0.0687962719115127,-0.06880109593275947,-0.02263890688293202
-0.024242819884275443,-0.02424129020968174,-0.024238789986434178,-0.025793038789807817,-0.0687962719115127,-0.06880109593275947,-0.02263890688293202
-0.024242746527628527,-0.024241211081482215,-0.024237994539271345,-0.025793038789807817,-0.0687962719115127,-0.06880109593275947,-0.02263890688293202
-0.024242746527628527,-0.024241071716886105,-0.024238509006590817,-0.025793038789807817,-0.0687962719115127,-0.06880109593275947,-0.02263890688293202
-0.024239923703240705,-0.02424113028929719,-0.02423839814363751,-0.025793038789807817,-0.0687962719115127,-0.06880109593275947,-0.02263890688293202
-0.024241072896934918,-0.02424113028929719,-0.024238391012249675,-0.025793038789807817,-0.0687962719115127,-0.06880109593275947,-0.02263890688293202
-0.024239917709848107,-0.024241278377235876,-0.02423849875378169,-0.025793038789807817,-0.0687962719115127,-0.06880109593275947,-0.02263890688293202
-0.024240624092659122,-0.024241278377235876,-0.024238470263123677,-0.025793038789807817,-0.0687962719115127,-0.06880109593275947,-0.02263890688293202
-0.024239907555347467,-0.024241278377235876,-0.024239061104901656,-0.025793038789807817,-0.0687962719115127,-0.06880109593275947,-0.02263890688293202
-0.024238931486990852,-0.024241278377235876,-0.02423890328826744,-0.025793038789807817,-0.0687962719115127,-0.06880109593275947,-0.02263890688293202
-0.024240255961421455,-0.024241278377235876,-0.024239313547680014,-0.025793038789807817,-0.0687962719115127,-0.06880109593275947,-0.02263890688293202
-0.024239005020043433,-0.024241278377235876,-0.024238489600921686,-0.025793038789807817,-0.0687962719115127,-0.06880109593275947,-0.02263890688293202
-0.024238847356814357,-0.02424112381505606,-0.02423774592165324,-0.025793038789807817,-0.0687962719115127,-0.06880109593275947,-0.02263890688293202
-0.02423744582350046,-0.02424112381505606,-0.024237428828102595,-0.025793038789807817,-0.0687962719115127,-0.06880109593275947,-0.02263890688293202
-0.024238385625323128,-0.02424112381505606,-0.0242377604548335,-0.025793038789807817,-0.0687962719115127,-0.06880109593275947,-0.02263890688293202
-0.024238288362246185,-0.0242411521701294,-0.024237887133373458,-0.025793038789807817,-0.0687962719115127,-0.06880109593275947,-0.02263890688293202
-0.024237542129325162,-0.0242411521701294,-0.024237455619451304,-0.025793038789807817,-0.0687962719115127,-0.06880109593275947,-0.02263890688293202
-0.024238831479509608,-0.0242411521701294,-0.024237851473765653,-0.025793038789807817,-0.0687962719115127,-0.06880109593275947,-0.02263890688293202
-0.024237710497126714,-0.0242411521701294,-0.024237663251020735,-0.025793038789807817,-0.0687962719115127,-0.06880109593275947,-0.02263890688293202
-0.024238314526633352,-0.0242411521701294,-0.024237058273442566,-0.025793038789807817,-0.0687962719115127,-0.06880109593275947,-0.02263890688293202
-0.024239853957897975,-0.0242411521701294,-0.024237131077869407,-0.025793038789807817,-0.0687962719115127,-0.06880109593275947,-0.02263890688293202
-0.02424108477700359,-0.0242411521701294,-0.0242378099301476,-0.025793038789807817,-0.0687962719115127,-0.06880109593275947,-0.02263890688293202
-0.024241320362051743,-0.024241283131721317,-0.02423700492566719,-0.025793038789807817,-0.0687962719115127,-0.06880109593275947,-0.02263890688293202
-0.024240065236537635,-0.02424141693222747,-0.024236894475857806,-0.025793038789807817,-0.0687962719115127,-0.06880109593275947,-0.02263890688293202
-0.02424071050126101,-0.02424141693222747,-0.02423683654702827,-0.025793038789807817,-0.0687962719115127,-0.06880109593275947,-0.02263890688293202
-0.024239956648646976,-0.024241435553431823,-0.02423712671914453,-0.025793038789807817,-0.0687962719115127,-0.06880109593275947,-0.02263890688293202
-0.024241636008487145,-0.02424150077105915,-0.024237115385277452,-0.025793038789807817,-0.0687962719115127,-0.06880109593275947,-0.02263890688293202
-0.024241636008487145,-0.024241628311101618,-0.024237236642747458,-0.025793038789807817,-0.0687962719115127,-0.06880109593275947,-0.02263890688293202
-0.024241799498711653,-0.02424176276042036,-0.024237339189318842,-0.025793038789807817,-0.0687962719115127,-0.06880109593275947,-0.02263890688293202
-0.024241962955351477,-0.024241669801449334,-0.024238071339775444,-0.02579638666932848,-0.0687962719115127,-0.06880109593275947,-0.02263890688293202
-0.024241962955351477,-0.024241568417217536,-0.024238339790420484,-0.02579638666932848,-0.0687962719115127,-0.06880109593275947,-0.02263890688293202
-0.02424203525145846,-0.02424151823998396,-0.02423871137337816,-0.02579638666932848,-0.0687962719115127,-0.06880109593275947,-0.02263890688293202
-0.02424203525145846,-0.02424137899843336,-0.024238971929760843,-0.02579638666932848,-0.0687962719115127,-0.06880109593275947,-0.02263890688293202
-0.02424203525145846,-0.024240919913435646,-0.02423873325781322,-0.02579638666932848,-0.0687962719115127,-0.06880109593275947,-0.02263890688293202
-0.02424203525145846,-0.02424102413061664,-0.024238825805038552,-0.02579638666932848,-0.0687962719115127,-0.06880109593275947,-0.02263890688293202
-0.02424203525145846,-0.02424098451590735,-0.024238951258432638,-0.02579638666932848,-0.0687962719115127,-0.06880109593275947,-0.02263890688293202
-0.024242335332612903,-0.024241108381611445,-0.024239352023870526,-0.02579638666932848,-0.0687962719115127,-0.06880109593275947,-0.02263890688293202
-0.024242335332612903,-0.024241018890283197,-0.024238565347119167,-0.02579638666932848,-0.0687962719115127,-0.06880109593275947,-0.02263890688293202
-0.024242335332612903,-0.024241162055088358,-0.024238553499606054,-0.02579638666932848,-0.0687962719115127,-0.06880109593275947,-0.02263890688293202
-0.024242335332612903,-0.024241064213684514,-0.02423867333578799,-0.02579638666932848,-0.0687962719115127,-0.06880109593275947,-0.02263890688293202
-0.024242335332612903,-0.024241147978639375,-0.02423836637340694,-0.02579638666932848,-0.0687962719115127,-0.06880109593275947,-0.02263890688293202
-0.024242335332612903,-0.024241336526715934,-0.024238446950923514,-0.02579638666932848,-0.0687962719115127,-0.06880109593275947,-0.02263890688293202
-0.024242498683882174,-0.024241431845601447,-0.024238597978721545,-0.02579638666932848,-0.0687962719115127,-0.06880109593275947,-0.02263890688293202
-0.024242498683882174,-0.024241170919126028,-0.024238705058376914,-0.02579638666932848,-0.0687962719115127,-0.06880109593275947,-0.02263890688293202
-0.024242498683882174,-0.024241075561877417,-0.024238768654777743,-0.02579638666932848,-0.0687962719115127,-0.06880109593275947,-0.02263890688293202
-0.024242820509517777,-0.024240994005254955,-0.024238263622063837,-0.02579638666932848,-0.0687962719115127,-0.06880109593275947,-0.02263890688293202
-0.024242820509517777,-0.02424069554917577,-0.024238485951762267,-0.02579638666932848,-0.0687962719115127,-0.06880109593275947,-0.02263890688293202
-0.024242820509517777,-0.024240858540763126,-0.024238433716637052,-0.02579638666932848,-0.0687962719115127,-0.06880109593275947,-0.02263890688293202
-0.024242820509517777,-0.024240630926788128,-0.024239041897558704,-0.02579638666932848,-0.0687962719115127,-0.06880109593275947,-0.02263890688293202
-0.024242820509517777,-0.024240781924838282,-0.02424001853276217,-0.02579638666932848,-0.0687962719115127,-0.06880109593275947,-0.02263890688293202
-0.02424280570526556,-0.024240693518483427,-0.024239303633081372,-0.02579638666932848,-0.0687962719115127,-0.06880109593275947,-0.02263890688293202
-0.02424279631159293,-0.02424074291759529,-0.024239134721483334,-0.02579638666932848,-0.0687962719115127,-0.06880109593275947,-0.02263890688293202
-0.02424279631159293,-0.02424067288194555,-0.0242383411995553,-0.02579638666932848,-0.0687962719115127,-0.06880109593275947,-0.02263890688293202
-0.02424279631159293,-0.02424048446471252,-0.024239204253404832,-0.02579638666932848,-0.0687962719115127,-0.06880109593275947,-0.02263890688293202
-0.02424279631159293,-0.024240578650548333,-0.024239714506754995,-0.02579638666932848,-0.0687962719115127,-0.06880109593275947,-0.02263890688293202
-0.02424279631159293,-0.02424057605234982,-0.024239454977796258,-0.02579638666932848,-0.0687962719115127,-0.06880109593275947,-0.02263890688293202
-0.02424279631159293,-0.024240307001038196,-0.02423888973102064,-0.02579638666932848,-0.0687962719115127,-0.06880109593275947,-0.02263890688293202
-0.02424279631159293,-0.024240117194306493,-0.02423899673983157,-0.02579638666932848,-0.0687962719115127,-0.06880109593275947,-0.02263890688293202
-0.024243105979928868,-0.024240115402866774,-0.02423932574953011,-0.02579638666932848,-0.0687962719115127,-0.06880109593275947,-0.02263890688293202
-0.024243105979928868,-0.024240209118439077,-0.024239508894538943,-0.02579638666932848,-0.0687962719115127,-0.06880109593275947,-0.02263890688293202
-0.024243105979928868,-0.024240352219077093,-0.024239205589467145,-0.02579638666932848,-0.0687962719115127,-0.06880109593275947,-0.02263890688293202
-0.024243105979928868,-0.024240304256004087,-0.02423934292613201,-0.02579638666932848,-0.0687962719115127,-0.06880109593275947,-0.02263890688293202
-0.024243105979928868,-0.024240027228571354,-0.024239129665777688,-0.02579638666932848,-0.0687962719115127,-0.06880109593275947,-0.02263890688293202
-0.024243105979928868,-0.024240242773373437,-0.024238805072962784,-0.02579638666932848,-0.0687962719115127,-0.06880109593275947,-0.02263890688293202
-0.024243105979928868,-0.024239762912095713,-0.02423945678708095,-0.02579638666932848,-0.0687962719115127,-0.06880109593275947,-0.02263890688293202
-0.024243105979928868,-0.024239258434406406,-0.024239808374163643,-0.02579638666932848,-0.0687962719115127,-0.06880109593275947,-0.02263890688293202
-0.024243226161670323,-0.024239369278189055,-0.02423976832778361,-0.02579638666932848,-0.0687962719115127,-0.06880109593275947,-0.02263890688293202
-0.024243226161670323,-0.024239927048565986,-0.024239904753466494,-0.02579638666932848,-0.0687962719115127,-0.06880109593275947,-0.02263890688293202
-0.024243438930583096,-0.02423961345507601,-0.02423961963987149,-0.02579638666932848,-0.0687962719115127,-0.06880109593275947,-0.02263890688293202
-0.02424368451382015,-0.024240098039644623,-0.024239924593440085,-0.025799352345648573,-0.0687962719115127,-0.06880109593275947,-0.02263890688293202
-0.02424384759259621,-0.024239696285419707,-0.024240152796176407,-0.025799352345648573,-0.0687962719115127,-0.06880109593275947,-0.02263890688293202
-0.02424384759259621,-0.024239993890791865,-0.02424002473726165,-0.025799352345648573,-0.0687962719115127,-0.06880109593275947,-0.02263890688293202
-0.02424384759259621,-0.02424011722183773,-0.024240130505807776,-0.025799352345648573,-0.0687962719115127,-0.06880109593275947,-0.02263890688293202
-0.024243921665762374,-0.02423981222219052,-0.024240039257267674,-0.025799352345648573,-0.0687962719115127,-0.06880109593275947,-0.02263890688293202
-0.024243992811477273,-0.02423941375274488,-0.02424022322729584,-0.025799352345648573,-0.0687962719115127,-0.06880109593275947,-0.02263890688293202
-0.02424423817641282,-0.024240124975921484,-0.024240146054783616,-0.025799352345648573,-0.0687962719115127,-0.06880109593275947,-0.02263890688293202
-0.02424423817641282,-0.024239884299444663,-0.02424027527405661,-0.025799352345648573,-0.0687962719115127,-0.06880109593275947,-0.02263890688293202
-0.02424448349102742,-0.024240142531282562,-0.024240377443804806,-0.025799352345648573,-0.0687962719115127,-0.06880109593275947,-0.02263890688293202
-0.02424448349102742,-0.024240701135119006,-0.0242407465140257,-0.025799352345648573,-0.0687962719115127,-0.06880109593275947,-0.02263890688293202
-0.02424448349102742,-0.02424057296170457,-0.024240556567779455,-0.025799352345648573,-0.0687962719115127,-0.06880109593275947,-0.02263890688293202
-0.02424448349102742,-0.024240461500125095,-0.024240743995533668,-0.025799352345648573,-0.0687962719115127,-0.06880109593275947,-0.02263890688293202
-0.02424448349102742,-0.024240275984736052,-0.024240721072837004,-0.025799352345648573,-0.0687962719115127,-0.06880109593275947,-0.02263890688293202
-0.024244646387557005,-0.024240554336064604,-0.024240405300433553,-0.025799352345648573,-0.0687962719115127,-0.06880109593275947,-0.02263890688293202
-0.024244727802600514,-0.02424073201891441,-0.02423997860782275,-0.025799352345648573,-0.0687962719115127,-0.06880109593275947,-0.02263890688293202
-0.024245053489914046,-0.024240884539304043,-0.02424012462550698,-0.025799352345648573,-0.0687962719115127,-0.06880109593275947,-0.02263890688293202
-0.024245053489914046,-0.024241042393333943,-0.024240368185311358,-0.025799352345648573,-0.0687962719115127,-0.06880109593275947,-0.02263890688293202
-0.024245053489914046,-0.02424096565210436,-0.024240689266054598,-0.025799352345648573,-0.0687962719115127,-0.06880109593275947,-0.02263890688293202
-0.024245110932048775,-0.024240776195406644,-0.024240649656879443,-0.025799352345648573,-0.0687962719115127,-0.06880109593275947,-0.02263890688293202
-0.024245110932048775,-0.02424075762650303,-0.024240231070810594,-0.025799352345648573,-0.0687962719115127,-0.06880109593275947,-0.02263890688293202
-0.024245110932048775,-0.02424055392716543,-0.02423982516120228,-0.025799352345648573,-0.0687962719115127,-0.06880109593275947,-0.02263890688293202
-0.024245110932048775,-0.024240826190671198,-0.02424086130044446,-0.025799352345648573,-0.0687962719115127,-0.06880109593275947,-0.02263890688293202
-0.024245110932048775,-0.024241069159285006,-0.024240402440228303,-0.025799352345648573,-0.0687962719115127,-0.06880109593275947,-0.02263890688293202
-0.024245110932048775,-0.024241018865095238,-0.02424090012343111,-0.025799352345648573,-0.0687962719115127,-0.06880109593275947,-0.02263890688293202
-0.024245018840489713,-0.024241329308895946,-0.024241315722999823,-0.025799352345648573,-0.0687962719115127,-0.06880109593275947,-0.02263890688293202
-0.024245018840489713,-0.024241182845968365,-0.024241330652739344,-0.025799352345648573,-0.0687962719115127,-0.06880109593275947,-0.02263890688293202
-0.024245018840489713,-0.024240996314061757,-0.024241057105592077,-0.025799352345648573,-0.0687962719115127,-0.06880109593275947,-0.02263890688293202
-0.024245263924262773,-0.024241162209033034,-0.02424125554526666,-0.025799352345648573,-0.0687962719115127,-0.06880109593275947,-0.02263890688293202
-0.02424558942314809,-0.024241091221544032,-0.02424107364109379,-0.025799352345648573,-0.0687962719115127,-0.06880109593275947,-0.02263890688293202
-0.02424558942314809,-0.02424065487856913,-0.024241236100686084,-0.025799352345648573,-0.0687962719115127,-0.06880109593275947,-0.02263890688293202
-0.024245584644276497,-0.024240465706516817,-0.02424099474673757,-0.025799352345648573,-0.0687962719115127,-0.06880109593275947,-0.02263890688293202
-0.024245584644276497,-0.024241069104417763,-0.02424106487500382,-0.025799352345648573,-0.0687962719115127,-0.06880109593275947,-0.02263890688293202
-0.024245584644276497,-0.02424083866674891,-0.02424097730500696,-0.025799352345648573,-0.0687962719115127,-0.06880109593275947,-0.02263890688293202
-0.024245584644276497,-0.02424040433478085,-0.024241034767843762,-0.025799352345648573,-0.0687962719115127,-0.06880109593275947,-0.02263890688293202
-0.024245584644276497,-0.02424132117505029,-0.02424115259911782,-0.025799352345648573,-0.0687962719115127,-0.06880109593275947,-0.02263890688293202
-0.024245584644276497,-0.024241433389225565,-0.024240850456227585,-0.025799352345648573,-0.0687962719115127,-0.06880109593275947,-0.02263890688293202
-0.024245584644276497,-0.024241568043081675,-0.024241573515056347,-0.025799352345648573,-0.0687962719115127,-0.06880109593275947,-0.02263890688293202
-0.024245584644276497,-0.02424201176026471,-0.024242078469002285,-0.025799352345648573,-0.0687962719115127,-0.06880109593275947,-0.02263890688293202
-0.02424556355382742,-0.024241924059239785,-0.024242079292178243,-0.025799352345648573,-0.0687962719115127,-0.06880109593275947,-0.02263890688293202
-0.02424556355382742,-0.02424229424397601,-0.024242291779620978,-0.025799352345648573,-0.0687962719115127,-0.06880109593275947,-0.02263890688293202
-0.024245726012000562,-0.02424271942625401,-0.02424272033945266,-0.025799352345648573,-0.0687962719115127,-0.06880109593275947,-0.02263890688293202
-0.024245726012000562,-0.024242142168434656,-0.024242420132136403,-0.025799352345648573,-0.0687962719115127,-0.06880109593275947,-0.02263890688293202
-0.024245726012000562,-0.02424174832367146,-0.024242318706993927,-0.025799352345648573,-0.0687962719115127,-0.06880109593275947,-0.02263890688293202
-0.024245726012000562,-0.02424148899972848,-0.024242465737718377,-0.025799352345648573,-0.0687962719115127,-0.06880109593275947,-0.02263890688293202
-0.02424612285365967,-0.024241456265437215,-0.02424253432673218,-0.025799352345648573,-0.0687962719115127,-0.06880109593275947,-0.02263890688293202
-0.024246367588079354,-0.02424158513979391,-0.024242544131005295,-0.025903676814433074,-0.0687962719115127,-0.06880109593275947,-0.02263890688293202
-0.024246982350160345,-0.024242163269798653,-0.02424216157446031,-0.025903676814433074,-0.0687962719115127,-0.06880109593275947,-0.02263890688293202
-0.024246982350160345,-0.024242385011513524,-0.02424248302350349,-0.025903676814433074,-0.0687962719115127,-0.06880109593275947,-0.02263890688293202
-0.024246890170721375,-0.02424185515652208,-0.024242479112388676,-0.025903676814433074,-0.0687962719115127,-0.06880109593275947,-0.02263890688293202
-0.024246890170721375,-0.024242558559847718,-0.02424255795194866,-0.025903676814433074,-0.0687962719115127,-0.06880109593275947,-0.02263890688293202
-0.024246890170721375,-0.024242910262928147,-0.024242897821132148,-0.025903676814433074,-0.0687962719115127,-0.06880109593275947,-0.02263890688293202
-0.024246890170721375,-0.02424295485764113,-0.024242980585841227,-0.025903676814433074,-0.0687962719115127,-0.06880109593275947,-0.02263890688293202
-0.024246890170721375,-0.024243042164790583,-0.024243122868435548,-0.025903676814433074,-0.0687962719115127,-0.06880109593275947,-0.02263890688293202
-0.024246890170721375,-0.02424314828196096,-0.02424262205131592,-0.025903676814433074,-0.0687962719115127,-0.06880109593275947,-0.02263890688293202
-0.024246890170721375,-0.024243179640438216,-0.024242890815384992,-0.025903676814433074,-0.0687962719115127,-0.06880109593275947,-0.02263890688293202
-0.024246890170721375,-0.024243030684554627,-0.02424316516561816,-0.025903676814433074,-0.0687962719115127,-0.06880109593275947,-0.02263890688293202
-0.024246890170721375,-0.02424296765119872,-0.024243260082772347,-0.025903676814433074,-0.0687962719115127,-0.06880109593275947,-0.02263890688293202
-0.024246890170721375,-0.024243489790974425,-0.024243427354372817,-0.025903676814433074,-0.0687962719115127,-0.06880109593275947,-0.02263890688293202
-0.024246890170721375,-0.024243327491096894,-0.024243016010407025,-0.025903676814433074,-0.0687962719115127,-0.06880109593275947,-0.02263890688293202
-0.024246890170721375,-0.02424315534255879,-0.024243045496856342,-0.025903676814433074,-0.0687962719115127,-0.06880109593275947,-0.02263890688293202
-0.024246890170721375,-0.024243142465257543,-0.024242272765370162,-0.025903676814433074,-0.0687962719115127,-0.06880109593275947,-0.02263890688293202
-0.024246890170721375,-0.02424326287209402,-0.024242217592367298,-0.025903676814433074,-0.0687962719115127,-0.06880109593275947,-0.02263890688293202
-0.024246890170721375,-0.02424338764219772,-0.024242054157860467,-0.025903676814433074,-0.0687962719115127,-0.06880109593275947,-0.02263890688293202
-0.02424553680049431,-0.024243315761208743,-0.02424169075417375,-0.025903676814433074,-0.0687962719115127,-0.06880109593275947,-0.02263890688293202
-0.02424553680049431,-0.024243060680744923,-0.024242063215551533,-0.025903676814433074,-0.0687962719115127,-0.06880109593275947,-0.02263890688293202
-0.02424553680049431,-0.024243142250191134,-0.024242166224999293,-0.025903676814433074,-0.0687962719115127,-0.06880109593275947,-0.02263890688293202
-0.024245781505181398,-0.024243019354383426,-0.024241987262229033,-0.025903676814433074,-0.0687962719115127,-0.06880109593275947,-0.02263890688293202
-0.024245853151583757,-0.0242425658122127,-0.024242565337851487,-0.025903676814433074,-0.0687962719115127,-0.06880109593275947,-0.02263890688293202
-0.024245853151583757,-0.024242740275886823,-0.0242426185245958,-0.025903676814433074,-0.0687962719115127,-0.06880109593275947,-0.02263890688293202
-0.024245853151583757,-0.024242231647428693,-0.024242532035493324,-0.025903676814433074,-0.0687962719115127,-0.06880109593275947,-0.02263890688293202
-0.024246015574605602,-0.02424263907234191,-0.02424265104490718,-0.025903676814433074,-0.0687962719115127,-0.06880109593275947,-0.02263890688293202
-0.024246015574605602,-0.02424276845386293,-0.024242564296181858,-0.025903676814433074,-0.0687962719115127,-0.06880109593275947,-0.02263890688293202
-0.024246177964391713,-0.024242822187181694,-0.024242813930491044,-0.025903676814433074,-0.0687962719115127,-0.06880109593275947,-0.02263890688293202
-0.024246177964391713,-0.024242717298582326,-0.024242102705693616,-0.025903676814433074,-0.0687962719115127,-0.06880109593275947,-0.02263890688293202
-0.024244661221924507,-0.024242638233692358,-0.024242514832911406,-0.025903676814433074,-0.0687962719115127,-0.06880109593275947,-0.02263890688293202
-0.024244661221924507,-0.024242723588996408,-0.02424256145949206,-0.025903676814433074,-0.0687962719115127,-0.06880109593275947,-0.02263890688293202
-0.02424467240775642,-0.024242961843039,-0.024242969254678025,-0.025903676814433074,-0.0687962719115127,-0.06880109593275947,-0.02263890688293202
-0.02424467240775642,-0.02424325932649328,-0.024243019749741492,-0.025903676814433074,-0.0687962719115127,-0.06880109593275947,-0.02263890688293202
-0.024244941476579185,-0.024243242976027757,-0.024243262261488624,-0.025903676814433074,-0.0687962719115127,-0.06880109593275947,-0.02263890688293202
-0.024244941476579185,-0.024243132981285147,-0.02424323715373225,-0.025903676814433074,-0.0687962719115127,-0.06880109593275947,-0.02263890688293202
-0.024245013150267575,-0.02424334657778631,-0.024243346740212623,-0.025903676814433074,-0.0687962719115127,-0.06880109593275947,-0.02263890688293202
-0.024245013150267575,-0.024242946346976418,-0.024243357604351586,-0.025903676814433074,-0.0687962719115127,-0.06880109593275947,-0.02263890688293202
-0.024245013150267575,-0.024242733698602727,-0.02424298447217592,-0.025903676814433074,-0.0687962719115127,-0.06880109593275947,-0.02263890688293202
-0.024245013150267575,-0.02424286428883832,-0.0242431074310802,-0.025903676814433074,-0.0687962719115127,-0.06880109593275947,-0.02263890688293202
-0.024245013150267575,-0.024242863737798583,-0.024242880805654524,-0.025903676814433074,-0.0687962719115127,-0.06880109593275947,-0.02263890688293202
-0.024245013150267575,-0.024242580159405204,-0.024242632967433418,-0.025903676814433074,-0.0687962719115127,-0.06880109593275947,-0.02263890688293202
-0.024245013150267575,-0.02424246870257852,-0.02424271110805817,-0.025903676814433074,-0.0687962719115127,-0.06880109593275947,-0.02263890688293202
-0.024245013150267575,-0.024242581877535505,-0.024242854514344103,-0.025903676814433074,-0.0687962719115127,-0.06880109593275947,-0.02263890688293202
-0.0242452576228211,-0.024242966019736616,-0.024242729583236398,-0.025903676814433074,-0.0687962719115127,-0.06880109593275947,-0.02263890688293202
-0.024245419957284527,-0.024243070262041543,-0.024242867791924163,-0.025903676814433074,-0.0687962719115127,-0.06880109593275947,-0.02263890688293202
-0.024245419957284527,-0.02424282306070246,-0.0242431525238682,-0.025903676814433074,-0.0687962719115127,-0.06880109593275947,-0.02263890688293202
-0.024245709304013614,-0.02424294080338754,-0.024243220640353693,-0.025903676814433074,-0.0687962719115127,-0.06880109593275947,-0.02263890688293202
-0.024245709304013614,-0.024243268146168815,-0.024243254471533533,-0.025903676814433074,-0.0687962719115127,-0.06880109593275947,-0.02263890688293202
-0.024245709304013614,-0.024243401357659313,-0.02424312975244655,-0.025903676814433074,-0.0687962719115127,-0.06880109593275947,-0.02263890688293202
-0.024246647383679383,-0.02424331945694758,-0.024243031539521075,-0.025903676814433074,-0.0687962719115127,-0.06880109593275947,-0.02263890688293202
-0.024246647383679383,-0.02424342882980953,-0.02424327641457599,-0.025903676814433074,-0.0687962719115127,-0.06880109593275947,-0.02263890688293202
-0.024246647383679383,-0.02424319231152874,-0.02424333286980657,-0.025903676814433074,-0.0687962719115127,-0.06880109593275947,-0.02263890688293202
-0.024246647383679383,-0.024243386271294583,-0.024243394863854763,-0.025903676814433074,-0.0687962719115127,-0.06880109593275947,-0.02263890688293202
-0.024246647383679383,-0.024243017337465242,-0.024243380221919138,-0.025903676814433074,-0.0687962719115127,-0.06880109593275947,-0.02263890688293202
-0.024246647383679383,-0.02424320433277526,-0.024243305560786032,-0.025903676814433074,-0.0687962719115127,-0.06880109593275947,-0.02263890688293202
-0.024246647383679383,-0.024243742320804916,-0.024243726826329262,-0.025903676814433074,-0.0687962719115127,-0.06880109593275947,-0.02263890688293202
-0.02424513258309916,-0.024244132074685506,-0.024244040529551848,-0.025903676814433074,-0.0687962719115127,-0.06880109593275947,-0.02263890688293202
-0.02424434551602064,-0.02424428350774358,-0.024244299228161428,-0.025903676814433074,-0.0687962719115127,-0.06880109593275947,-0.02263890688293202
-0.02424502154377127,-0.02424439863346215,-0.024244418381508755,-0.025903676814433074,-0.0687962719115127,-0.06880109593275947,-0.02263890688293202
-0.02424502154377127,-0.024244500332880222,-0.024244375280188392,-0.025903676814433074,-0.0687962719115127,-0.06880109593275947,-0.02263890688293202
-0.024245260802247946,-0.024244646715170855,-0.024244229849241156,-0.025903676814433074,-0.0687962719115127,-0.06880109593275947,-0.02263890688293202
-0.024245260802247946,-0.024244555071678796,-0.024244034558494946,-0.025903676814433074,-0.0687962719115127,-0.06880109593275947,-0.02263890688293202
-0.024245260802247946,-0.024244463028979774,-0.024244184481420933,-0.025903676814433074,-0.0687962719115127,-0.06880109593275947,-0.02263890688293202
-0.024245260802247946,-0.024244516889907947,-0.024244652166867314,-0.025903676814433074,-0.0687962719115127,-0.06880109593275947,-0.02263890688293202
-0.024245489077092012,-0.02424480456801448,-0.02424467556321415,-0.025903676814433074,-0.0687962719115127,-0.06880109593275947,-0.02263890688293202
-0.024245732877838412,-0.024244073225030034,-0.024244782056377683,-0.025903676814433074,-0.0687962719115127,-0.06880109593275947,-0.02263890688293202
-0.024244221528740725,-0.02424402403456255,-0.024244743902161327,-0.025903676814433074,-0.0687962719115127,-0.06880109593275947,-0.02263890688293202
-0.024244879089786484,-0.024243626811535954,-0.024244779301165267,-0.025903676814433074,-0.0687962719115127,-0.06880109593275947,-0.02263890688293202
-0.024244879089786484,-0.024243295941416693,-0.024244527444111427,-0.025903676814433074,-0.0687962719115127,-0.06880109593275947,-0.02263890688293202
-0.024244879089786484,-0.024242855650401185,-0.024244637546901322,-0.025903676814433074,-0.0687962719115127,-0.06880109593275947,-0.02263890688293202
-0.024244984785222183,-0.024243267604767853,-0.02424473081933875,-0.025903676814433074,-0.0687962719115127,-0.06880109593275947,-0.02263890688293202
-0.024244984785222183,-0.024243160405656244,-0.024244629818416578,-0.025903676814433074,-0.0687962719115127,-0.06880109593275947,-0.02263890688293202
-0.024244963871924742,-0.024244018943241488,-0.02424474675090711,-0.025903676814433074,-0.0687962719115127,-0.06880109593275947,-0.02263890688293202
-0.024244963871924742,-0.02424406285601192,-0.024244764599878094,-0.025903676814433074,-0.0687962719115127,-0.06880109593275947,-0.02263890688293202
-0.024245287443173013,-0.024244863042798392,-0.024244861804791976,-0.025903676814433074,-0.0687962719115127,-0.06880109593275947,-0.02263890688293202
