episode,reward,latency
0,-24.085780060369302,27.18626159103315
0,-24.085780060369302,27.18626159103315
0,-24.085780060369302,27.18626159103315
0,-24.085780060369302,27.18626159103315
0,-24.085780060369302,27.18626159103315
0,-24.085780060369302,27.18626159103315
0,-24.085780060369302,27.18626159103315
1,-24.393244131237115,27.67605433824473
1,-24.393244131237115,27.67605433824473
1,-24.393244131237115,27.67605433824473
1,-24.393244131237115,27.67605433824473
1,-24.393244131237115,27.67605433824473
1,-24.393244131237115,27.67605433824473
1,-24.393244131237115,27.67605433824473
2,-23.957464490021138,27.677474410610465
2,-23.957464490021138,27.677474410610465
2,-23.957464490021138,27.677474410610465
2,-23.957464490021138,27.677474410610465
2,-23.957464490021138,27.677474410610465
2,-23.957464490021138,27.677474410610465
2,-23.957464490021138,27.677474410610465
3,-23.954943499935553,27.44647634331239
3,-23.954943499935553,27.44647634331239
3,-23.954943499935553,27.44647634331239
3,-23.954943499935553,27.44647634331239
3,-23.954943499935553,27.44647634331239
3,-23.954943499935553,27.44647634331239
3,-23.954943499935553,27.44647634331239
4,-24.23561883013987,27.426334154594223
4,-24.23561883013987,27.426334154594223
4,-24.23561883013987,27.426334154594223
4,-24.23561883013987,27.426334154594223
4,-24.23561883013987,27.426334154594223
4,-24.23561883013987,27.426334154594223
4,-24.23561883013987,27.426334154594223
5,-23.14312495629219,28.00753044574669
5,-23.14312495629219,28.00753044574669
5,-23.14312495629219,28.00753044574669
5,-23.14312495629219,28.00753044574669
5,-23.14312495629219,28.00753044574669
5,-23.14312495629219,28.00753044574669
5,-23.14312495629219,28.00753044574669
6,-23.67093232612811,27.677158371022852
6,-23.67093232612811,27.677158371022852
6,-23.67093232612811,27.677158371022852
6,-23.67093232612811,27.677158371022852
6,-23.67093232612811,27.677158371022852
6,-23.67093232612811,27.677158371022852
6,-23.67093232612811,27.677158371022852
7,-23.796554148984484,27.991934332241897
7,-23.796554148984484,27.991934332241897
7,-23.796554148984484,27.991934332241897
7,-23.796554148984484,27.991934332241897
7,-23.796554148984484,27.991934332241897
7,-23.796554148984484,27.991934332241897
7,-23.796554148984484,27.991934332241897
8,-24.55071477780907,28.00390983009691
8,-24.55071477780907,28.00390983009691
8,-24.55071477780907,28.00390983009691
8,-24.55071477780907,28.00390983009691
8,-24.55071477780907,28.00390983009691
8,-24.55071477780907,28.00390983009691
8,-24.55071477780907,28.00390983009691
9,-24.174494104770883,28.01090186160109
9,-24.174494104770883,28.01090186160109
9,-24.174494104770883,28.01090186160109
9,-24.174494104770883,28.01090186160109
9,-24.174494104770883,28.01090186160109
9,-24.174494104770883,28.01090186160109
9,-24.174494104770883,28.01090186160109
10,-24.142668431295856,27.431864657975552
10,-24.142668431295856,27.431864657975552
10,-24.142668431295856,27.431864657975552
10,-24.142668431295856,27.431864657975552
10,-24.142668431295856,27.431864657975552
10,-24.142668431295856,27.431864657975552
10,-24.142668431295856,27.431864657975552
11,-24.279759919047336,26.669411100015097
11,-24.279759919047336,26.669411100015097
11,-24.279759919047336,26.669411100015097
11,-24.279759919047336,26.669411100015097
11,-24.279759919047336,26.669411100015097
11,-24.279759919047336,26.669411100015097
11,-24.279759919047336,26.669411100015097
12,-23.904345284100227,27.875787215568657
12,-23.904345284100227,27.875787215568657
12,-23.904345284100227,27.875787215568657
12,-23.904345284100227,27.875787215568657
12,-23.904345284100227,27.875787215568657
12,-23.904345284100227,27.875787215568657
12,-23.904345284100227,27.875787215568657
13,-24.10325009354584,27.87832224164111
13,-24.10325009354584,27.87832224164111
13,-24.10325009354584,27.87832224164111
13,-24.10325009354584,27.87832224164111
13,-24.10325009354584,27.87832224164111
13,-24.10325009354584,27.87832224164111
13,-24.10325009354584,27.87832224164111
14,-24.177877738408,28.00753044574669
14,-24.177877738408,28.00753044574669
14,-24.177877738408,28.00753044574669
14,-24.177877738408,28.00753044574669
14,-24.177877738408,28.00753044574669
14,-24.177877738408,28.00753044574669
14,-24.177877738408,28.00753044574669
15,-23.69355776176068,28.025173688248934
15,-23.69355776176068,28.025173688248934
15,-23.69355776176068,28.025173688248934
15,-23.69355776176068,28.025173688248934
15,-23.69355776176068,28.025173688248934
15,-23.69355776176068,28.025173688248934
15,-23.69355776176068,28.025173688248934
16,-23.161558851957878,27.42636121707844
16,-23.161558851957878,27.42636121707844
16,-23.161558851957878,27.42636121707844
16,-23.161558851957878,27.42636121707844
16,-23.161558851957878,27.42636121707844
16,-23.161558851957878,27.42636121707844
16,-23.161558851957878,27.42636121707844
17,-24.742757784838727,28.00390983009691
17,-24.742757784838727,28.00390983009691
17,-24.742757784838727,28.00390983009691
17,-24.742757784838727,28.00390983009691
17,-24.742757784838727,28.00390983009691
17,-24.742757784838727,28.00390983009691
17,-24.742757784838727,28.00390983009691
18,-23.99416961512774,26.651814762669595
18,-23.99416961512774,26.651814762669595
18,-23.99416961512774,26.651814762669595
18,-23.99416961512774,26.651814762669595
18,-23.99416961512774,26.651814762669595
18,-23.99416961512774,26.651814762669595
18,-23.99416961512774,26.651814762669595
19,-24.431223281283028,28.025173688248934
19,-24.431223281283028,28.025173688248934
19,-24.431223281283028,28.025173688248934
19,-24.431223281283028,28.025173688248934
19,-24.431223281283028,28.025173688248934
19,-24.431223281283028,28.025173688248934
19,-24.431223281283028,28.025173688248934
20,-24.234806245910754,27.875643055703527
20,-24.234806245910754,27.875643055703527
20,-24.234806245910754,27.875643055703527
20,-24.234806245910754,27.875643055703527
20,-24.234806245910754,27.875643055703527
20,-24.234806245910754,27.875643055703527
20,-24.234806245910754,27.875643055703527
21,-25.00639094290598,27.8797147127085
21,-25.00639094290598,27.8797147127085
21,-25.00639094290598,27.8797147127085
21,-25.00639094290598,27.8797147127085
21,-25.00639094290598,27.8797147127085
21,-25.00639094290598,27.8797147127085
21,-25.00639094290598,27.8797147127085
22,-24.074528385863122,27.402196443597017
22,-24.074528385863122,27.402196443597017
22,-24.074528385863122,27.402196443597017
22,-24.074528385863122,27.402196443597017
22,-24.074528385863122,27.402196443597017
22,-24.074528385863122,27.402196443597017
22,-24.074528385863122,27.402196443597017
23,-24.492198793121755,27.678536602140245
23,-24.492198793121755,27.678536602140245
23,-24.492198793121755,27.678536602140245
23,-24.492198793121755,27.678536602140245
23,-24.492198793121755,27.678536602140245
23,-24.492198793121755,27.678536602140245
23,-24.492198793121755,27.678536602140245
24,-24.490089659227557,27.678536602140245
24,-24.490089659227557,27.678536602140245
24,-24.490089659227557,27.678536602140245
24,-24.490089659227557,27.678536602140245
24,-24.490089659227557,27.678536602140245
24,-24.490089659227557,27.678536602140245
24,-24.490089659227557,27.678536602140245
25,-22.999547868913023,27.191962858894655
25,-22.999547868913023,27.191962858894655
25,-22.999547868913023,27.191962858894655
25,-22.999547868913023,27.191962858894655
25,-22.999547868913023,27.191962858894655
25,-22.999547868913023,27.191962858894655
25,-22.999547868913023,27.191962858894655
26,-25.046119123621693,27.86590990961404
26,-25.046119123621693,27.86590990961404
26,-25.046119123621693,27.86590990961404
26,-25.046119123621693,27.86590990961404
26,-25.046119123621693,27.86590990961404
26,-25.046119123621693,27.86590990961404
26,-25.046119123621693,27.86590990961404
27,-24.073224984854875,26.650372944075052
27,-24.073224984854875,26.650372944075052
27,-24.073224984854875,26.650372944075052
27,-24.073224984854875,26.650372944075052
27,-24.073224984854875,26.650372944075052
27,-24.073224984854875,26.650372944075052
27,-24.073224984854875,26.650372944075052
28,-24.20087335759134,27.424343893715612
28,-24.20087335759134,27.424343893715612
28,-24.20087335759134,27.424343893715612
28,-24.20087335759134,27.424343893715612
28,-24.20087335759134,27.424343893715612
28,-24.20087335759134,27.424343893715612
28,-24.20087335759134,27.424343893715612
29,-25.01121609764513,29.888676983214843
29,-25.01121609764513,29.888676983214843
29,-25.01121609764513,29.888676983214843
29,-25.01121609764513,29.888676983214843
29,-25.01121609764513,29.888676983214843
29,-25.01121609764513,29.888676983214843
29,-25.01121609764513,29.888676983214843
30,-24.562256218116254,27.700075853420817
30,-24.562256218116254,27.700075853420817
30,-24.562256218116254,27.700075853420817
30,-24.562256218116254,27.700075853420817
30,-24.562256218116254,27.700075853420817
30,-24.562256218116254,27.700075853420817
30,-24.562256218116254,27.700075853420817
31,-24.67231500986796,27.897289667111966
31,-24.67231500986796,27.897289667111966
31,-24.67231500986796,27.897289667111966
31,-24.67231500986796,27.897289667111966
31,-24.67231500986796,27.897289667111966
31,-24.67231500986796,27.897289667111966
31,-24.67231500986796,27.897289667111966
32,-24.192994495193137,28.028794303898714
32,-24.192994495193137,28.028794303898714
32,-24.192994495193137,28.028794303898714
32,-24.192994495193137,28.028794303898714
32,-24.192994495193137,28.028794303898714
32,-24.192994495193137,28.028794303898714
32,-24.192994495193137,28.028794303898714
33,-24.968156866195358,27.894610585062722
33,-24.968156866195358,27.894610585062722
33,-24.968156866195358,27.894610585062722
33,-24.968156866195358,27.894610585062722
33,-24.968156866195358,27.894610585062722
33,-24.968156866195358,27.894610585062722
33,-24.968156866195358,27.894610585062722
34,-23.006930473656112,27.4472107617844
34,-23.006930473656112,27.4472107617844
34,-23.006930473656112,27.4472107617844
34,-23.006930473656112,27.4472107617844
34,-23.006930473656112,27.4472107617844
34,-23.006930473656112,27.4472107617844
34,-23.006930473656112,27.4472107617844
35,-23.106691329624827,27.674322788174255
35,-23.106691329624827,27.674322788174255
35,-23.106691329624827,27.674322788174255
35,-23.106691329624827,27.674322788174255
35,-23.106691329624827,27.674322788174255
35,-23.106691329624827,27.674322788174255
35,-23.106691329624827,27.674322788174255
36,-24.536002973240862,28.01452247725087
36,-24.536002973240862,28.01452247725087
36,-24.536002973240862,28.01452247725087
36,-24.536002973240862,28.01452247725087
36,-24.536002973240862,28.01452247725087
36,-24.536002973240862,28.01452247725087
36,-24.536002973240862,28.01452247725087
37,-23.958877948311933,28.025173688248934
37,-23.958877948311933,28.025173688248934
37,-23.958877948311933,28.025173688248934
37,-23.958877948311933,28.025173688248934
37,-23.958877948311933,28.025173688248934
37,-23.958877948311933,28.025173688248934
37,-23.958877948311933,28.025173688248934
38,-24.544597583916115,28.327725123889593
38,-24.544597583916115,28.327725123889593
38,-24.544597583916115,28.327725123889593
38,-24.544597583916115,28.327725123889593
38,-24.544597583916115,28.327725123889593
38,-24.544597583916115,28.327725123889593
38,-24.544597583916115,28.327725123889593
39,-24.084366552357338,27.42636121707844
39,-24.084366552357338,27.42636121707844
39,-24.084366552357338,27.42636121707844
39,-24.084366552357338,27.42636121707844
39,-24.084366552357338,27.42636121707844
39,-24.084366552357338,27.42636121707844
39,-24.084366552357338,27.42636121707844
40,-23.61565429914409,27.19078819953568
40,-23.61565429914409,27.19078819953568
40,-23.61565429914409,27.19078819953568
40,-23.61565429914409,27.19078819953568
40,-23.61565429914409,27.19078819953568
40,-23.61565429914409,27.19078819953568
40,-23.61565429914409,27.19078819953568
41,-23.988115801134374,27.992078492107026
41,-23.988115801134374,27.992078492107026
41,-23.988115801134374,27.992078492107026
41,-23.988115801134374,27.992078492107026
41,-23.988115801134374,27.992078492107026
41,-23.988115801134374,27.992078492107026
41,-23.988115801134374,27.992078492107026
42,-24.38944458831965,28.00390983009691
42,-24.38944458831965,28.00390983009691
42,-24.38944458831965,28.00390983009691
42,-24.38944458831965,28.00390983009691
42,-24.38944458831965,28.00390983009691
42,-24.38944458831965,28.00390983009691
42,-24.38944458831965,28.00390983009691
43,-24.69414310237854,27.26405038263009
43,-24.69414310237854,27.26405038263009
43,-24.69414310237854,27.26405038263009
43,-24.69414310237854,27.26405038263009
43,-24.69414310237854,27.26405038263009
43,-24.69414310237854,27.26405038263009
43,-24.69414310237854,27.26405038263009
44,-24.052637856470625,27.875572429122677
44,-24.052637856470625,27.875572429122677
44,-24.052637856470625,27.875572429122677
44,-24.052637856470625,27.875572429122677
44,-24.052637856470625,27.875572429122677
44,-24.052637856470625,27.875572429122677
44,-24.052637856470625,27.875572429122677
45,-24.53515084384024,27.37810612900126
45,-24.53515084384024,27.37810612900126
45,-24.53515084384024,27.37810612900126
45,-24.53515084384024,27.37810612900126
45,-24.53515084384024,27.37810612900126
45,-24.53515084384024,27.37810612900126
45,-24.53515084384024,27.37810612900126
46,-24.215405761571507,27.294297961535456
46,-24.215405761571507,27.294297961535456
46,-24.215405761571507,27.294297961535456
46,-24.215405761571507,27.294297961535456
46,-24.215405761571507,27.294297961535456
46,-24.215405761571507,27.294297961535456
46,-24.215405761571507,27.294297961535456
47,-23.939299045525857,27.875643055703527
47,-23.939299045525857,27.875643055703527
47,-23.939299045525857,27.875643055703527
47,-23.939299045525857,27.875643055703527
47,-23.939299045525857,27.875643055703527
47,-23.939299045525857,27.875643055703527
47,-23.939299045525857,27.875643055703527
48,-24.56820928523156,27.3800500724738
48,-24.56820928523156,27.3800500724738
48,-24.56820928523156,27.3800500724738
48,-24.56820928523156,27.3800500724738
48,-24.56820928523156,27.3800500724738
48,-24.56820928523156,27.3800500724738
48,-24.56820928523156,27.3800500724738
49,-23.47094428925642,27.67763186827697
49,-23.47094428925642,27.67763186827697
49,-23.47094428925642,27.67763186827697
49,-23.47094428925642,27.67763186827697
49,-23.47094428925642,27.67763186827697
49,-23.47094428925642,27.67763186827697
49,-23.47094428925642,27.67763186827697
50,-24.142648240306986,27.8982312007125
50,-24.142648240306986,27.8982312007125
50,-24.142648240306986,27.8982312007125
50,-24.142648240306986,27.8982312007125
50,-24.142648240306986,27.8982312007125
50,-24.142648240306986,27.8982312007125
50,-24.142648240306986,27.8982312007125
51,-24.224976563693694,28.00390972620857
51,-24.224976563693694,28.00390972620857
51,-24.224976563693694,28.00390972620857
51,-24.224976563693694,28.00390972620857
51,-24.224976563693694,28.00390972620857
51,-24.224976563693694,28.00390972620857
51,-24.224976563693694,28.00390972620857
52,-23.898805564712397,27.286182728338527
52,-23.898805564712397,27.286182728338527
52,-23.898805564712397,27.286182728338527
52,-23.898805564712397,27.286182728338527
52,-23.898805564712397,27.286182728338527
52,-23.898805564712397,27.286182728338527
52,-23.898805564712397,27.286182728338527
53,-23.668914714581536,27.42433258542966
53,-23.668914714581536,27.42433258542966
53,-23.668914714581536,27.42433258542966
53,-23.668914714581536,27.42433258542966
53,-23.668914714581536,27.42433258542966
53,-23.668914714581536,27.42433258542966
53,-23.668914714581536,27.42433258542966
54,-24.095535165324566,27.676081400728947
54,-24.095535165324566,27.676081400728947
54,-24.095535165324566,27.676081400728947
54,-24.095535165324566,27.676081400728947
54,-24.095535165324566,27.676081400728947
54,-24.095535165324566,27.676081400728947
54,-24.095535165324566,27.676081400728947
55,-24.887644879329386,27.78599426183429
55,-24.887644879329386,27.78599426183429
55,-24.887644879329386,27.78599426183429
55,-24.887644879329386,27.78599426183429
55,-24.887644879329386,27.78599426183429
55,-24.887644879329386,27.78599426183429
55,-24.887644879329386,27.78599426183429
56,-23.902877641488818,27.898752764760204
56,-23.902877641488818,27.898752764760204
56,-23.902877641488818,27.898752764760204
56,-23.902877641488818,27.898752764760204
56,-23.902877641488818,27.898752764760204
56,-23.902877641488818,27.898752764760204
56,-23.902877641488818,27.898752764760204
57,-24.519035502800197,28.028794303898714
57,-24.519035502800197,28.028794303898714
57,-24.519035502800197,28.028794303898714
57,-24.519035502800197,28.028794303898714
57,-24.519035502800197,28.028794303898714
57,-24.519035502800197,28.028794303898714
57,-24.519035502800197,28.028794303898714
58,-24.28627923228919,27.07609900793173
58,-24.28627923228919,27.07609900793173
58,-24.28627923228919,27.07609900793173
58,-24.28627923228919,27.07609900793173
58,-24.28627923228919,27.07609900793173
58,-24.28627923228919,27.07609900793173
58,-24.28627923228919,27.07609900793173
59,-24.174289396865436,27.894610585062722
59,-24.174289396865436,27.894610585062722
59,-24.174289396865436,27.894610585062722
59,-24.174289396865436,27.894610585062722
59,-24.174289396865436,27.894610585062722
59,-24.174289396865436,27.894610585062722
59,-24.174289396865436,27.894610585062722
60,-24.439150755484725,27.267144676286822
60,-24.439150755484725,27.267144676286822
60,-24.439150755484725,27.267144676286822
60,-24.439150755484725,27.267144676286822
60,-24.439150755484725,27.267144676286822
60,-24.439150755484725,27.267144676286822
60,-24.439150755484725,27.267144676286822
61,-24.01268673153179,27.69981714261268
61,-24.01268673153179,27.69981714261268
61,-24.01268673153179,27.69981714261268
61,-24.01268673153179,27.69981714261268
61,-24.01268673153179,27.69981714261268
61,-24.01268673153179,27.69981714261268
61,-24.01268673153179,27.69981714261268
62,-24.544292772323065,28.011636280073102
62,-24.544292772323065,28.011636280073102
62,-24.544292772323065,28.011636280073102
62,-24.544292772323065,28.011636280073102
62,-24.544292772323065,28.011636280073102
62,-24.544292772323065,28.011636280073102
62,-24.544292772323065,28.011636280073102
63,-24.03912328313128,28.00753044574669
63,-24.03912328313128,28.00753044574669
63,-24.03912328313128,28.00753044574669
63,-24.03912328313128,28.00753044574669
63,-24.03912328313128,28.00753044574669
63,-24.03912328313128,28.00753044574669
63,-24.03912328313128,28.00753044574669
64,-24.144623870297877,27.427508813953196
64,-24.144623870297877,27.427508813953196
64,-24.144623870297877,27.427508813953196
64,-24.144623870297877,27.427508813953196
64,-24.144623870297877,27.427508813953196
64,-24.144623870297877,27.427508813953196
64,-24.144623870297877,27.427508813953196
65,-23.613170024161295,27.677373157468832
65,-23.613170024161295,27.677373157468832
65,-23.613170024161295,27.677373157468832
65,-23.613170024161295,27.677373157468832
65,-23.613170024161295,27.677373157468832
65,-23.613170024161295,27.677373157468832
65,-23.613170024161295,27.677373157468832
66,-24.508363030046265,26.65098230864701
66,-24.508363030046265,26.65098230864701
66,-24.508363030046265,26.65098230864701
66,-24.508363030046265,26.65098230864701
66,-24.508363030046265,26.65098230864701
66,-24.508363030046265,26.65098230864701
66,-24.508363030046265,26.65098230864701
67,-24.14173072469425,27.450096958962174
67,-24.14173072469425,27.450096958962174
67,-24.14173072469425,27.450096958962174
67,-24.14173072469425,27.450096958962174
67,-24.14173072469425,27.450096958962174
67,-24.14173072469425,27.450096958962174
67,-24.14173072469425,27.450096958962174
68,-23.80559598661983,27.900910386650086
68,-23.80559598661983,27.900910386650086
68,-23.80559598661983,27.900910386650086
68,-23.80559598661983,27.900910386650086
68,-23.80559598661983,27.900910386650086
68,-23.80559598661983,27.900910386650086
68,-23.80559598661983,27.900910386650086
69,-24.6482014848458,27.894610585062722
69,-24.6482014848458,27.894610585062722
69,-24.6482014848458,27.894610585062722
69,-24.6482014848458,27.894610585062722
69,-24.6482014848458,27.894610585062722
69,-24.6482014848458,27.894610585062722
69,-24.6482014848458,27.894610585062722
70,-23.985020241357752,27.874510237592897
70,-23.985020241357752,27.874510237592897
70,-23.985020241357752,27.874510237592897
70,-23.985020241357752,27.874510237592897
70,-23.985020241357752,27.874510237592897
70,-23.985020241357752,27.874510237592897
70,-23.985020241357752,27.874510237592897
71,-25.148167291758313,27.87992949915448
71,-25.148167291758313,27.87992949915448
71,-25.148167291758313,27.87992949915448
71,-25.148167291758313,27.87992949915448
71,-25.148167291758313,27.87992949915448
71,-25.148167291758313,27.87992949915448
71,-25.148167291758313,27.87992949915448
72,-24.803647359098562,28.00390972620857
72,-24.803647359098562,28.00390972620857
72,-24.803647359098562,28.00390972620857
72,-24.803647359098562,28.00390972620857
72,-24.803647359098562,28.00390972620857
72,-24.803647359098562,28.00390972620857
72,-24.803647359098562,28.00390972620857
73,-24.220164953548814,27.897289771000306
73,-24.220164953548814,27.897289771000306
73,-24.220164953548814,27.897289771000306
73,-24.220164953548814,27.897289771000306
73,-24.220164953548814,27.897289771000306
73,-24.220164953548814,27.897289771000306
73,-24.220164953548814,27.897289771000306
74,-24.381998976702548,28.00635031875487
74,-24.381998976702548,28.00635031875487
74,-24.381998976702548,28.00635031875487
74,-24.381998976702548,28.00635031875487
74,-24.381998976702548,28.00635031875487
74,-24.381998976702548,28.00635031875487
74,-24.381998976702548,28.00635031875487
75,-23.891061037067892,28.00753044574669
75,-23.891061037067892,28.00753044574669
75,-23.891061037067892,28.00753044574669
75,-23.891061037067892,28.00753044574669
75,-23.891061037067892,28.00753044574669
75,-23.891061037067892,28.00753044574669
75,-23.891061037067892,28.00753044574669
76,-24.05994065172573,27.676313049052865
76,-24.05994065172573,27.676313049052865
76,-24.05994065172573,27.676313049052865
76,-24.05994065172573,27.676313049052865
76,-24.05994065172573,27.676313049052865
76,-24.05994065172573,27.676313049052865
76,-24.05994065172573,27.676313049052865
77,-24.522625201220926,27.424329972189174
77,-24.522625201220926,27.424329972189174
77,-24.522625201220926,27.424329972189174
77,-24.522625201220926,27.424329972189174
77,-24.522625201220926,27.424329972189174
77,-24.522625201220926,27.424329972189174
77,-24.522625201220926,27.424329972189174
78,-23.86493012809815,28.011636280073102
78,-23.86493012809815,28.011636280073102
78,-23.86493012809815,28.011636280073102
78,-23.86493012809815,28.011636280073102
78,-23.86493012809815,28.011636280073102
78,-23.86493012809815,28.011636280073102
78,-23.86493012809815,28.011636280073102
79,-24.769014650172526,27.67406407736612
79,-24.769014650172526,27.67406407736612
79,-24.769014650172526,27.67406407736612
79,-24.769014650172526,27.67406407736612
79,-24.769014650172526,27.67406407736612
79,-24.769014650172526,27.67406407736612
79,-24.769014650172526,27.67406407736612
80,-24.48210802933537,27.821637929928496
80,-24.48210802933537,27.821637929928496
80,-24.48210802933537,27.821637929928496
80,-24.48210802933537,27.821637929928496
80,-24.48210802933537,27.821637929928496
80,-24.48210802933537,27.821637929928496
80,-24.48210802933537,27.821637929928496
81,-24.148051709358768,28.145789233105468
81,-24.148051709358768,28.145789233105468
81,-24.148051709358768,28.145789233105468
81,-24.148051709358768,28.145789233105468
81,-24.148051709358768,28.145789233105468
81,-24.148051709358768,28.145789233105468
81,-24.148051709358768,28.145789233105468
82,-23.351535172398293,27.678751388586225
82,-23.351535172398293,27.678751388586225
82,-23.351535172398293,27.678751388586225
82,-23.351535172398293,27.678751388586225
82,-23.351535172398293,27.678751388586225
82,-23.351535172398293,27.678751388586225
82,-23.351535172398293,27.678751388586225
83,-24.00916813857337,27.67763186827697
83,-24.00916813857337,27.67763186827697
83,-24.00916813857337,27.67763186827697
83,-24.00916813857337,27.67763186827697
83,-24.00916813857337,27.67763186827697
83,-24.00916813857337,27.67763186827697
83,-24.00916813857337,27.67763186827697
84,-24.106586698218802,26.853204391078844
84,-24.106586698218802,26.853204391078844
84,-24.106586698218802,26.853204391078844
84,-24.106586698218802,26.853204391078844
84,-24.106586698218802,26.853204391078844
84,-24.106586698218802,26.853204391078844
84,-24.106586698218802,26.853204391078844
85,-23.905765028627812,27.984942300737714
85,-23.905765028627812,27.984942300737714
85,-23.905765028627812,27.984942300737714
85,-23.905765028627812,27.984942300737714
85,-23.905765028627812,27.984942300737714
85,-23.905765028627812,27.984942300737714
85,-23.905765028627812,27.984942300737714
86,-23.883750519481556,26.83760486958261
86,-23.883750519481556,26.83760486958261
86,-23.883750519481556,26.83760486958261
86,-23.883750519481556,26.83760486958261
86,-23.883750519481556,26.83760486958261
86,-23.883750519481556,26.83760486958261
86,-23.883750519481556,26.83760486958261
87,-23.901071300901457,27.383158287656972
87,-23.901071300901457,27.383158287656972
87,-23.901071300901457,27.383158287656972
87,-23.901071300901457,27.383158287656972
87,-23.901071300901457,27.383158287656972
87,-23.901071300901457,27.383158287656972
87,-23.901071300901457,27.383158287656972
88,-25.078977377682207,27.8982312007125
88,-25.078977377682207,27.8982312007125
88,-25.078977377682207,27.8982312007125
88,-25.078977377682207,27.8982312007125
88,-25.078977377682207,27.8982312007125
88,-25.078977377682207,27.8982312007125
88,-25.078977377682207,27.8982312007125
89,-23.699995524695375,28.020094116717242
89,-23.699995524695375,28.020094116717242
89,-23.699995524695375,28.020094116717242
89,-23.699995524695375,28.020094116717242
89,-23.699995524695375,28.020094116717242
89,-23.699995524695375,28.020094116717242
89,-23.699995524695375,28.020094116717242
90,-24.826888281623557,29.96347292615763
90,-24.826888281623557,29.96347292615763
90,-24.826888281623557,29.96347292615763
90,-24.826888281623557,29.96347292615763
90,-24.826888281623557,29.96347292615763
90,-24.826888281623557,29.96347292615763
90,-24.826888281623557,29.96347292615763
91,-24.158435171110717,27.8982312007125
91,-24.158435171110717,27.8982312007125
91,-24.158435171110717,27.8982312007125
91,-24.158435171110717,27.8982312007125
91,-24.158435171110717,27.8982312007125
91,-24.158435171110717,27.8982312007125
91,-24.158435171110717,27.8982312007125
92,-24.382081579983492,28.00753044574669
92,-24.382081579983492,28.00753044574669
92,-24.382081579983492,28.00753044574669
92,-24.382081579983492,28.00753044574669
92,-24.382081579983492,28.00753044574669
92,-24.382081579983492,28.00753044574669
92,-24.382081579983492,28.00753044574669
93,-24.56287415682903,30.26780812270461
93,-24.56287415682903,30.26780812270461
93,-24.56287415682903,30.26780812270461
93,-24.56287415682903,30.26780812270461
93,-24.56287415682903,30.26780812270461
93,-24.56287415682903,30.26780812270461
93,-24.56287415682903,30.26780812270461
94,-23.65041396356011,27.451361958931905
94,-23.65041396356011,27.451361958931905
94,-23.65041396356011,27.451361958931905
94,-23.65041396356011,27.451361958931905
94,-23.65041396356011,27.451361958931905
94,-23.65041396356011,27.451361958931905
94,-23.65041396356011,27.451361958931905
95,-23.849472448602068,27.084082701815863
95,-23.849472448602068,27.084082701815863
95,-23.849472448602068,27.084082701815863
95,-23.849472448602068,27.084082701815863
95,-23.849472448602068,27.084082701815863
95,-23.849472448602068,27.084082701815863
95,-23.849472448602068,27.084082701815863
96,-24.576865773685522,27.678607228721095
96,-24.576865773685522,27.678607228721095
96,-24.576865773685522,27.678607228721095
96,-24.576865773685522,27.678607228721095
96,-24.576865773685522,27.678607228721095
96,-24.576865773685522,27.678607228721095
96,-24.576865773685522,27.678607228721095
97,-24.277622081207014,27.894610585062722
97,-24.277622081207014,27.894610585062722
97,-24.277622081207014,27.894610585062722
97,-24.277622081207014,27.894610585062722
97,-24.277622081207014,27.894610585062722
97,-24.277622081207014,27.894610585062722
97,-24.277622081207014,27.894610585062722
98,-23.987873935761268,26.669411100015097
98,-23.987873935761268,26.669411100015097
98,-23.987873935761268,26.669411100015097
98,-23.987873935761268,26.669411100015097
98,-23.987873935761268,26.669411100015097
98,-23.987873935761268,26.669411100015097
98,-23.987873935761268,26.669411100015097
99,-24.430545646937816,28.032001553026756
99,-24.430545646937816,28.032001553026756
99,-24.430545646937816,28.032001553026756
99,-24.430545646937816,28.032001553026756
99,-24.430545646937816,28.032001553026756
99,-24.430545646937816,28.032001553026756
99,-24.430545646937816,28.032001553026756
100,-24.154289548881398,28.00390972620857
100,-24.154289548881398,28.00390972620857
100,-24.154289548881398,28.00390972620857
100,-24.154289548881398,28.00390972620857
100,-24.154289548881398,28.00390972620857
100,-24.154289548881398,28.00390972620857
100,-24.154289548881398,28.00390972620857
101,-23.380387566994628,27.895345003534732
101,-23.380387566994628,27.895345003534732
101,-23.380387566994628,27.895345003534732
101,-23.380387566994628,27.895345003534732
101,-23.380387566994628,27.895345003534732
101,-23.380387566994628,27.895345003534732
101,-23.380387566994628,27.895345003534732
102,-23.57313512089916,26.636893158922703
102,-23.57313512089916,26.636893158922703
102,-23.57313512089916,26.636893158922703
102,-23.57313512089916,26.636893158922703
102,-23.57313512089916,26.636893158922703
102,-23.57313512089916,26.636893158922703
102,-23.57313512089916,26.636893158922703
103,-23.97929177822178,27.674322788174255
103,-23.97929177822178,27.674322788174255
103,-23.97929177822178,27.674322788174255
103,-23.97929177822178,27.674322788174255
103,-23.97929177822178,27.674322788174255
103,-23.97929177822178,27.674322788174255
103,-23.97929177822178,27.674322788174255
104,-24.564463578918403,27.678751388586225
104,-24.564463578918403,27.678751388586225
104,-24.564463578918403,27.678751388586225
104,-24.564463578918403,27.678751388586225
104,-24.564463578918403,27.678751388586225
104,-24.564463578918403,27.678751388586225
104,-24.564463578918403,27.678751388586225
105,-24.524242963834354,27.8982312007125
105,-24.524242963834354,27.8982312007125
105,-24.524242963834354,27.8982312007125
105,-24.524242963834354,27.8982312007125
105,-24.524242963834354,27.8982312007125
105,-24.524242963834354,27.8982312007125
105,-24.524242963834354,27.8982312007125
106,-23.655867229446038,27.424343893715612
106,-23.655867229446038,27.424343893715612
106,-23.655867229446038,27.424343893715612
106,-23.655867229446038,27.424343893715612
106,-23.655867229446038,27.424343893715612
106,-23.655867229446038,27.424343893715612
106,-23.655867229446038,27.424343893715612
107,-23.79837810669236,26.971381446731964
107,-23.79837810669236,26.971381446731964
107,-23.79837810669236,26.971381446731964
107,-23.79837810669236,26.971381446731964
107,-23.79837810669236,26.971381446731964
107,-23.79837810669236,26.971381446731964
107,-23.79837810669236,26.971381446731964
108,-23.533332203339665,29.98138258770383
108,-23.533332203339665,29.98138258770383
108,-23.533332203339665,29.98138258770383
108,-23.533332203339665,29.98138258770383
108,-23.533332203339665,29.98138258770383
108,-23.533332203339665,29.98138258770383
108,-23.533332203339665,29.98138258770383
109,-24.131928588775796,27.678607228721095
109,-24.131928588775796,27.678607228721095
109,-24.131928588775796,27.678607228721095
109,-24.131928588775796,27.678607228721095
109,-24.131928588775796,27.678607228721095
109,-24.131928588775796,27.678607228721095
109,-24.131928588775796,27.678607228721095
110,-24.323690287684908,27.874510237592897
110,-24.323690287684908,27.874510237592897
110,-24.323690287684908,27.874510237592897
110,-24.323690287684908,27.874510237592897
110,-24.323690287684908,27.874510237592897
110,-24.323690287684908,27.874510237592897
110,-24.323690287684908,27.874510237592897
111,-24.083947158955436,27.992078492107026
111,-24.083947158955436,27.992078492107026
111,-24.083947158955436,27.992078492107026
111,-24.083947158955436,27.992078492107026
111,-24.083947158955436,27.992078492107026
111,-24.083947158955436,27.992078492107026
111,-24.083947158955436,27.992078492107026
112,-23.907282749847663,27.99827857315036
112,-23.907282749847663,27.99827857315036
112,-23.907282749847663,27.99827857315036
112,-23.907282749847663,27.99827857315036
112,-23.907282749847663,27.99827857315036
112,-23.907282749847663,27.99827857315036
112,-23.907282749847663,27.99827857315036
113,-24.526944142401735,26.638540888028405
113,-24.526944142401735,26.638540888028405
113,-24.526944142401735,26.638540888028405
113,-24.526944142401735,26.638540888028405
113,-24.526944142401735,26.638540888028405
113,-24.526944142401735,26.638540888028405
113,-24.526944142401735,26.638540888028405
114,-24.512366325205612,27.875643055703527
114,-24.512366325205612,27.875643055703527
114,-24.512366325205612,27.875643055703527
114,-24.512366325205612,27.875643055703527
114,-24.512366325205612,27.875643055703527
114,-24.512366325205612,27.875643055703527
114,-24.512366325205612,27.875643055703527
115,-24.794896030903573,27.678751388586225
115,-24.794896030903573,27.678751388586225
115,-24.794896030903573,27.678751388586225
115,-24.794896030903573,27.678751388586225
115,-24.794896030903573,27.678751388586225
115,-24.794896030903573,27.678751388586225
115,-24.794896030903573,27.678751388586225
116,-24.093486560917498,29.971154544559656
116,-24.093486560917498,29.971154544559656
116,-24.093486560917498,29.971154544559656
116,-24.093486560917498,29.971154544559656
116,-24.093486560917498,29.971154544559656
116,-24.093486560917498,29.971154544559656
116,-24.093486560917498,29.971154544559656
117,-24.277479376926557,27.421807546091692
117,-24.277479376926557,27.421807546091692
117,-24.277479376926557,27.421807546091692
117,-24.277479376926557,27.421807546091692
117,-24.277479376926557,27.421807546091692
117,-24.277479376926557,27.421807546091692
117,-24.277479376926557,27.421807546091692
118,-23.534925255050208,27.89875286864854
118,-23.534925255050208,27.89875286864854
118,-23.534925255050208,27.89875286864854
118,-23.534925255050208,27.89875286864854
118,-23.534925255050208,27.89875286864854
118,-23.534925255050208,27.89875286864854
118,-23.534925255050208,27.89875286864854
119,-24.265791089376734,28.025908106720944
119,-24.265791089376734,28.025908106720944
119,-24.265791089376734,28.025908106720944
119,-24.265791089376734,28.025908106720944
119,-24.265791089376734,28.025908106720944
119,-24.265791089376734,28.025908106720944
119,-24.265791089376734,28.025908106720944
120,-24.9181686388677,26.64611349480809
120,-24.9181686388677,26.64611349480809
120,-24.9181686388677,26.64611349480809
120,-24.9181686388677,26.64611349480809
120,-24.9181686388677,26.64611349480809
120,-24.9181686388677,26.64611349480809
120,-24.9181686388677,26.64611349480809
121,-24.77218957250561,27.67635489030121
121,-24.77218957250561,27.67635489030121
121,-24.77218957250561,27.67635489030121
121,-24.77218957250561,27.67635489030121
121,-24.77218957250561,27.67635489030121
121,-24.77218957250561,27.67635489030121
121,-24.77218957250561,27.67635489030121
122,-23.66125736969278,27.29429534829497
122,-23.66125736969278,27.29429534829497
122,-23.66125736969278,27.29429534829497
122,-23.66125736969278,27.29429534829497
122,-23.66125736969278,27.29429534829497
122,-23.66125736969278,27.29429534829497
122,-23.66125736969278,27.29429534829497
123,-24.378862527877178,27.67635489030121
123,-24.378862527877178,27.67635489030121
123,-24.378862527877178,27.67635489030121
123,-24.378862527877178,27.67635489030121
123,-24.378862527877178,27.67635489030121
123,-24.378862527877178,27.67635489030121
123,-24.378862527877178,27.67635489030121
124,-24.066157214139803,29.889421686632307
124,-24.066157214139803,29.889421686632307
124,-24.066157214139803,29.889421686632307
124,-24.066157214139803,29.889421686632307
124,-24.066157214139803,29.889421686632307
124,-24.066157214139803,29.889421686632307
124,-24.066157214139803,29.889421686632307
125,-24.34426892544677,27.266067705992917
125,-24.34426892544677,27.266067705992917
125,-24.34426892544677,27.266067705992917
125,-24.34426892544677,27.266067705992917
125,-24.34426892544677,27.266067705992917
125,-24.34426892544677,27.266067705992917
125,-24.34426892544677,27.266067705992917
126,-24.46475050655178,27.875787215568657
126,-24.46475050655178,27.875787215568657
126,-24.46475050655178,27.875787215568657
126,-24.46475050655178,27.875787215568657
126,-24.46475050655178,27.875787215568657
126,-24.46475050655178,27.875787215568657
126,-24.46475050655178,27.875787215568657
127,-24.44051074740885,26.636903550336193
127,-24.44051074740885,26.636903550336193
127,-24.44051074740885,26.636903550336193
127,-24.44051074740885,26.636903550336193
127,-24.44051074740885,26.636903550336193
127,-24.44051074740885,26.636903550336193
127,-24.44051074740885,26.636903550336193
128,-24.498917006587817,27.8797147127085
128,-24.498917006587817,27.8797147127085
128,-24.498917006587817,27.8797147127085
128,-24.498917006587817,27.8797147127085
128,-24.498917006587817,27.8797147127085
128,-24.498917006587817,27.8797147127085
128,-24.498917006587817,27.8797147127085
129,-24.250621051061344,26.650443570655902
129,-24.250621051061344,26.650443570655902
129,-24.250621051061344,26.650443570655902
129,-24.250621051061344,26.650443570655902
129,-24.250621051061344,26.650443570655902
129,-24.250621051061344,26.650443570655902
129,-24.250621051061344,26.650443570655902
130,-24.63224316702778,27.8797147127085
130,-24.63224316702778,27.8797147127085
130,-24.63224316702778,27.8797147127085
130,-24.63224316702778,27.8797147127085
130,-24.63224316702778,27.8797147127085
130,-24.63224316702778,27.8797147127085
130,-24.63224316702778,27.8797147127085
131,-24.331873606694145,27.8982312007125
131,-24.331873606694145,27.8982312007125
131,-24.331873606694145,27.8982312007125
131,-24.331873606694145,27.8982312007125
131,-24.331873606694145,27.8982312007125
131,-24.331873606694145,27.8982312007125
131,-24.331873606694145,27.8982312007125
132,-24.757124605555287,27.875572429122677
132,-24.757124605555287,27.875572429122677
132,-24.757124605555287,27.875572429122677
132,-24.757124605555287,27.875572429122677
132,-24.757124605555287,27.875572429122677
132,-24.757124605555287,27.875572429122677
132,-24.757124605555287,27.875572429122677
133,-23.99775256126501,27.3800500724738
133,-23.99775256126501,27.3800500724738
133,-23.99775256126501,27.3800500724738
133,-23.99775256126501,27.3800500724738
133,-23.99775256126501,27.3800500724738
133,-23.99775256126501,27.3800500724738
133,-23.99775256126501,27.3800500724738
134,-24.044580740932748,27.875787215568657
134,-24.044580740932748,27.875787215568657
134,-24.044580740932748,27.875787215568657
134,-24.044580740932748,27.875787215568657
134,-24.044580740932748,27.875787215568657
134,-24.044580740932748,27.875787215568657
134,-24.044580740932748,27.875787215568657
135,-24.667094209789028,27.984942300737714
135,-24.667094209789028,27.984942300737714
135,-24.667094209789028,27.984942300737714
135,-24.667094209789028,27.984942300737714
135,-24.667094209789028,27.984942300737714
135,-24.667094209789028,27.984942300737714
135,-24.667094209789028,27.984942300737714
136,-23.76328184016947,27.87832224164111
136,-23.76328184016947,27.87832224164111
136,-23.76328184016947,27.87832224164111
136,-23.76328184016947,27.87832224164111
136,-23.76328184016947,27.87832224164111
136,-23.76328184016947,27.87832224164111
136,-23.76328184016947,27.87832224164111
137,-23.60716576978812,27.426334154594223
137,-23.60716576978812,27.426334154594223
137,-23.60716576978812,27.426334154594223
137,-23.60716576978812,27.426334154594223
137,-23.60716576978812,27.426334154594223
137,-23.60716576978812,27.426334154594223
137,-23.60716576978812,27.426334154594223
138,-23.907656966758935,27.674052769080166
138,-23.907656966758935,27.674052769080166
138,-23.907656966758935,27.674052769080166
138,-23.907656966758935,27.674052769080166
138,-23.907656966758935,27.674052769080166
138,-23.907656966758935,27.674052769080166
138,-23.907656966758935,27.674052769080166
139,-24.11332815798102,27.424343893715612
139,-24.11332815798102,27.424343893715612
139,-24.11332815798102,27.424343893715612
139,-24.11332815798102,27.424343893715612
139,-24.11332815798102,27.424343893715612
139,-24.11332815798102,27.424343893715612
139,-24.11332815798102,27.424343893715612
140,-24.606926753894516,27.874510237592897
140,-24.606926753894516,27.874510237592897
140,-24.606926753894516,27.874510237592897
140,-24.606926753894516,27.874510237592897
140,-24.606926753894516,27.874510237592897
140,-24.606926753894516,27.874510237592897
140,-24.606926753894516,27.874510237592897
141,-24.732808489973532,27.6983091765523
141,-24.732808489973532,27.6983091765523
141,-24.732808489973532,27.6983091765523
141,-24.732808489973532,27.6983091765523
141,-24.732808489973532,27.6983091765523
141,-24.732808489973532,27.6983091765523
141,-24.732808489973532,27.6983091765523
142,-23.069788245331765,27.188784017130633
142,-23.069788245331765,27.188784017130633
142,-23.069788245331765,27.188784017130633
142,-23.069788245331765,27.188784017130633
142,-23.069788245331765,27.188784017130633
142,-23.069788245331765,27.188784017130633
142,-23.069788245331765,27.188784017130633
143,-24.26731012901397,27.18626159103315
143,-24.26731012901397,27.18626159103315
143,-24.26731012901397,27.18626159103315
143,-24.26731012901397,27.18626159103315
143,-24.26731012901397,27.18626159103315
143,-24.26731012901397,27.18626159103315
143,-24.26731012901397,27.18626159103315
144,-24.394196527864985,27.42433258542966
144,-24.394196527864985,27.42433258542966
144,-24.394196527864985,27.42433258542966
144,-24.394196527864985,27.42433258542966
144,-24.394196527864985,27.42433258542966
144,-24.394196527864985,27.42433258542966
144,-24.394196527864985,27.42433258542966
145,-23.9649348728288,27.874510237592897
145,-23.9649348728288,27.874510237592897
145,-23.9649348728288,27.874510237592897
145,-23.9649348728288,27.874510237592897
145,-23.9649348728288,27.874510237592897
145,-23.9649348728288,27.874510237592897
145,-23.9649348728288,27.874510237592897
146,-24.75769359880259,28.00390983009691
146,-24.75769359880259,28.00390983009691
146,-24.75769359880259,28.00390983009691
146,-24.75769359880259,28.00390983009691
146,-24.75769359880259,28.00390983009691
146,-24.75769359880259,28.00390983009691
146,-24.75769359880259,28.00390983009691
147,-24.329602571636748,26.652086341425132
147,-24.329602571636748,26.652086341425132
147,-24.329602571636748,26.652086341425132
147,-24.329602571636748,26.652086341425132
147,-24.329602571636748,26.652086341425132
147,-24.329602571636748,26.652086341425132
147,-24.329602571636748,26.652086341425132
148,-24.373478389368966,28.00390983009691
148,-24.373478389368966,28.00390983009691
148,-24.373478389368966,28.00390983009691
148,-24.373478389368966,28.00390983009691
148,-24.373478389368966,28.00390983009691
148,-24.373478389368966,28.00390983009691
148,-24.373478389368966,28.00390983009691
149,-24.442986446288533,28.01452247725087
149,-24.442986446288533,28.01452247725087
149,-24.442986446288533,28.01452247725087
149,-24.442986446288533,28.01452247725087
149,-24.442986446288533,28.01452247725087
149,-24.442986446288533,28.01452247725087
149,-24.442986446288533,28.01452247725087
150,-24.46901532075984,28.00753044574669
150,-24.46901532075984,28.00753044574669
150,-24.46901532075984,28.00753044574669
150,-24.46901532075984,28.00753044574669
150,-24.46901532075984,28.00753044574669
150,-24.46901532075984,28.00753044574669
150,-24.46901532075984,28.00753044574669
151,-24.524259830857485,28.025173688248934
151,-24.524259830857485,28.025173688248934
151,-24.524259830857485,28.025173688248934
151,-24.524259830857485,28.025173688248934
151,-24.524259830857485,28.025173688248934
151,-24.524259830857485,28.025173688248934
151,-24.524259830857485,28.025173688248934
152,-23.407621805873305,27.29132565048319
152,-23.407621805873305,27.29132565048319
152,-23.407621805873305,27.29132565048319
152,-23.407621805873305,27.29132565048319
152,-23.407621805873305,27.29132565048319
152,-23.407621805873305,27.29132565048319
152,-23.407621805873305,27.29132565048319
153,-23.99110070954602,28.025173584360594
153,-23.99110070954602,28.025173584360594
153,-23.99110070954602,28.025173584360594
153,-23.99110070954602,28.025173584360594
153,-23.99110070954602,28.025173584360594
153,-23.99110070954602,28.025173584360594
153,-23.99110070954602,28.025173584360594
154,-23.465776652169794,27.875572429122677
154,-23.465776652169794,27.875572429122677
154,-23.465776652169794,27.875572429122677
154,-23.465776652169794,27.875572429122677
154,-23.465776652169794,27.875572429122677
154,-23.465776652169794,27.875572429122677
154,-23.465776652169794,27.875572429122677
155,-23.885127720584766,28.011636280073102
155,-23.885127720584766,28.011636280073102
155,-23.885127720584766,28.011636280073102
155,-23.885127720584766,28.011636280073102
155,-23.885127720584766,28.011636280073102
155,-23.885127720584766,28.011636280073102
155,-23.885127720584766,28.011636280073102
156,-24.258111330836773,27.676313049052865
156,-24.258111330836773,27.676313049052865
156,-24.258111330836773,27.676313049052865
156,-24.258111330836773,27.676313049052865
156,-24.258111330836773,27.676313049052865
156,-24.258111330836773,27.676313049052865
156,-24.258111330836773,27.676313049052865
157,-24.90304199946182,28.01090186160109
157,-24.90304199946182,28.01090186160109
157,-24.90304199946182,28.01090186160109
157,-24.90304199946182,28.01090186160109
157,-24.90304199946182,28.01090186160109
157,-24.90304199946182,28.01090186160109
157,-24.90304199946182,28.01090186160109
158,-24.021827746568007,27.894610585062722
158,-24.021827746568007,27.894610585062722
158,-24.021827746568007,27.894610585062722
158,-24.021827746568007,27.894610585062722
158,-24.021827746568007,27.894610585062722
158,-24.021827746568007,27.894610585062722
158,-24.021827746568007,27.894610585062722
159,-23.72785382468659,28.00239660203425
159,-23.72785382468659,28.00239660203425
159,-23.72785382468659,28.00239660203425
159,-23.72785382468659,28.00239660203425
159,-23.72785382468659,28.00239660203425
159,-23.72785382468659,28.00239660203425
159,-23.72785382468659,28.00239660203425
160,-24.05587805758729,27.897289771000306
160,-24.05587805758729,27.897289771000306
160,-24.05587805758729,27.897289771000306
160,-24.05587805758729,27.897289771000306
160,-24.05587805758729,27.897289771000306
160,-24.05587805758729,27.897289771000306
160,-24.05587805758729,27.897289771000306
161,-24.40794807862026,27.483645775711622
161,-24.40794807862026,27.483645775711622
161,-24.40794807862026,27.483645775711622
161,-24.40794807862026,27.483645775711622
161,-24.40794807862026,27.483645775711622
161,-24.40794807862026,27.483645775711622
161,-24.40794807862026,27.483645775711622
162,-23.252087783937867,27.874495458828772
162,-23.252087783937867,27.874495458828772
162,-23.252087783937867,27.874495458828772
162,-23.252087783937867,27.874495458828772
162,-23.252087783937867,27.874495458828772
162,-23.252087783937867,27.874495458828772
162,-23.252087783937867,27.874495458828772
163,-24.456063704121377,28.00753044574669
163,-24.456063704121377,28.00753044574669
163,-24.456063704121377,28.00753044574669
163,-24.456063704121377,28.00753044574669
163,-24.456063704121377,28.00753044574669
163,-24.456063704121377,28.00753044574669
163,-24.456063704121377,28.00753044574669
164,-24.88103744883822,27.87846640150624
164,-24.88103744883822,27.87846640150624
164,-24.88103744883822,27.87846640150624
164,-24.88103744883822,27.87846640150624
164,-24.88103744883822,27.87846640150624
164,-24.88103744883822,27.87846640150624
164,-24.88103744883822,27.87846640150624
165,-23.964290034373093,28.025173584360594
165,-23.964290034373093,28.025173584360594
165,-23.964290034373093,28.025173584360594
165,-23.964290034373093,28.025173584360594
165,-23.964290034373093,28.025173584360594
165,-23.964290034373093,28.025173584360594
165,-23.964290034373093,28.025173584360594
166,-23.86493844349501,27.382081317363067
166,-23.86493844349501,27.382081317363067
166,-23.86493844349501,27.382081317363067
166,-23.86493844349501,27.382081317363067
166,-23.86493844349501,27.382081317363067
166,-23.86493844349501,27.382081317363067
166,-23.86493844349501,27.382081317363067
167,-24.00888456092892,27.678607228721095
167,-24.00888456092892,27.678607228721095
167,-24.00888456092892,27.678607228721095
167,-24.00888456092892,27.678607228721095
167,-24.00888456092892,27.678607228721095
167,-24.00888456092892,27.678607228721095
167,-24.00888456092892,27.678607228721095
168,-24.494722849623013,26.640554663008018
168,-24.494722849623013,26.640554663008018
168,-24.494722849623013,26.640554663008018
168,-24.494722849623013,26.640554663008018
168,-24.494722849623013,26.640554663008018
168,-24.494722849623013,26.640554663008018
168,-24.494722849623013,26.640554663008018
169,-24.5251757981449,27.984942300737714
169,-24.5251757981449,27.984942300737714
169,-24.5251757981449,27.984942300737714
169,-24.5251757981449,27.984942300737714
169,-24.5251757981449,27.984942300737714
169,-24.5251757981449,27.984942300737714
169,-24.5251757981449,27.984942300737714
170,-24.586528563529697,26.967065529727087
170,-24.586528563529697,26.967065529727087
170,-24.586528563529697,26.967065529727087
170,-24.586528563529697,26.967065529727087
170,-24.586528563529697,26.967065529727087
170,-24.586528563529697,26.967065529727087
170,-24.586528563529697,26.967065529727087
171,-23.232251423831908,27.267359462732802
171,-23.232251423831908,27.267359462732802
171,-23.232251423831908,27.267359462732802
171,-23.232251423831908,27.267359462732802
171,-23.232251423831908,27.267359462732802
171,-23.232251423831908,27.267359462732802
171,-23.232251423831908,27.267359462732802
172,-24.498513654744393,27.87978533928935
172,-24.498513654744393,27.87978533928935
172,-24.498513654744393,27.87978533928935
172,-24.498513654744393,27.87978533928935
172,-24.498513654744393,27.87978533928935
172,-24.498513654744393,27.87978533928935
172,-24.498513654744393,27.87978533928935
173,-24.61000986221615,28.025173688248934
173,-24.61000986221615,28.025173688248934
173,-24.61000986221615,28.025173688248934
173,-24.61000986221615,28.025173688248934
173,-24.61000986221615,28.025173688248934
173,-24.61000986221615,28.025173688248934
173,-24.61000986221615,28.025173688248934
174,-24.13819885694237,27.69757475808029
174,-24.13819885694237,27.69757475808029
174,-24.13819885694237,27.69757475808029
174,-24.13819885694237,27.69757475808029
174,-24.13819885694237,27.69757475808029
174,-24.13819885694237,27.69757475808029
174,-24.13819885694237,27.69757475808029
175,-24.435180178362284,27.874495458828772
175,-24.435180178362284,27.874495458828772
175,-24.435180178362284,27.874495458828772
175,-24.435180178362284,27.874495458828772
175,-24.435180178362284,27.874495458828772
175,-24.435180178362284,27.874495458828772
175,-24.435180178362284,27.874495458828772
176,-23.85228922277263,27.483603934463282
176,-23.85228922277263,27.483603934463282
176,-23.85228922277263,27.483603934463282
176,-23.85228922277263,27.483603934463282
176,-23.85228922277263,27.483603934463282
176,-23.85228922277263,27.483603934463282
176,-23.85228922277263,27.483603934463282
177,-24.6832202664504,27.87825161506026
177,-24.6832202664504,27.87825161506026
177,-24.6832202664504,27.87825161506026
177,-24.6832202664504,27.87825161506026
177,-24.6832202664504,27.87825161506026
177,-24.6832202664504,27.87825161506026
177,-24.6832202664504,27.87825161506026
178,-24.521278567063845,28.00390983009691
178,-24.521278567063845,28.00390983009691
178,-24.521278567063845,28.00390983009691
178,-24.521278567063845,28.00390983009691
178,-24.521278567063845,28.00390983009691
178,-24.521278567063845,28.00390983009691
178,-24.521278567063845,28.00390983009691
179,-24.44142610424888,27.676340111537083
179,-24.44142610424888,27.676340111537083
179,-24.44142610424888,27.676340111537083
179,-24.44142610424888,27.676340111537083
179,-24.44142610424888,27.676340111537083
179,-24.44142610424888,27.676340111537083
179,-24.44142610424888,27.676340111537083
180,-24.632130343057078,27.911002142309833
180,-24.632130343057078,27.911002142309833
180,-24.632130343057078,27.911002142309833
180,-24.632130343057078,27.911002142309833
180,-24.632130343057078,27.911002142309833
180,-24.632130343057078,27.911002142309833
180,-24.632130343057078,27.911002142309833
181,-24.040044340075568,27.450096958962174
181,-24.040044340075568,27.450096958962174
181,-24.040044340075568,27.450096958962174
181,-24.040044340075568,27.450096958962174
181,-24.040044340075568,27.450096958962174
181,-24.040044340075568,27.450096958962174
181,-24.040044340075568,27.450096958962174
182,-24.644230146468548,27.874495458828772
182,-24.644230146468548,27.874495458828772
182,-24.644230146468548,27.874495458828772
182,-24.644230146468548,27.874495458828772
182,-24.644230146468548,27.874495458828772
182,-24.644230146468548,27.874495458828772
182,-24.644230146468548,27.874495458828772
183,-24.780998697639212,29.89230788381008
183,-24.780998697639212,29.89230788381008
183,-24.780998697639212,29.89230788381008
183,-24.780998697639212,29.89230788381008
183,-24.780998697639212,29.89230788381008
183,-24.780998697639212,29.89230788381008
183,-24.780998697639212,29.89230788381008
184,-24.040849958551313,27.87978533928935
184,-24.040849958551313,27.87978533928935
184,-24.040849958551313,27.87978533928935
184,-24.040849958551313,27.87978533928935
184,-24.040849958551313,27.87978533928935
184,-24.040849958551313,27.87978533928935
184,-24.040849958551313,27.87978533928935
185,-24.06728411746729,28.011636280073102
185,-24.06728411746729,28.011636280073102
185,-24.06728411746729,28.011636280073102
185,-24.06728411746729,28.011636280073102
185,-24.06728411746729,28.011636280073102
185,-24.06728411746729,28.011636280073102
185,-24.06728411746729,28.011636280073102
186,-23.701596822454007,27.894610585062722
186,-23.701596822454007,27.894610585062722
186,-23.701596822454007,27.894610585062722
186,-23.701596822454007,27.894610585062722
186,-23.701596822454007,27.894610585062722
186,-23.701596822454007,27.894610585062722
186,-23.701596822454007,27.894610585062722
187,-23.144728220985307,27.674322788174255
187,-23.144728220985307,27.674322788174255
187,-23.144728220985307,27.674322788174255
187,-23.144728220985307,27.674322788174255
187,-23.144728220985307,27.674322788174255
187,-23.144728220985307,27.674322788174255
187,-23.144728220985307,27.674322788174255
188,-23.504321150155324,27.89875286864854
188,-23.504321150155324,27.89875286864854
188,-23.504321150155324,27.89875286864854
188,-23.504321150155324,27.89875286864854
188,-23.504321150155324,27.89875286864854
188,-23.504321150155324,27.89875286864854
188,-23.504321150155324,27.89875286864854
189,-23.208390317809187,27.8982312007125
189,-23.208390317809187,27.8982312007125
189,-23.208390317809187,27.8982312007125
189,-23.208390317809187,27.8982312007125
189,-23.208390317809187,27.8982312007125
189,-23.208390317809187,27.8982312007125
189,-23.208390317809187,27.8982312007125
190,-23.532568248549282,28.028794303898714
190,-23.532568248549282,28.028794303898714
190,-23.532568248549282,28.028794303898714
190,-23.532568248549282,28.028794303898714
190,-23.532568248549282,28.028794303898714
190,-23.532568248549282,28.028794303898714
190,-23.532568248549282,28.028794303898714
191,-24.854852892547175,29.89230788381008
191,-24.854852892547175,29.89230788381008
191,-24.854852892547175,29.89230788381008
191,-24.854852892547175,29.89230788381008
191,-24.854852892547175,29.89230788381008
191,-24.854852892547175,29.89230788381008
191,-24.854852892547175,29.89230788381008
192,-24.58866906927998,27.875787215568657
192,-24.58866906927998,27.875787215568657
192,-24.58866906927998,27.875787215568657
192,-24.58866906927998,27.875787215568657
192,-24.58866906927998,27.875787215568657
192,-24.58866906927998,27.875787215568657
192,-24.58866906927998,27.875787215568657
193,-25.005602520290427,27.67743256936212
193,-25.005602520290427,27.67743256936212
193,-25.005602520290427,27.67743256936212
193,-25.005602520290427,27.67743256936212
193,-25.005602520290427,27.67743256936212
193,-25.005602520290427,27.67743256936212
193,-25.005602520290427,27.67743256936212
194,-24.6770728954913,29.996175328747707
194,-24.6770728954913,29.996175328747707
194,-24.6770728954913,29.996175328747707
194,-24.6770728954913,29.996175328747707
194,-24.6770728954913,29.996175328747707
194,-24.6770728954913,29.996175328747707
194,-24.6770728954913,29.996175328747707
195,-23.41783541431408,27.67745963184634
195,-23.41783541431408,27.67745963184634
195,-23.41783541431408,27.67745963184634
195,-23.41783541431408,27.67745963184634
195,-23.41783541431408,27.67745963184634
195,-23.41783541431408,27.67745963184634
195,-23.41783541431408,27.67745963184634
196,-24.071415697877516,27.875572429122677
196,-24.071415697877516,27.875572429122677
196,-24.071415697877516,27.875572429122677
196,-24.071415697877516,27.875572429122677
196,-24.071415697877516,27.875572429122677
196,-24.071415697877516,27.875572429122677
196,-24.071415697877516,27.875572429122677
197,-24.595511315676443,27.67763186827697
197,-24.595511315676443,27.67763186827697
197,-24.595511315676443,27.67763186827697
197,-24.595511315676443,27.67763186827697
197,-24.595511315676443,27.67763186827697
197,-24.595511315676443,27.67763186827697
197,-24.595511315676443,27.67763186827697
198,-24.921536586857172,29.89230788381008
198,-24.921536586857172,29.89230788381008
198,-24.921536586857172,29.89230788381008
198,-24.921536586857172,29.89230788381008
198,-24.921536586857172,29.89230788381008
198,-24.921536586857172,29.89230788381008
198,-24.921536586857172,29.89230788381008
199,-24.009592726581715,27.18626159103315
199,-24.009592726581715,27.18626159103315
199,-24.009592726581715,27.18626159103315
199,-24.009592726581715,27.18626159103315
199,-24.009592726581715,27.18626159103315
199,-24.009592726581715,27.18626159103315
199,-24.009592726581715,27.18626159103315
200,-24.731861359927485,27.992078492107026
200,-24.731861359927485,27.992078492107026
200,-24.731861359927485,27.992078492107026
200,-24.731861359927485,27.992078492107026
200,-24.731861359927485,27.992078492107026
200,-24.731861359927485,27.992078492107026
200,-24.731861359927485,27.992078492107026
201,-24.36868995029423,27.894610585062722
201,-24.36868995029423,27.894610585062722
201,-24.36868995029423,27.894610585062722
201,-24.36868995029423,27.894610585062722
201,-24.36868995029423,27.894610585062722
201,-24.36868995029423,27.894610585062722
201,-24.36868995029423,27.894610585062722
202,-24.223463544334496,27.875787215568657
202,-24.223463544334496,27.875787215568657
202,-24.223463544334496,27.875787215568657
202,-24.223463544334496,27.875787215568657
202,-24.223463544334496,27.875787215568657
202,-24.223463544334496,27.875787215568657
202,-24.223463544334496,27.875787215568657
203,-24.970837785307737,27.67743256936212
203,-24.970837785307737,27.67743256936212
203,-24.970837785307737,27.67743256936212
203,-24.970837785307737,27.67743256936212
203,-24.970837785307737,27.67743256936212
203,-24.970837785307737,27.67743256936212
203,-24.970837785307737,27.67743256936212
204,-23.456064041095555,26.64480001375865
204,-23.456064041095555,26.64480001375865
204,-23.456064041095555,26.64480001375865
204,-23.456064041095555,26.64480001375865
204,-23.456064041095555,26.64480001375865
204,-23.456064041095555,26.64480001375865
204,-23.456064041095555,26.64480001375865
205,-24.980527216794666,27.483603934463282
205,-24.980527216794666,27.483603934463282
205,-24.980527216794666,27.483603934463282
205,-24.980527216794666,27.483603934463282
205,-24.980527216794666,27.483603934463282
205,-24.980527216794666,27.483603934463282
205,-24.980527216794666,27.483603934463282
206,-25.084743372451456,28.028794303898714
206,-25.084743372451456,28.028794303898714
206,-25.084743372451456,28.028794303898714
206,-25.084743372451456,28.028794303898714
206,-25.084743372451456,28.028794303898714
206,-25.084743372451456,28.028794303898714
206,-25.084743372451456,28.028794303898714
207,-24.389225624275827,28.00390972620857
207,-24.389225624275827,28.00390972620857
207,-24.389225624275827,28.00390972620857
207,-24.389225624275827,28.00390972620857
207,-24.389225624275827,28.00390972620857
207,-24.389225624275827,28.00390972620857
207,-24.389225624275827,28.00390972620857
208,-24.340946848127636,29.94698924404033
208,-24.340946848127636,29.94698924404033
208,-24.340946848127636,29.94698924404033
208,-24.340946848127636,29.94698924404033
208,-24.340946848127636,29.94698924404033
208,-24.340946848127636,29.94698924404033
208,-24.340946848127636,29.94698924404033
209,-24.25524155853661,27.875572429122677
209,-24.25524155853661,27.875572429122677
209,-24.25524155853661,27.875572429122677
209,-24.25524155853661,27.875572429122677
209,-24.25524155853661,27.875572429122677
209,-24.25524155853661,27.875572429122677
209,-24.25524155853661,27.875572429122677
210,-23.303696938814575,28.011636280073102
210,-23.303696938814575,28.011636280073102
210,-23.303696938814575,28.011636280073102
210,-23.303696938814575,28.011636280073102
210,-23.303696938814575,28.011636280073102
210,-23.303696938814575,28.011636280073102
210,-23.303696938814575,28.011636280073102
211,-24.853497852571273,27.87992949915448
211,-24.853497852571273,27.87992949915448
211,-24.853497852571273,27.87992949915448
211,-24.853497852571273,27.87992949915448
211,-24.853497852571273,27.87992949915448
211,-24.853497852571273,27.87992949915448
211,-24.853497852571273,27.87992949915448
212,-23.733309520617155,27.902373484298323
212,-23.733309520617155,27.902373484298323
212,-23.733309520617155,27.902373484298323
212,-23.733309520617155,27.902373484298323
212,-23.733309520617155,27.902373484298323
212,-23.733309520617155,27.902373484298323
212,-23.733309520617155,27.902373484298323
213,-24.881123862639466,27.316441719418187
213,-24.881123862639466,27.316441719418187
213,-24.881123862639466,27.316441719418187
213,-24.881123862639466,27.316441719418187
213,-24.881123862639466,27.316441719418187
213,-24.881123862639466,27.316441719418187
213,-24.881123862639466,27.316441719418187
214,-24.00841463087933,27.897289771000306
214,-24.00841463087933,27.897289771000306
214,-24.00841463087933,27.897289771000306
214,-24.00841463087933,27.897289771000306
214,-24.00841463087933,27.897289771000306
214,-24.00841463087933,27.897289771000306
214,-24.00841463087933,27.897289771000306
215,-24.000350143855552,28.00635031875487
215,-24.000350143855552,28.00635031875487
215,-24.000350143855552,28.00635031875487
215,-24.000350143855552,28.00635031875487
215,-24.000350143855552,28.00635031875487
215,-24.000350143855552,28.00635031875487
215,-24.000350143855552,28.00635031875487
216,-24.54822456610932,27.67605433824473
216,-24.54822456610932,27.67605433824473
216,-24.54822456610932,27.67605433824473
216,-24.54822456610932,27.67605433824473
216,-24.54822456610932,27.67605433824473
216,-24.54822456610932,27.67605433824473
216,-24.54822456610932,27.67605433824473
217,-24.14732920926079,27.677373157468832
217,-24.14732920926079,27.677373157468832
217,-24.14732920926079,27.677373157468832
217,-24.14732920926079,27.677373157468832
217,-24.14732920926079,27.677373157468832
217,-24.14732920926079,27.677373157468832
217,-24.14732920926079,27.677373157468832
218,-24.192349561427214,27.678607228721095
218,-24.192349561427214,27.678607228721095
218,-24.192349561427214,27.678607228721095
218,-24.192349561427214,27.678607228721095
218,-24.192349561427214,27.678607228721095
218,-24.192349561427214,27.678607228721095
218,-24.192349561427214,27.678607228721095
219,-23.89272721060209,29.47764691522798
219,-23.89272721060209,29.47764691522798
219,-23.89272721060209,29.47764691522798
219,-23.89272721060209,29.47764691522798
219,-23.89272721060209,29.47764691522798
219,-23.89272721060209,29.47764691522798
219,-23.89272721060209,29.47764691522798
220,-24.994632952933628,27.985086460602844
220,-24.994632952933628,27.985086460602844
220,-24.994632952933628,27.985086460602844
220,-24.994632952933628,27.985086460602844
220,-24.994632952933628,27.985086460602844
220,-24.994632952933628,27.985086460602844
220,-24.994632952933628,27.985086460602844
221,-24.255140987902415,27.42636121707844
221,-24.255140987902415,27.42636121707844
221,-24.255140987902415,27.42636121707844
221,-24.255140987902415,27.42636121707844
221,-24.255140987902415,27.42636121707844
221,-24.255140987902415,27.42636121707844
221,-24.255140987902415,27.42636121707844
222,-24.07190207521368,27.426334154594223
222,-24.07190207521368,27.426334154594223
222,-24.07190207521368,27.426334154594223
222,-24.07190207521368,27.426334154594223
222,-24.07190207521368,27.426334154594223
222,-24.07190207521368,27.426334154594223
222,-24.07190207521368,27.426334154594223
223,-24.082965410379906,27.67605433824473
223,-24.082965410379906,27.67605433824473
223,-24.082965410379906,27.67605433824473
223,-24.082965410379906,27.67605433824473
223,-24.082965410379906,27.67605433824473
223,-24.082965410379906,27.67605433824473
223,-24.082965410379906,27.67605433824473
224,-24.083670602852077,28.00390972620857
224,-24.083670602852077,28.00390972620857
224,-24.083670602852077,28.00390972620857
224,-24.083670602852077,28.00390972620857
224,-24.083670602852077,28.00390972620857
224,-24.083670602852077,28.00390972620857
224,-24.083670602852077,28.00390972620857
225,-24.257512143713065,28.01090186160109
225,-24.257512143713065,28.01090186160109
225,-24.257512143713065,28.01090186160109
225,-24.257512143713065,28.01090186160109
225,-24.257512143713065,28.01090186160109
225,-24.257512143713065,28.01090186160109
225,-24.257512143713065,28.01090186160109
226,-23.85500592438612,27.286917250698878
226,-23.85500592438612,27.286917250698878
226,-23.85500592438612,27.286917250698878
226,-23.85500592438612,27.286917250698878
226,-23.85500592438612,27.286917250698878
226,-23.85500592438612,27.286917250698878
226,-23.85500592438612,27.286917250698878
227,-24.059158271139523,27.897289667111966
227,-24.059158271139523,27.897289667111966
227,-24.059158271139523,27.897289667111966
227,-24.059158271139523,27.897289667111966
227,-24.059158271139523,27.897289667111966
227,-24.059158271139523,27.897289667111966
227,-24.059158271139523,27.897289667111966
228,-23.93168675947733,27.87825161506026
228,-23.93168675947733,27.87825161506026
228,-23.93168675947733,27.87825161506026
228,-23.93168675947733,27.87825161506026
228,-23.93168675947733,27.87825161506026
228,-23.93168675947733,27.87825161506026
228,-23.93168675947733,27.87825161506026
229,-24.109677626446953,27.67635489030121
229,-24.109677626446953,27.67635489030121
229,-24.109677626446953,27.67635489030121
229,-24.109677626446953,27.67635489030121
229,-24.109677626446953,27.67635489030121
229,-24.109677626446953,27.67635489030121
229,-24.109677626446953,27.67635489030121
230,-24.443093961011094,27.37708037466202
230,-24.443093961011094,27.37708037466202
230,-24.443093961011094,27.37708037466202
230,-24.443093961011094,27.37708037466202
230,-24.443093961011094,27.37708037466202
230,-24.443093961011094,27.37708037466202
230,-24.443093961011094,27.37708037466202
231,-24.555732114391034,27.078242612263896
231,-24.555732114391034,27.078242612263896
231,-24.555732114391034,27.078242612263896
231,-24.555732114391034,27.078242612263896
231,-24.555732114391034,27.078242612263896
231,-24.555732114391034,27.078242612263896
231,-24.555732114391034,27.078242612263896
232,-24.05951816746717,27.87718942353048
232,-24.05951816746717,27.87718942353048
232,-24.05951816746717,27.87718942353048
232,-24.05951816746717,27.87718942353048
232,-24.05951816746717,27.87718942353048
232,-24.05951816746717,27.87718942353048
232,-24.05951816746717,27.87718942353048
233,-24.78910962380422,27.191470150757212
233,-24.78910962380422,27.191470150757212
233,-24.78910962380422,27.191470150757212
233,-24.78910962380422,27.191470150757212
233,-24.78910962380422,27.191470150757212
233,-24.78910962380422,27.191470150757212
233,-24.78910962380422,27.191470150757212
234,-24.34411670440521,28.028794303898714
234,-24.34411670440521,28.028794303898714
234,-24.34411670440521,28.028794303898714
234,-24.34411670440521,28.028794303898714
234,-24.34411670440521,28.028794303898714
234,-24.34411670440521,28.028794303898714
234,-24.34411670440521,28.028794303898714
235,-24.678350846471485,28.025173688248934
235,-24.678350846471485,28.025173688248934
235,-24.678350846471485,28.025173688248934
235,-24.678350846471485,28.025173688248934
235,-24.678350846471485,28.025173688248934
235,-24.678350846471485,28.025173688248934
235,-24.678350846471485,28.025173688248934
236,-23.627451103629713,26.645666223093794
236,-23.627451103629713,26.645666223093794
236,-23.627451103629713,26.645666223093794
236,-23.627451103629713,26.645666223093794
236,-23.627451103629713,26.645666223093794
236,-23.627451103629713,26.645666223093794
236,-23.627451103629713,26.645666223093794
237,-24.256641421205657,27.87978533928935
237,-24.256641421205657,27.87978533928935
237,-24.256641421205657,27.87978533928935
237,-24.256641421205657,27.87978533928935
237,-24.256641421205657,27.87978533928935
237,-24.256641421205657,27.87978533928935
237,-24.256641421205657,27.87978533928935
238,-24.109530376834932,28.00390972620857
238,-24.109530376834932,28.00390972620857
238,-24.109530376834932,28.00390972620857
238,-24.109530376834932,28.00390972620857
238,-24.109530376834932,28.00390972620857
238,-24.109530376834932,28.00390972620857
238,-24.109530376834932,28.00390972620857
239,-24.263781968035428,28.01929313270938
239,-24.263781968035428,28.01929313270938
239,-24.263781968035428,28.01929313270938
239,-24.263781968035428,28.01929313270938
239,-24.263781968035428,28.01929313270938
239,-24.263781968035428,28.01929313270938
239,-24.263781968035428,28.01929313270938
240,-24.124805147048185,27.900910386650086
240,-24.124805147048185,27.900910386650086
240,-24.124805147048185,27.900910386650086
240,-24.124805147048185,27.900910386650086
240,-24.124805147048185,27.900910386650086
240,-24.124805147048185,27.900910386650086
240,-24.124805147048185,27.900910386650086
241,-24.32680760301666,28.025173688248934
241,-24.32680760301666,28.025173688248934
241,-24.32680760301666,28.025173688248934
241,-24.32680760301666,28.025173688248934
241,-24.32680760301666,28.025173688248934
241,-24.32680760301666,28.025173688248934
241,-24.32680760301666,28.025173688248934
242,-23.456984414757045,27.902373484298323
242,-23.456984414757045,27.902373484298323
242,-23.456984414757045,27.902373484298323
242,-23.456984414757045,27.902373484298323
242,-23.456984414757045,27.902373484298323
242,-23.456984414757045,27.902373484298323
242,-23.456984414757045,27.902373484298323
243,-24.821912644901712,28.025173584360594
243,-24.821912644901712,28.025173584360594
243,-24.821912644901712,28.025173584360594
243,-24.821912644901712,28.025173584360594
243,-24.821912644901712,28.025173584360594
243,-24.821912644901712,28.025173584360594
243,-24.821912644901712,28.025173584360594
244,-23.852729099889665,27.677474410610465
244,-23.852729099889665,27.677474410610465
244,-23.852729099889665,27.677474410610465
244,-23.852729099889665,27.677474410610465
244,-23.852729099889665,27.677474410610465
244,-23.852729099889665,27.677474410610465
244,-23.852729099889665,27.677474410610465
245,-24.71199447283292,27.67748770841184
245,-24.71199447283292,27.67748770841184
245,-24.71199447283292,27.67748770841184
245,-24.71199447283292,27.67748770841184
245,-24.71199447283292,27.67748770841184
245,-24.71199447283292,27.67748770841184
245,-24.71199447283292,27.67748770841184
246,-22.712134591551422,27.677158371022852
246,-22.712134591551422,27.677158371022852
246,-22.712134591551422,27.677158371022852
246,-22.712134591551422,27.677158371022852
246,-22.712134591551422,27.677158371022852
246,-22.712134591551422,27.677158371022852
246,-22.712134591551422,27.677158371022852
247,-24.63635582479277,28.028794303898714
247,-24.63635582479277,28.028794303898714
247,-24.63635582479277,28.028794303898714
247,-24.63635582479277,28.028794303898714
247,-24.63635582479277,28.028794303898714
247,-24.63635582479277,28.028794303898714
247,-24.63635582479277,28.028794303898714
248,-23.989216027872754,27.992078492107026
248,-23.989216027872754,27.992078492107026
248,-23.989216027872754,27.992078492107026
248,-23.989216027872754,27.992078492107026
248,-23.989216027872754,27.992078492107026
248,-23.989216027872754,27.992078492107026
248,-23.989216027872754,27.992078492107026
249,-24.896834347408102,27.900910386650086
249,-24.896834347408102,27.900910386650086
249,-24.896834347408102,27.900910386650086
249,-24.896834347408102,27.900910386650086
249,-24.896834347408102,27.900910386650086
249,-24.896834347408102,27.900910386650086
249,-24.896834347408102,27.900910386650086
250,-23.961045384344008,27.894610585062722
250,-23.961045384344008,27.894610585062722
250,-23.961045384344008,27.894610585062722
250,-23.961045384344008,27.894610585062722
250,-23.961045384344008,27.894610585062722
250,-23.961045384344008,27.894610585062722
250,-23.961045384344008,27.894610585062722
251,-24.029562728557668,27.87992949915448
251,-24.029562728557668,27.87992949915448
251,-24.029562728557668,27.87992949915448
251,-24.029562728557668,27.87992949915448
251,-24.029562728557668,27.87992949915448
251,-24.029562728557668,27.87992949915448
251,-24.029562728557668,27.87992949915448
252,-24.423579767782066,27.700075853420817
252,-24.423579767782066,27.700075853420817
252,-24.423579767782066,27.700075853420817
252,-24.423579767782066,27.700075853420817
252,-24.423579767782066,27.700075853420817
252,-24.423579767782066,27.700075853420817
252,-24.423579767782066,27.700075853420817
253,-24.60971839084358,27.696930945434907
253,-24.60971839084358,27.696930945434907
253,-24.60971839084358,27.696930945434907
253,-24.60971839084358,27.696930945434907
253,-24.60971839084358,27.696930945434907
253,-24.60971839084358,27.696930945434907
253,-24.60971839084358,27.696930945434907
254,-24.444454228941762,27.084124543064206
254,-24.444454228941762,27.084124543064206
254,-24.444454228941762,27.084124543064206
254,-24.444454228941762,27.084124543064206
254,-24.444454228941762,27.084124543064206
254,-24.444454228941762,27.084124543064206
254,-24.444454228941762,27.084124543064206
255,-23.922591881143404,29.91226226582333
255,-23.922591881143404,29.91226226582333
255,-23.922591881143404,29.91226226582333
255,-23.922591881143404,29.91226226582333
255,-23.922591881143404,29.91226226582333
255,-23.922591881143404,29.91226226582333
255,-23.922591881143404,29.91226226582333
256,-24.526667741993393,27.875787215568657
256,-24.526667741993393,27.875787215568657
256,-24.526667741993393,27.875787215568657
256,-24.526667741993393,27.875787215568657
256,-24.526667741993393,27.875787215568657
256,-24.526667741993393,27.875787215568657
256,-24.526667741993393,27.875787215568657
257,-24.81854180348502,27.89875286864854
257,-24.81854180348502,27.89875286864854
257,-24.81854180348502,27.89875286864854
257,-24.81854180348502,27.89875286864854
257,-24.81854180348502,27.89875286864854
257,-24.81854180348502,27.89875286864854
257,-24.81854180348502,27.89875286864854
258,-24.453275746165012,27.42433258542966
258,-24.453275746165012,27.42433258542966
258,-24.453275746165012,27.42433258542966
258,-24.453275746165012,27.42433258542966
258,-24.453275746165012,27.42433258542966
258,-24.453275746165012,27.42433258542966
258,-24.453275746165012,27.42433258542966
259,-24.866928805420617,27.805032417774335
259,-24.866928805420617,27.805032417774335
259,-24.866928805420617,27.805032417774335
259,-24.866928805420617,27.805032417774335
259,-24.866928805420617,27.805032417774335
259,-24.866928805420617,27.805032417774335
259,-24.866928805420617,27.805032417774335
260,-24.17317512435442,27.721180736751048
260,-24.17317512435442,27.721180736751048
260,-24.17317512435442,27.721180736751048
260,-24.17317512435442,27.721180736751048
260,-24.17317512435442,27.721180736751048
260,-24.17317512435442,27.721180736751048
260,-24.17317512435442,27.721180736751048
261,-23.69320100147089,27.696455133882697
261,-23.69320100147089,27.696455133882697
261,-23.69320100147089,27.696455133882697
261,-23.69320100147089,27.696455133882697
261,-23.69320100147089,27.696455133882697
261,-23.69320100147089,27.696455133882697
261,-23.69320100147089,27.696455133882697
262,-24.65567695274295,29.89230788381008
262,-24.65567695274295,29.89230788381008
262,-24.65567695274295,29.89230788381008
262,-24.65567695274295,29.89230788381008
262,-24.65567695274295,29.89230788381008
262,-24.65567695274295,29.89230788381008
262,-24.65567695274295,29.89230788381008
263,-24.17261630223563,30.250748833138275
263,-24.17261630223563,30.250748833138275
263,-24.17261630223563,30.250748833138275
263,-24.17261630223563,30.250748833138275
263,-24.17261630223563,30.250748833138275
263,-24.17261630223563,30.250748833138275
263,-24.17261630223563,30.250748833138275
264,-24.66800882345189,28.03548055552772
264,-24.66800882345189,28.03548055552772
264,-24.66800882345189,28.03548055552772
264,-24.66800882345189,28.03548055552772
264,-24.66800882345189,28.03548055552772
264,-24.66800882345189,28.03548055552772
264,-24.66800882345189,28.03548055552772
265,-23.910105314331272,26.834147784201008
265,-23.910105314331272,26.834147784201008
265,-23.910105314331272,26.834147784201008
265,-23.910105314331272,26.834147784201008
265,-23.910105314331272,26.834147784201008
265,-23.910105314331272,26.834147784201008
265,-23.910105314331272,26.834147784201008
266,-25.10834700030732,28.01452247725087
266,-25.10834700030732,28.01452247725087
266,-25.10834700030732,28.01452247725087
266,-25.10834700030732,28.01452247725087
266,-25.10834700030732,28.01452247725087
266,-25.10834700030732,28.01452247725087
266,-25.10834700030732,28.01452247725087
267,-23.539883048787303,27.674052769080166
267,-23.539883048787303,27.674052769080166
267,-23.539883048787303,27.674052769080166
267,-23.539883048787303,27.674052769080166
267,-23.539883048787303,27.674052769080166
267,-23.539883048787303,27.674052769080166
267,-23.539883048787303,27.674052769080166
268,-24.140055560298443,29.888676983214843
268,-24.140055560298443,29.888676983214843
268,-24.140055560298443,29.888676983214843
268,-24.140055560298443,29.888676983214843
268,-24.140055560298443,29.888676983214843
268,-24.140055560298443,29.888676983214843
268,-24.140055560298443,29.888676983214843
269,-24.151632131566654,27.894610585062722
269,-24.151632131566654,27.894610585062722
269,-24.151632131566654,27.894610585062722
269,-24.151632131566654,27.894610585062722
269,-24.151632131566654,27.894610585062722
269,-24.151632131566654,27.894610585062722
269,-24.151632131566654,27.894610585062722
270,-24.617210412133957,28.01452247725087
270,-24.617210412133957,28.01452247725087
270,-24.617210412133957,28.01452247725087
270,-24.617210412133957,28.01452247725087
270,-24.617210412133957,28.01452247725087
270,-24.617210412133957,28.01452247725087
270,-24.617210412133957,28.01452247725087
271,-23.665959542738342,26.636903550336193
271,-23.665959542738342,26.636903550336193
271,-23.665959542738342,26.636903550336193
271,-23.665959542738342,26.636903550336193
271,-23.665959542738342,26.636903550336193
271,-23.665959542738342,26.636903550336193
271,-23.665959542738342,26.636903550336193
272,-23.734726044009985,27.874510237592897
272,-23.734726044009985,27.874510237592897
272,-23.734726044009985,27.874510237592897
272,-23.734726044009985,27.874510237592897
272,-23.734726044009985,27.874510237592897
272,-23.734726044009985,27.874510237592897
272,-23.734726044009985,27.874510237592897
273,-24.75253699436058,27.900910386650086
273,-24.75253699436058,27.900910386650086
273,-24.75253699436058,27.900910386650086
273,-24.75253699436058,27.900910386650086
273,-24.75253699436058,27.900910386650086
273,-24.75253699436058,27.900910386650086
273,-24.75253699436058,27.900910386650086
274,-24.148214691500858,28.01090186160109
274,-24.148214691500858,28.01090186160109
274,-24.148214691500858,28.01090186160109
274,-24.148214691500858,28.01090186160109
274,-24.148214691500858,28.01090186160109
274,-24.148214691500858,28.01090186160109
274,-24.148214691500858,28.01090186160109
275,-24.09560812390202,27.897289667111966
275,-24.09560812390202,27.897289667111966
275,-24.09560812390202,27.897289667111966
275,-24.09560812390202,27.897289667111966
275,-24.09560812390202,27.897289667111966
275,-24.09560812390202,27.897289667111966
275,-24.09560812390202,27.897289667111966
276,-25.200178767836206,28.01452247725087
276,-25.200178767836206,28.01452247725087
276,-25.200178767836206,28.01452247725087
276,-25.200178767836206,28.01452247725087
276,-25.200178767836206,28.01452247725087
276,-25.200178767836206,28.01452247725087
276,-25.200178767836206,28.01452247725087
277,-23.433481031773685,27.286917250698878
277,-23.433481031773685,27.286917250698878
277,-23.433481031773685,27.286917250698878
277,-23.433481031773685,27.286917250698878
277,-23.433481031773685,27.286917250698878
277,-23.433481031773685,27.286917250698878
277,-23.433481031773685,27.286917250698878
278,-24.78264098675561,30.281908849346873
278,-24.78264098675561,30.281908849346873
278,-24.78264098675561,30.281908849346873
278,-24.78264098675561,30.281908849346873
278,-24.78264098675561,30.281908849346873
278,-24.78264098675561,30.281908849346873
278,-24.78264098675561,30.281908849346873
279,-24.55252331328702,27.875787215568657
279,-24.55252331328702,27.875787215568657
279,-24.55252331328702,27.875787215568657
279,-24.55252331328702,27.875787215568657
279,-24.55252331328702,27.875787215568657
279,-24.55252331328702,27.875787215568657
279,-24.55252331328702,27.875787215568657
280,-24.425213231690577,28.025173688248934
280,-24.425213231690577,28.025173688248934
280,-24.425213231690577,28.025173688248934
280,-24.425213231690577,28.025173688248934
280,-24.425213231690577,28.025173688248934
280,-24.425213231690577,28.025173688248934
280,-24.425213231690577,28.025173688248934
281,-23.752229216813177,27.44647634331239
281,-23.752229216813177,27.44647634331239
281,-23.752229216813177,27.44647634331239
281,-23.752229216813177,27.44647634331239
281,-23.752229216813177,27.44647634331239
281,-23.752229216813177,27.44647634331239
281,-23.752229216813177,27.44647634331239
282,-24.276179927051604,27.8982312007125
282,-24.276179927051604,27.8982312007125
282,-24.276179927051604,27.8982312007125
282,-24.276179927051604,27.8982312007125
282,-24.276179927051604,27.8982312007125
282,-24.276179927051604,27.8982312007125
282,-24.276179927051604,27.8982312007125
283,-23.877535231757765,28.025173584360594
283,-23.877535231757765,28.025173584360594
283,-23.877535231757765,28.025173584360594
283,-23.877535231757765,28.025173584360594
283,-23.877535231757765,28.025173584360594
283,-23.877535231757765,28.025173584360594
283,-23.877535231757765,28.025173584360594
284,-24.66884204293436,27.8797147127085
284,-24.66884204293436,27.8797147127085
284,-24.66884204293436,27.8797147127085
284,-24.66884204293436,27.8797147127085
284,-24.66884204293436,27.8797147127085
284,-24.66884204293436,27.8797147127085
284,-24.66884204293436,27.8797147127085
285,-24.088079303545797,28.006452002706776
285,-24.088079303545797,28.006452002706776
285,-24.088079303545797,28.006452002706776
285,-24.088079303545797,28.006452002706776
285,-24.088079303545797,28.006452002706776
285,-24.088079303545797,28.006452002706776
285,-24.088079303545797,28.006452002706776
286,-23.150563357866776,27.677228997603702
286,-23.150563357866776,27.677228997603702
286,-23.150563357866776,27.677228997603702
286,-23.150563357866776,27.677228997603702
286,-23.150563357866776,27.677228997603702
286,-23.150563357866776,27.677228997603702
286,-23.150563357866776,27.677228997603702
287,-23.981703292683736,26.96934934460501
287,-23.981703292683736,26.96934934460501
287,-23.981703292683736,26.96934934460501
287,-23.981703292683736,26.96934934460501
287,-23.981703292683736,26.96934934460501
287,-23.981703292683736,26.96934934460501
287,-23.981703292683736,26.96934934460501
288,-24.392076614874476,27.171369803287387
288,-24.392076614874476,27.171369803287387
288,-24.392076614874476,27.171369803287387
288,-24.392076614874476,27.171369803287387
288,-24.392076614874476,27.171369803287387
288,-24.392076614874476,27.171369803287387
288,-24.392076614874476,27.171369803287387
289,-24.461316745165927,28.01452247725087
289,-24.461316745165927,28.01452247725087
289,-24.461316745165927,28.01452247725087
289,-24.461316745165927,28.01452247725087
289,-24.461316745165927,28.01452247725087
289,-24.461316745165927,28.01452247725087
289,-24.461316745165927,28.01452247725087
290,-24.41848644684183,27.696455237771033
290,-24.41848644684183,27.696455237771033
290,-24.41848644684183,27.696455237771033
290,-24.41848644684183,27.696455237771033
290,-24.41848644684183,27.696455237771033
290,-24.41848644684183,27.696455237771033
290,-24.41848644684183,27.696455237771033
291,-23.856922157634997,27.87992949915448
291,-23.856922157634997,27.87992949915448
291,-23.856922157634997,27.87992949915448
291,-23.856922157634997,27.87992949915448
291,-23.856922157634997,27.87992949915448
291,-23.856922157634997,27.87992949915448
291,-23.856922157634997,27.87992949915448
292,-24.30264433205127,27.923747061520544
292,-24.30264433205127,27.923747061520544
292,-24.30264433205127,27.923747061520544
292,-24.30264433205127,27.923747061520544
292,-24.30264433205127,27.923747061520544
292,-24.30264433205127,27.923747061520544
292,-24.30264433205127,27.923747061520544
293,-23.332427808724734,27.696196526962897
293,-23.332427808724734,27.696196526962897
293,-23.332427808724734,27.696196526962897
293,-23.332427808724734,27.696196526962897
293,-23.332427808724734,27.696196526962897
293,-23.332427808724734,27.696196526962897
293,-23.332427808724734,27.696196526962897
294,-24.717779735318423,27.875643055703527
294,-24.717779735318423,27.875643055703527
294,-24.717779735318423,27.875643055703527
294,-24.717779735318423,27.875643055703527
294,-24.717779735318423,27.875643055703527
294,-24.717779735318423,27.875643055703527
294,-24.717779735318423,27.875643055703527
295,-24.445890027895157,27.107845506183814
295,-24.445890027895157,27.107845506183814
295,-24.445890027895157,27.107845506183814
295,-24.445890027895157,27.107845506183814
295,-24.445890027895157,27.107845506183814
295,-24.445890027895157,27.107845506183814
295,-24.445890027895157,27.107845506183814
296,-23.918031125578327,28.00751423167629
296,-23.918031125578327,28.00751423167629
296,-23.918031125578327,28.00751423167629
296,-23.918031125578327,28.00751423167629
296,-23.918031125578327,28.00751423167629
296,-23.918031125578327,28.00751423167629
296,-23.918031125578327,28.00751423167629
297,-23.371787465302333,28.01090175771275
297,-23.371787465302333,28.01090175771275
297,-23.371787465302333,28.01090175771275
297,-23.371787465302333,28.01090175771275
297,-23.371787465302333,28.01090175771275
297,-23.371787465302333,28.01090175771275
297,-23.371787465302333,28.01090175771275
298,-23.782376038534238,28.025173688248934
298,-23.782376038534238,28.025173688248934
298,-23.782376038534238,28.025173688248934
298,-23.782376038534238,28.025173688248934
298,-23.782376038534238,28.025173688248934
298,-23.782376038534238,28.025173688248934
298,-23.782376038534238,28.025173688248934
299,-24.79250868754092,27.895345003534732
299,-24.79250868754092,27.895345003534732
299,-24.79250868754092,27.895345003534732
299,-24.79250868754092,27.895345003534732
299,-24.79250868754092,27.895345003534732
299,-24.79250868754092,27.895345003534732
299,-24.79250868754092,27.895345003534732
300,-24.711026910684897,26.781904880889947
300,-24.711026910684897,26.781904880889947
300,-24.711026910684897,26.781904880889947
300,-24.711026910684897,26.781904880889947
300,-24.711026910684897,26.781904880889947
300,-24.711026910684897,26.781904880889947
300,-24.711026910684897,26.781904880889947
301,-24.30210664111683,27.87718942353048
301,-24.30210664111683,27.87718942353048
301,-24.30210664111683,27.87718942353048
301,-24.30210664111683,27.87718942353048
301,-24.30210664111683,27.87718942353048
301,-24.30210664111683,27.87718942353048
301,-24.30210664111683,27.87718942353048
302,-24.460353754849503,27.875787215568657
302,-24.460353754849503,27.875787215568657
302,-24.460353754849503,27.875787215568657
302,-24.460353754849503,27.875787215568657
302,-24.460353754849503,27.875787215568657
302,-24.460353754849503,27.875787215568657
302,-24.460353754849503,27.875787215568657
303,-24.99449165148676,28.01090186160109
303,-24.99449165148676,28.01090186160109
303,-24.99449165148676,28.01090186160109
303,-24.99449165148676,28.01090186160109
303,-24.99449165148676,28.01090186160109
303,-24.99449165148676,28.01090186160109
303,-24.99449165148676,28.01090186160109
304,-24.07674944148601,26.84012729568009
304,-24.07674944148601,26.84012729568009
304,-24.07674944148601,26.84012729568009
304,-24.07674944148601,26.84012729568009
304,-24.07674944148601,26.84012729568009
304,-24.07674944148601,26.84012729568009
304,-24.07674944148601,26.84012729568009
305,-24.13843304719605,27.676340111537083
305,-24.13843304719605,27.676340111537083
305,-24.13843304719605,27.676340111537083
305,-24.13843304719605,27.676340111537083
305,-24.13843304719605,27.676340111537083
305,-24.13843304719605,27.676340111537083
305,-24.13843304719605,27.676340111537083
306,-23.856165651310445,27.48161367358467
306,-23.856165651310445,27.48161367358467
306,-23.856165651310445,27.48161367358467
306,-23.856165651310445,27.48161367358467
306,-23.856165651310445,27.48161367358467
306,-23.856165651310445,27.48161367358467
306,-23.856165651310445,27.48161367358467
307,-24.06493530675276,26.78187781840573
307,-24.06493530675276,26.78187781840573
307,-24.06493530675276,26.78187781840573
307,-24.06493530675276,26.78187781840573
307,-24.06493530675276,26.78187781840573
307,-24.06493530675276,26.78187781840573
307,-24.06493530675276,26.78187781840573
308,-23.563054251883287,27.875787215568657
308,-23.563054251883287,27.875787215568657
308,-23.563054251883287,27.875787215568657
308,-23.563054251883287,27.875787215568657
308,-23.563054251883287,27.875787215568657
308,-23.563054251883287,27.875787215568657
308,-23.563054251883287,27.875787215568657
309,-24.130383693138633,27.67743256936212
309,-24.130383693138633,27.67743256936212
309,-24.130383693138633,27.67743256936212
309,-24.130383693138633,27.67743256936212
309,-24.130383693138633,27.67743256936212
309,-24.130383693138633,27.67743256936212
309,-24.130383693138633,27.67743256936212
310,-22.763800965783854,26.644836573769876
310,-22.763800965783854,26.644836573769876
310,-22.763800965783854,26.644836573769876
310,-22.763800965783854,26.644836573769876
310,-22.763800965783854,26.644836573769876
310,-22.763800965783854,26.644836573769876
310,-22.763800965783854,26.644836573769876
311,-23.947932036601618,27.897289771000306
311,-23.947932036601618,27.897289771000306
311,-23.947932036601618,27.897289771000306
311,-23.947932036601618,27.897289771000306
311,-23.947932036601618,27.897289771000306
311,-23.947932036601618,27.897289771000306
311,-23.947932036601618,27.897289771000306
312,-24.726052197461094,28.025173688248934
312,-24.726052197461094,28.025173688248934
312,-24.726052197461094,28.025173688248934
312,-24.726052197461094,28.025173688248934
312,-24.726052197461094,28.025173688248934
312,-24.726052197461094,28.025173688248934
312,-24.726052197461094,28.025173688248934
313,-24.19321465024253,27.082092440937252
313,-24.19321465024253,27.082092440937252
313,-24.19321465024253,27.082092440937252
313,-24.19321465024253,27.082092440937252
313,-24.19321465024253,27.082092440937252
313,-24.19321465024253,27.082092440937252
313,-24.19321465024253,27.082092440937252
314,-24.4637292814779,27.503746123181447
314,-24.4637292814779,27.503746123181447
314,-24.4637292814779,27.503746123181447
314,-24.4637292814779,27.503746123181447
314,-24.4637292814779,27.503746123181447
314,-24.4637292814779,27.503746123181447
314,-24.4637292814779,27.503746123181447
315,-24.452997397114054,27.678607228721095
315,-24.452997397114054,27.678607228721095
315,-24.452997397114054,27.678607228721095
315,-24.452997397114054,27.678607228721095
315,-24.452997397114054,27.678607228721095
315,-24.452997397114054,27.678607228721095
315,-24.452997397114054,27.678607228721095
316,-23.595649449719016,27.907731836822283
316,-23.595649449719016,27.907731836822283
316,-23.595649449719016,27.907731836822283
316,-23.595649449719016,27.907731836822283
316,-23.595649449719016,27.907731836822283
316,-23.595649449719016,27.907731836822283
316,-23.595649449719016,27.907731836822283
317,-24.706054647314705,27.67748770841184
317,-24.706054647314705,27.67748770841184
317,-24.706054647314705,27.67748770841184
317,-24.706054647314705,27.67748770841184
317,-24.706054647314705,27.67748770841184
317,-24.706054647314705,27.67748770841184
317,-24.706054647314705,27.67748770841184
318,-25.38954281686229,28.025173688248934
318,-25.38954281686229,28.025173688248934
318,-25.38954281686229,28.025173688248934
318,-25.38954281686229,28.025173688248934
318,-25.38954281686229,28.025173688248934
318,-25.38954281686229,28.025173688248934
318,-25.38954281686229,28.025173688248934
319,-24.637259558389456,27.874510237592897
319,-24.637259558389456,27.874510237592897
319,-24.637259558389456,27.874510237592897
319,-24.637259558389456,27.874510237592897
319,-24.637259558389456,27.874510237592897
319,-24.637259558389456,27.874510237592897
319,-24.637259558389456,27.874510237592897
320,-23.64228521650888,28.025173688248934
320,-23.64228521650888,28.025173688248934
320,-23.64228521650888,28.025173688248934
320,-23.64228521650888,28.025173688248934
320,-23.64228521650888,28.025173688248934
320,-23.64228521650888,28.025173688248934
320,-23.64228521650888,28.025173688248934
321,-23.572754804403097,27.294309269821408
321,-23.572754804403097,27.294309269821408
321,-23.572754804403097,27.294309269821408
321,-23.572754804403097,27.294309269821408
321,-23.572754804403097,27.294309269821408
321,-23.572754804403097,27.294309269821408
321,-23.572754804403097,27.294309269821408
322,-24.170129878597503,27.874468396344554
322,-24.170129878597503,27.874468396344554
322,-24.170129878597503,27.874468396344554
322,-24.170129878597503,27.874468396344554
322,-24.170129878597503,27.874468396344554
322,-24.170129878597503,27.874468396344554
322,-24.170129878597503,27.874468396344554
323,-23.969693146623857,28.031882928363498
323,-23.969693146623857,28.031882928363498
323,-23.969693146623857,28.031882928363498
323,-23.969693146623857,28.031882928363498
323,-23.969693146623857,28.031882928363498
323,-23.969693146623857,28.031882928363498
323,-23.969693146623857,28.031882928363498
324,-24.280265968149376,27.87718942353048
324,-24.280265968149376,27.87718942353048
324,-24.280265968149376,27.87718942353048
324,-24.280265968149376,27.87718942353048
324,-24.280265968149376,27.87718942353048
324,-24.280265968149376,27.87718942353048
324,-24.280265968149376,27.87718942353048
325,-24.0572809253057,27.87992949915448
325,-24.0572809253057,27.87992949915448
325,-24.0572809253057,27.87992949915448
325,-24.0572809253057,27.87992949915448
325,-24.0572809253057,27.87992949915448
325,-24.0572809253057,27.87992949915448
325,-24.0572809253057,27.87992949915448
326,-24.90878008329188,28.00390983009691
326,-24.90878008329188,28.00390983009691
326,-24.90878008329188,28.00390983009691
326,-24.90878008329188,28.00390983009691
326,-24.90878008329188,28.00390983009691
326,-24.90878008329188,28.00390983009691
326,-24.90878008329188,28.00390983009691
327,-24.486120493020394,28.01090186160109
327,-24.486120493020394,28.01090186160109
327,-24.486120493020394,28.01090186160109
327,-24.486120493020394,28.01090186160109
327,-24.486120493020394,28.01090186160109
327,-24.486120493020394,28.01090186160109
327,-24.486120493020394,28.01090186160109
328,-24.486982958828275,28.01090186160109
328,-24.486982958828275,28.01090186160109
328,-24.486982958828275,28.01090186160109
328,-24.486982958828275,28.01090186160109
328,-24.486982958828275,28.01090186160109
328,-24.486982958828275,28.01090186160109
328,-24.486982958828275,28.01090186160109
329,-23.65683619538291,27.291772922197488
329,-23.65683619538291,27.291772922197488
329,-23.65683619538291,27.291772922197488
329,-23.65683619538291,27.291772922197488
329,-23.65683619538291,27.291772922197488
329,-23.65683619538291,27.291772922197488
329,-23.65683619538291,27.291772922197488
330,-24.81095861669701,27.911747139741394
330,-24.81095861669701,27.911747139741394
330,-24.81095861669701,27.911747139741394
330,-24.81095861669701,27.911747139741394
330,-24.81095861669701,27.911747139741394
330,-24.81095861669701,27.911747139741394
330,-24.81095861669701,27.911747139741394
331,-24.685503901499565,27.451361958931905
331,-24.685503901499565,27.451361958931905
331,-24.685503901499565,27.451361958931905
331,-24.685503901499565,27.451361958931905
331,-24.685503901499565,27.451361958931905
331,-24.685503901499565,27.451361958931905
331,-24.685503901499565,27.451361958931905
332,-23.96705868911165,27.87832224164111
332,-23.96705868911165,27.87832224164111
332,-23.96705868911165,27.87832224164111
332,-23.96705868911165,27.87832224164111
332,-23.96705868911165,27.87832224164111
332,-23.96705868911165,27.87832224164111
332,-23.96705868911165,27.87832224164111
333,-24.3434110316666,27.67605433824473
333,-24.3434110316666,27.67605433824473
333,-24.3434110316666,27.67605433824473
333,-24.3434110316666,27.67605433824473
333,-24.3434110316666,27.67605433824473
333,-24.3434110316666,27.67605433824473
333,-24.3434110316666,27.67605433824473
334,-24.74142241183708,28.01452247725087
334,-24.74142241183708,28.01452247725087
334,-24.74142241183708,28.01452247725087
334,-24.74142241183708,28.01452247725087
334,-24.74142241183708,28.01452247725087
334,-24.74142241183708,28.01452247725087
334,-24.74142241183708,28.01452247725087
335,-23.378280152098878,27.383228914237822
335,-23.378280152098878,27.383228914237822
335,-23.378280152098878,27.383228914237822
335,-23.378280152098878,27.383228914237822
335,-23.378280152098878,27.383228914237822
335,-23.378280152098878,27.383228914237822
335,-23.378280152098878,27.383228914237822
336,-24.332537816152566,29.89230788381008
336,-24.332537816152566,29.89230788381008
336,-24.332537816152566,29.89230788381008
336,-24.332537816152566,29.89230788381008
336,-24.332537816152566,29.89230788381008
336,-24.332537816152566,29.89230788381008
336,-24.332537816152566,29.89230788381008
337,-25.144691998626623,27.084124543064206
337,-25.144691998626623,27.084124543064206
337,-25.144691998626623,27.084124543064206
337,-25.144691998626623,27.084124543064206
337,-25.144691998626623,27.084124543064206
337,-25.144691998626623,27.084124543064206
337,-25.144691998626623,27.084124543064206
338,-25.021781594845248,27.87846640150624
338,-25.021781594845248,27.87846640150624
338,-25.021781594845248,27.87846640150624
338,-25.021781594845248,27.87846640150624
338,-25.021781594845248,27.87846640150624
338,-25.021781594845248,27.87846640150624
338,-25.021781594845248,27.87846640150624
339,-24.177913389824372,27.166801353536513
339,-24.177913389824372,27.166801353536513
339,-24.177913389824372,27.166801353536513
339,-24.177913389824372,27.166801353536513
339,-24.177913389824372,27.166801353536513
339,-24.177913389824372,27.166801353536513
339,-24.177913389824372,27.166801353536513
340,-24.292049845217626,30.250748833138275
340,-24.292049845217626,30.250748833138275
340,-24.292049845217626,30.250748833138275
340,-24.292049845217626,30.250748833138275
340,-24.292049845217626,30.250748833138275
340,-24.292049845217626,30.250748833138275
340,-24.292049845217626,30.250748833138275
341,-23.831326211053174,26.644836573769876
341,-23.831326211053174,26.644836573769876
341,-23.831326211053174,26.644836573769876
341,-23.831326211053174,26.644836573769876
341,-23.831326211053174,26.644836573769876
341,-23.831326211053174,26.644836573769876
341,-23.831326211053174,26.644836573769876
342,-23.86034692915368,26.636903550336193
342,-23.86034692915368,26.636903550336193
342,-23.86034692915368,26.636903550336193
342,-23.86034692915368,26.636903550336193
342,-23.86034692915368,26.636903550336193
342,-23.86034692915368,26.636903550336193
342,-23.86034692915368,26.636903550336193
343,-24.61433204187852,26.96933803631906
343,-24.61433204187852,26.96933803631906
343,-24.61433204187852,26.96933803631906
343,-24.61433204187852,26.96933803631906
343,-24.61433204187852,26.96933803631906
343,-24.61433204187852,26.96933803631906
343,-24.61433204187852,26.96933803631906
344,-24.030295635591155,28.00464424856892
344,-24.030295635591155,28.00464424856892
344,-24.030295635591155,28.00464424856892
344,-24.030295635591155,28.00464424856892
344,-24.030295635591155,28.00464424856892
344,-24.030295635591155,28.00464424856892
344,-24.030295635591155,28.00464424856892
345,-23.95437426912602,27.19078819953568
345,-23.95437426912602,27.19078819953568
345,-23.95437426912602,27.19078819953568
345,-23.95437426912602,27.19078819953568
345,-23.95437426912602,27.19078819953568
345,-23.95437426912602,27.19078819953568
345,-23.95437426912602,27.19078819953568
346,-23.41936063407244,27.674322788174255
346,-23.41936063407244,27.674322788174255
346,-23.41936063407244,27.674322788174255
346,-23.41936063407244,27.674322788174255
346,-23.41936063407244,27.674322788174255
346,-23.41936063407244,27.674322788174255
346,-23.41936063407244,27.674322788174255
347,-23.371788695421365,27.87978533928935
347,-23.371788695421365,27.87978533928935
347,-23.371788695421365,27.87978533928935
347,-23.371788695421365,27.87978533928935
347,-23.371788695421365,27.87978533928935
347,-23.371788695421365,27.87978533928935
347,-23.371788695421365,27.87978533928935
348,-24.408000959114478,27.875572429122677
348,-24.408000959114478,27.875572429122677
348,-24.408000959114478,27.875572429122677
348,-24.408000959114478,27.875572429122677
348,-24.408000959114478,27.875572429122677
348,-24.408000959114478,27.875572429122677
348,-24.408000959114478,27.875572429122677
349,-24.515784367196353,26.652086341425132
349,-24.515784367196353,26.652086341425132
349,-24.515784367196353,26.652086341425132
349,-24.515784367196353,26.652086341425132
349,-24.515784367196353,26.652086341425132
349,-24.515784367196353,26.652086341425132
349,-24.515784367196353,26.652086341425132
350,-23.020138956396277,27.985086460602844
350,-23.020138956396277,27.985086460602844
350,-23.020138956396277,27.985086460602844
350,-23.020138956396277,27.985086460602844
350,-23.020138956396277,27.985086460602844
350,-23.020138956396277,27.985086460602844
350,-23.020138956396277,27.985086460602844
351,-24.766386768833648,28.00753044574669
351,-24.766386768833648,28.00753044574669
351,-24.766386768833648,28.00753044574669
351,-24.766386768833648,28.00753044574669
351,-24.766386768833648,28.00753044574669
351,-24.766386768833648,28.00753044574669
351,-24.766386768833648,28.00753044574669
352,-25.121066571562846,28.00635031875487
352,-25.121066571562846,28.00635031875487
352,-25.121066571562846,28.00635031875487
352,-25.121066571562846,28.00635031875487
352,-25.121066571562846,28.00635031875487
352,-25.121066571562846,28.00635031875487
352,-25.121066571562846,28.00635031875487
353,-24.254428898689998,28.00390983009691
353,-24.254428898689998,28.00390983009691
353,-24.254428898689998,28.00390983009691
353,-24.254428898689998,28.00390983009691
353,-24.254428898689998,28.00390983009691
353,-24.254428898689998,28.00390983009691
353,-24.254428898689998,28.00390983009691
354,-24.392878386667675,27.8797147127085
354,-24.392878386667675,27.8797147127085
354,-24.392878386667675,27.8797147127085
354,-24.392878386667675,27.8797147127085
354,-24.392878386667675,27.8797147127085
354,-24.392878386667675,27.8797147127085
354,-24.392878386667675,27.8797147127085
355,-24.305381032111107,27.449330714042635
355,-24.305381032111107,27.449330714042635
355,-24.305381032111107,27.449330714042635
355,-24.305381032111107,27.449330714042635
355,-24.305381032111107,27.449330714042635
355,-24.305381032111107,27.449330714042635
355,-24.305381032111107,27.449330714042635
356,-23.89225564723104,27.875572429122677
356,-23.89225564723104,27.875572429122677
356,-23.89225564723104,27.875572429122677
356,-23.89225564723104,27.875572429122677
356,-23.89225564723104,27.875572429122677
356,-23.89225564723104,27.875572429122677
356,-23.89225564723104,27.875572429122677
357,-25.37055720735697,27.9240620991225
357,-25.37055720735697,27.9240620991225
357,-25.37055720735697,27.9240620991225
357,-25.37055720735697,27.9240620991225
357,-25.37055720735697,27.9240620991225
357,-25.37055720735697,27.9240620991225
357,-25.37055720735697,27.9240620991225
358,-23.852046913656736,28.028794303898714
358,-23.852046913656736,28.028794303898714
358,-23.852046913656736,28.028794303898714
358,-23.852046913656736,28.028794303898714
358,-23.852046913656736,28.028794303898714
358,-23.852046913656736,28.028794303898714
358,-23.852046913656736,28.028794303898714
359,-24.27103100683682,27.894610585062722
359,-24.27103100683682,27.894610585062722
359,-24.27103100683682,27.894610585062722
359,-24.27103100683682,27.894610585062722
359,-24.27103100683682,27.894610585062722
359,-24.27103100683682,27.894610585062722
359,-24.27103100683682,27.894610585062722
360,-23.57580685966611,29.322010656805883
360,-23.57580685966611,29.322010656805883
360,-23.57580685966611,29.322010656805883
360,-23.57580685966611,29.322010656805883
360,-23.57580685966611,29.322010656805883
360,-23.57580685966611,29.322010656805883
360,-23.57580685966611,29.322010656805883
361,-23.530330821729,27.89875286864854
361,-23.530330821729,27.89875286864854
361,-23.530330821729,27.89875286864854
361,-23.530330821729,27.89875286864854
361,-23.530330821729,27.89875286864854
361,-23.530330821729,27.89875286864854
361,-23.530330821729,27.89875286864854
362,-24.39580999710628,27.87846640150624
362,-24.39580999710628,27.87846640150624
362,-24.39580999710628,27.87846640150624
362,-24.39580999710628,27.87846640150624
362,-24.39580999710628,27.87846640150624
362,-24.39580999710628,27.87846640150624
362,-24.39580999710628,27.87846640150624
363,-24.252044659820836,27.87978533928935
363,-24.252044659820836,27.87978533928935
363,-24.252044659820836,27.87978533928935
363,-24.252044659820836,27.87978533928935
363,-24.252044659820836,27.87978533928935
363,-24.252044659820836,27.87978533928935
363,-24.252044659820836,27.87978533928935
364,-23.195455605424613,28.011636280073102
364,-23.195455605424613,28.011636280073102
364,-23.195455605424613,28.011636280073102
364,-23.195455605424613,28.011636280073102
364,-23.195455605424613,28.011636280073102
364,-23.195455605424613,28.011636280073102
364,-23.195455605424613,28.011636280073102
365,-24.283978577470272,27.874495458828772
365,-24.283978577470272,27.874495458828772
365,-24.283978577470272,27.874495458828772
365,-24.283978577470272,27.874495458828772
365,-24.283978577470272,27.874495458828772
365,-24.283978577470272,27.874495458828772
365,-24.283978577470272,27.874495458828772
366,-24.626823510356726,26.837157597868313
366,-24.626823510356726,26.837157597868313
366,-24.626823510356726,26.837157597868313
366,-24.626823510356726,26.837157597868313
366,-24.626823510356726,26.837157597868313
366,-24.626823510356726,26.837157597868313
366,-24.626823510356726,26.837157597868313
367,-24.334698073222295,27.171369803287387
367,-24.334698073222295,27.171369803287387
367,-24.334698073222295,27.171369803287387
367,-24.334698073222295,27.171369803287387
367,-24.334698073222295,27.171369803287387
367,-24.334698073222295,27.171369803287387
367,-24.334698073222295,27.171369803287387
368,-23.81176522194135,27.87978533928935
368,-23.81176522194135,27.87978533928935
368,-23.81176522194135,27.87978533928935
368,-23.81176522194135,27.87978533928935
368,-23.81176522194135,27.87978533928935
368,-23.81176522194135,27.87978533928935
368,-23.81176522194135,27.87978533928935
369,-24.4604195090772,27.451334896447687
369,-24.4604195090772,27.451334896447687
369,-24.4604195090772,27.451334896447687
369,-24.4604195090772,27.451334896447687
369,-24.4604195090772,27.451334896447687
369,-24.4604195090772,27.451334896447687
369,-24.4604195090772,27.451334896447687
370,-22.740470962997552,28.028794303898714
370,-22.740470962997552,28.028794303898714
370,-22.740470962997552,28.028794303898714
370,-22.740470962997552,28.028794303898714
370,-22.740470962997552,28.028794303898714
370,-22.740470962997552,28.028794303898714
370,-22.740470962997552,28.028794303898714
371,-24.151247737300054,28.028794303898714
371,-24.151247737300054,28.028794303898714
371,-24.151247737300054,28.028794303898714
371,-24.151247737300054,28.028794303898714
371,-24.151247737300054,28.028794303898714
371,-24.151247737300054,28.028794303898714
371,-24.151247737300054,28.028794303898714
372,-23.836066060855668,27.696196526962897
372,-23.836066060855668,27.696196526962897
372,-23.836066060855668,27.696196526962897
372,-23.836066060855668,27.696196526962897
372,-23.836066060855668,27.696196526962897
372,-23.836066060855668,27.696196526962897
372,-23.836066060855668,27.696196526962897
373,-23.629575971172684,28.028794303898714
373,-23.629575971172684,28.028794303898714
373,-23.629575971172684,28.028794303898714
373,-23.629575971172684,28.028794303898714
373,-23.629575971172684,28.028794303898714
373,-23.629575971172684,28.028794303898714
373,-23.629575971172684,28.028794303898714
374,-24.683071033326474,28.00390983009691
374,-24.683071033326474,28.00390983009691
374,-24.683071033326474,28.00390983009691
374,-24.683071033326474,28.00390983009691
374,-24.683071033326474,28.00390983009691
374,-24.683071033326474,28.00390983009691
374,-24.683071033326474,28.00390983009691
375,-24.840551717132957,27.8982312007125
375,-24.840551717132957,27.8982312007125
375,-24.840551717132957,27.8982312007125
375,-24.840551717132957,27.8982312007125
375,-24.840551717132957,27.8982312007125
375,-24.840551717132957,27.8982312007125
375,-24.840551717132957,27.8982312007125
376,-23.35605178480945,27.67743256936212
376,-23.35605178480945,27.67743256936212
376,-23.35605178480945,27.67743256936212
376,-23.35605178480945,27.67743256936212
376,-23.35605178480945,27.67743256936212
376,-23.35605178480945,27.67743256936212
376,-23.35605178480945,27.67743256936212
377,-24.37025591196893,27.677474410610465
377,-24.37025591196893,27.677474410610465
377,-24.37025591196893,27.677474410610465
377,-24.37025591196893,27.677474410610465
377,-24.37025591196893,27.677474410610465
377,-24.37025591196893,27.677474410610465
377,-24.37025591196893,27.677474410610465
378,-23.169794949063327,27.185814319318855
378,-23.169794949063327,27.185814319318855
378,-23.169794949063327,27.185814319318855
378,-23.169794949063327,27.185814319318855
378,-23.169794949063327,27.185814319318855
378,-23.169794949063327,27.185814319318855
378,-23.169794949063327,27.185814319318855
379,-24.278416389226685,27.992078492107026
379,-24.278416389226685,27.992078492107026
379,-24.278416389226685,27.992078492107026
379,-24.278416389226685,27.992078492107026
379,-24.278416389226685,27.992078492107026
379,-24.278416389226685,27.992078492107026
379,-24.278416389226685,27.992078492107026
380,-24.2222248767858,28.01452247725087
380,-24.2222248767858,28.01452247725087
380,-24.2222248767858,28.01452247725087
380,-24.2222248767858,28.01452247725087
380,-24.2222248767858,28.01452247725087
380,-24.2222248767858,28.01452247725087
380,-24.2222248767858,28.01452247725087
381,-24.09321906908201,27.885693963183847
381,-24.09321906908201,27.885693963183847
381,-24.09321906908201,27.885693963183847
381,-24.09321906908201,27.885693963183847
381,-24.09321906908201,27.885693963183847
381,-24.09321906908201,27.885693963183847
381,-24.09321906908201,27.885693963183847
382,-24.503716310839494,27.992078492107026
382,-24.503716310839494,27.992078492107026
382,-24.503716310839494,27.992078492107026
382,-24.503716310839494,27.992078492107026
382,-24.503716310839494,27.992078492107026
382,-24.503716310839494,27.992078492107026
382,-24.503716310839494,27.992078492107026
383,-24.743176158060113,28.025173688248934
383,-24.743176158060113,28.025173688248934
383,-24.743176158060113,28.025173688248934
383,-24.743176158060113,28.025173688248934
383,-24.743176158060113,28.025173688248934
383,-24.743176158060113,28.025173688248934
383,-24.743176158060113,28.025173688248934
384,-24.45049193171462,27.984942300737714
384,-24.45049193171462,27.984942300737714
384,-24.45049193171462,27.984942300737714
384,-24.45049193171462,27.984942300737714
384,-24.45049193171462,27.984942300737714
384,-24.45049193171462,27.984942300737714
384,-24.45049193171462,27.984942300737714
385,-24.798701189803168,28.028794303898714
385,-24.798701189803168,28.028794303898714
385,-24.798701189803168,28.028794303898714
385,-24.798701189803168,28.028794303898714
385,-24.798701189803168,28.028794303898714
385,-24.798701189803168,28.028794303898714
385,-24.798701189803168,28.028794303898714
386,-23.697151461379658,28.01452247725087
386,-23.697151461379658,28.01452247725087
386,-23.697151461379658,28.01452247725087
386,-23.697151461379658,28.01452247725087
386,-23.697151461379658,28.01452247725087
386,-23.697151461379658,28.01452247725087
386,-23.697151461379658,28.01452247725087
387,-24.071242968801656,28.028794303898714
387,-24.071242968801656,28.028794303898714
387,-24.071242968801656,28.028794303898714
387,-24.071242968801656,28.028794303898714
387,-24.071242968801656,28.028794303898714
387,-24.071242968801656,28.028794303898714
387,-24.071242968801656,28.028794303898714
388,-23.948706231790226,27.297474190058995
388,-23.948706231790226,27.297474190058995
388,-23.948706231790226,27.297474190058995
388,-23.948706231790226,27.297474190058995
388,-23.948706231790226,27.297474190058995
388,-23.948706231790226,27.297474190058995
388,-23.948706231790226,27.297474190058995
389,-24.101012431990284,27.87978533928935
389,-24.101012431990284,27.87978533928935
389,-24.101012431990284,27.87978533928935
389,-24.101012431990284,27.87978533928935
389,-24.101012431990284,27.87978533928935
389,-24.101012431990284,27.87978533928935
389,-24.101012431990284,27.87978533928935
390,-23.46029727695732,29.89230788381008
390,-23.46029727695732,29.89230788381008
390,-23.46029727695732,29.89230788381008
390,-23.46029727695732,29.89230788381008
390,-23.46029727695732,29.89230788381008
390,-23.46029727695732,29.89230788381008
390,-23.46029727695732,29.89230788381008
391,-23.87324425517115,27.87992949915448
391,-23.87324425517115,27.87992949915448
391,-23.87324425517115,27.87992949915448
391,-23.87324425517115,27.87992949915448
391,-23.87324425517115,27.87992949915448
391,-23.87324425517115,27.87992949915448
391,-23.87324425517115,27.87992949915448
392,-24.201544278042793,27.87846640150624
392,-24.201544278042793,27.87846640150624
392,-24.201544278042793,27.87846640150624
392,-24.201544278042793,27.87846640150624
392,-24.201544278042793,27.87846640150624
392,-24.201544278042793,27.87846640150624
392,-24.201544278042793,27.87846640150624
393,-23.790092925808917,27.8982312007125
393,-23.790092925808917,27.8982312007125
393,-23.790092925808917,27.8982312007125
393,-23.790092925808917,27.8982312007125
393,-23.790092925808917,27.8982312007125
393,-23.790092925808917,27.8982312007125
393,-23.790092925808917,27.8982312007125
394,-24.315207389514217,27.67605433824473
394,-24.315207389514217,27.67605433824473
394,-24.315207389514217,27.67605433824473
394,-24.315207389514217,27.67605433824473
394,-24.315207389514217,27.67605433824473
394,-24.315207389514217,27.67605433824473
394,-24.315207389514217,27.67605433824473
395,-24.735623725609614,27.89875286864854
395,-24.735623725609614,27.89875286864854
395,-24.735623725609614,27.89875286864854
395,-24.735623725609614,27.89875286864854
395,-24.735623725609614,27.89875286864854
395,-24.735623725609614,27.89875286864854
395,-24.735623725609614,27.89875286864854
396,-23.54196389923464,27.87978533928935
396,-23.54196389923464,27.87978533928935
396,-23.54196389923464,27.87978533928935
396,-23.54196389923464,27.87978533928935
396,-23.54196389923464,27.87978533928935
396,-23.54196389923464,27.87978533928935
396,-23.54196389923464,27.87978533928935
397,-24.525728665871426,27.900910386650086
397,-24.525728665871426,27.900910386650086
397,-24.525728665871426,27.900910386650086
397,-24.525728665871426,27.900910386650086
397,-24.525728665871426,27.900910386650086
397,-24.525728665871426,27.900910386650086
397,-24.525728665871426,27.900910386650086
398,-24.86273165417504,27.29429534829497
398,-24.86273165417504,27.29429534829497
398,-24.86273165417504,27.29429534829497
398,-24.86273165417504,27.29429534829497
398,-24.86273165417504,27.29429534829497
398,-24.86273165417504,27.29429534829497
398,-24.86273165417504,27.29429534829497
399,-24.33948557047459,27.87718942353048
399,-24.33948557047459,27.87718942353048
399,-24.33948557047459,27.87718942353048
399,-24.33948557047459,27.87718942353048
399,-24.33948557047459,27.87718942353048
399,-24.33948557047459,27.87718942353048
399,-24.33948557047459,27.87718942353048
400,-24.90750677135642,27.424343893715612
400,-24.90750677135642,27.424343893715612
400,-24.90750677135642,27.424343893715612
400,-24.90750677135642,27.424343893715612
400,-24.90750677135642,27.424343893715612
400,-24.90750677135642,27.424343893715612
400,-24.90750677135642,27.424343893715612
401,-22.91461308289014,27.985086460602844
401,-22.91461308289014,27.985086460602844
401,-22.91461308289014,27.985086460602844
401,-22.91461308289014,27.985086460602844
401,-22.91461308289014,27.985086460602844
401,-22.91461308289014,27.985086460602844
401,-22.91461308289014,27.985086460602844
402,-24.14896387322136,27.676340111537083
402,-24.14896387322136,27.676340111537083
402,-24.14896387322136,27.676340111537083
402,-24.14896387322136,27.676340111537083
402,-24.14896387322136,27.676340111537083
402,-24.14896387322136,27.676340111537083
402,-24.14896387322136,27.676340111537083
403,-24.658451477301416,27.8797147127085
403,-24.658451477301416,27.8797147127085
403,-24.658451477301416,27.8797147127085
403,-24.658451477301416,27.8797147127085
403,-24.658451477301416,27.8797147127085
403,-24.658451477301416,27.8797147127085
403,-24.658451477301416,27.8797147127085
404,-24.22612868005988,28.01090175771275
404,-24.22612868005988,28.01090175771275
404,-24.22612868005988,28.01090175771275
404,-24.22612868005988,28.01090175771275
404,-24.22612868005988,28.01090175771275
404,-24.22612868005988,28.01090175771275
404,-24.22612868005988,28.01090175771275
405,-23.503255585131786,26.638278201360777
405,-23.503255585131786,26.638278201360777
405,-23.503255585131786,26.638278201360777
405,-23.503255585131786,26.638278201360777
405,-23.503255585131786,26.638278201360777
405,-23.503255585131786,26.638278201360777
405,-23.503255585131786,26.638278201360777
406,-23.926178008961223,27.191892232313805
406,-23.926178008961223,27.191892232313805
406,-23.926178008961223,27.191892232313805
406,-23.926178008961223,27.191892232313805
406,-23.926178008961223,27.191892232313805
406,-23.926178008961223,27.191892232313805
406,-23.926178008961223,27.191892232313805
407,-24.6819083608302,29.797628771953722
407,-24.6819083608302,29.797628771953722
407,-24.6819083608302,29.797628771953722
407,-24.6819083608302,29.797628771953722
407,-24.6819083608302,29.797628771953722
407,-24.6819083608302,29.797628771953722
407,-24.6819083608302,29.797628771953722
408,-23.987492569600086,27.674322788174255
408,-23.987492569600086,27.674322788174255
408,-23.987492569600086,27.674322788174255
408,-23.987492569600086,27.674322788174255
408,-23.987492569600086,27.674322788174255
408,-23.987492569600086,27.674322788174255
408,-23.987492569600086,27.674322788174255
409,-24.33961277245989,29.902695381965483
409,-24.33961277245989,29.902695381965483
409,-24.33961277245989,29.902695381965483
409,-24.33961277245989,29.902695381965483
409,-24.33961277245989,29.902695381965483
409,-24.33961277245989,29.902695381965483
409,-24.33961277245989,29.902695381965483
410,-23.63995009529637,29.888676983214843
410,-23.63995009529637,29.888676983214843
410,-23.63995009529637,29.888676983214843
410,-23.63995009529637,29.888676983214843
410,-23.63995009529637,29.888676983214843
410,-23.63995009529637,29.888676983214843
410,-23.63995009529637,29.888676983214843
411,-24.32719217790585,27.894610585062722
411,-24.32719217790585,27.894610585062722
411,-24.32719217790585,27.894610585062722
411,-24.32719217790585,27.894610585062722
411,-24.32719217790585,27.894610585062722
411,-24.32719217790585,27.894610585062722
411,-24.32719217790585,27.894610585062722
412,-24.792076839162874,28.14402168311932
412,-24.792076839162874,28.14402168311932
412,-24.792076839162874,28.14402168311932
412,-24.792076839162874,28.14402168311932
412,-24.792076839162874,28.14402168311932
412,-24.792076839162874,28.14402168311932
412,-24.792076839162874,28.14402168311932
413,-24.850850005866537,27.676313049052865
413,-24.850850005866537,27.676313049052865
413,-24.850850005866537,27.676313049052865
413,-24.850850005866537,27.676313049052865
413,-24.850850005866537,27.676313049052865
413,-24.850850005866537,27.676313049052865
413,-24.850850005866537,27.676313049052865
414,-24.658203243218352,27.294297961535456
414,-24.658203243218352,27.294297961535456
414,-24.658203243218352,27.294297961535456
414,-24.658203243218352,27.294297961535456
414,-24.658203243218352,27.294297961535456
414,-24.658203243218352,27.294297961535456
414,-24.658203243218352,27.294297961535456
415,-24.67281526543885,26.99148179420179
415,-24.67281526543885,26.99148179420179
415,-24.67281526543885,26.99148179420179
415,-24.67281526543885,26.99148179420179
415,-24.67281526543885,26.99148179420179
415,-24.67281526543885,26.99148179420179
415,-24.67281526543885,26.99148179420179
416,-23.25116443326786,27.677228997603702
416,-23.25116443326786,27.677228997603702
416,-23.25116443326786,27.677228997603702
416,-23.25116443326786,27.677228997603702
416,-23.25116443326786,27.677228997603702
416,-23.25116443326786,27.677228997603702
416,-23.25116443326786,27.677228997603702
417,-24.205027083865307,27.87978533928935
417,-24.205027083865307,27.87978533928935
417,-24.205027083865307,27.87978533928935
417,-24.205027083865307,27.87978533928935
417,-24.205027083865307,27.87978533928935
417,-24.205027083865307,27.87978533928935
417,-24.205027083865307,27.87978533928935
418,-24.211444293343547,27.8982312007125
418,-24.211444293343547,27.8982312007125
418,-24.211444293343547,27.8982312007125
418,-24.211444293343547,27.8982312007125
418,-24.211444293343547,27.8982312007125
418,-24.211444293343547,27.8982312007125
418,-24.211444293343547,27.8982312007125
419,-24.21584404397413,27.87992949915448
419,-24.21584404397413,27.87992949915448
419,-24.21584404397413,27.87992949915448
419,-24.21584404397413,27.87992949915448
419,-24.21584404397413,27.87992949915448
419,-24.21584404397413,27.87992949915448
419,-24.21584404397413,27.87992949915448
420,-24.1781766964053,27.985086460602844
420,-24.1781766964053,27.985086460602844
420,-24.1781766964053,27.985086460602844
420,-24.1781766964053,27.985086460602844
420,-24.1781766964053,27.985086460602844
420,-24.1781766964053,27.985086460602844
420,-24.1781766964053,27.985086460602844
421,-23.741380265014396,27.426375995842566
421,-23.741380265014396,27.426375995842566
421,-23.741380265014396,27.426375995842566
421,-23.741380265014396,27.426375995842566
421,-23.741380265014396,27.426375995842566
421,-23.741380265014396,27.426375995842566
421,-23.741380265014396,27.426375995842566
422,-24.066264141238683,28.025173688248934
422,-24.066264141238683,28.025173688248934
422,-24.066264141238683,28.025173688248934
422,-24.066264141238683,28.025173688248934
422,-24.066264141238683,28.025173688248934
422,-24.066264141238683,28.025173688248934
422,-24.066264141238683,28.025173688248934
423,-23.74939963417052,27.079556093313332
423,-23.74939963417052,27.079556093313332
423,-23.74939963417052,27.079556093313332
423,-23.74939963417052,27.079556093313332
423,-23.74939963417052,27.079556093313332
423,-23.74939963417052,27.079556093313332
423,-23.74939963417052,27.079556093313332
424,-24.797009652765272,27.894610481174382
424,-24.797009652765272,27.894610481174382
424,-24.797009652765272,27.894610481174382
424,-24.797009652765272,27.894610481174382
424,-24.797009652765272,27.894610481174382
424,-24.797009652765272,27.894610481174382
424,-24.797009652765272,27.894610481174382
425,-23.417851342813325,27.678751388586225
425,-23.417851342813325,27.678751388586225
425,-23.417851342813325,27.678751388586225
425,-23.417851342813325,27.678751388586225
425,-23.417851342813325,27.678751388586225
425,-23.417851342813325,27.678751388586225
425,-23.417851342813325,27.678751388586225
426,-24.211765447596132,27.87846640150624
426,-24.211765447596132,27.87846640150624
426,-24.211765447596132,27.87846640150624
426,-24.211765447596132,27.87846640150624
426,-24.211765447596132,27.87846640150624
426,-24.211765447596132,27.87846640150624
426,-24.211765447596132,27.87846640150624
427,-24.338601301327103,28.00464424856892
427,-24.338601301327103,28.00464424856892
427,-24.338601301327103,28.00464424856892
427,-24.338601301327103,28.00464424856892
427,-24.338601301327103,28.00464424856892
427,-24.338601301327103,28.00464424856892
427,-24.338601301327103,28.00464424856892
428,-23.81118098761145,28.025173688248934
428,-23.81118098761145,28.025173688248934
428,-23.81118098761145,28.025173688248934
428,-23.81118098761145,28.025173688248934
428,-23.81118098761145,28.025173688248934
428,-23.81118098761145,28.025173688248934
428,-23.81118098761145,28.025173688248934
429,-24.138697942189896,27.08410976430008
429,-24.138697942189896,27.08410976430008
429,-24.138697942189896,27.08410976430008
429,-24.138697942189896,27.08410976430008
429,-24.138697942189896,27.08410976430008
429,-24.138697942189896,27.08410976430008
429,-24.138697942189896,27.08410976430008
430,-24.307475103633873,27.87846640150624
430,-24.307475103633873,27.87846640150624
430,-24.307475103633873,27.87846640150624
430,-24.307475103633873,27.87846640150624
430,-24.307475103633873,27.87846640150624
430,-24.307475103633873,27.87846640150624
430,-24.307475103633873,27.87846640150624
431,-23.98286414912782,27.875572429122677
431,-23.98286414912782,27.875572429122677
431,-23.98286414912782,27.875572429122677
431,-23.98286414912782,27.875572429122677
431,-23.98286414912782,27.875572429122677
431,-23.98286414912782,27.875572429122677
431,-23.98286414912782,27.875572429122677
432,-23.88604490723752,28.01090186160109
432,-23.88604490723752,28.01090186160109
432,-23.88604490723752,28.01090186160109
432,-23.88604490723752,28.01090186160109
432,-23.88604490723752,28.01090186160109
432,-23.88604490723752,28.01090186160109
432,-23.88604490723752,28.01090186160109
433,-24.50750753322028,29.89230788381008
433,-24.50750753322028,29.89230788381008
433,-24.50750753322028,29.89230788381008
433,-24.50750753322028,29.89230788381008
433,-24.50750753322028,29.89230788381008
433,-24.50750753322028,29.89230788381008
433,-24.50750753322028,29.89230788381008
434,-24.153687953394584,26.857568295143444
434,-24.153687953394584,26.857568295143444
434,-24.153687953394584,26.857568295143444
434,-24.153687953394584,26.857568295143444
434,-24.153687953394584,26.857568295143444
434,-24.153687953394584,26.857568295143444
434,-24.153687953394584,26.857568295143444
435,-24.7819884440155,27.380052685714286
435,-24.7819884440155,27.380052685714286
435,-24.7819884440155,27.380052685714286
435,-24.7819884440155,27.380052685714286
435,-24.7819884440155,27.380052685714286
435,-24.7819884440155,27.380052685714286
435,-24.7819884440155,27.380052685714286
436,-24.179206856229555,27.875643055703527
436,-24.179206856229555,27.875643055703527
436,-24.179206856229555,27.875643055703527
436,-24.179206856229555,27.875643055703527
436,-24.179206856229555,27.875643055703527
436,-24.179206856229555,27.875643055703527
436,-24.179206856229555,27.875643055703527
437,-24.646173616133154,28.025173688248934
437,-24.646173616133154,28.025173688248934
437,-24.646173616133154,28.025173688248934
437,-24.646173616133154,28.025173688248934
437,-24.646173616133154,28.025173688248934
437,-24.646173616133154,28.025173688248934
437,-24.646173616133154,28.025173688248934
438,-24.7881766284703,27.89875286864854
438,-24.7881766284703,27.89875286864854
438,-24.7881766284703,27.89875286864854
438,-24.7881766284703,27.89875286864854
438,-24.7881766284703,27.89875286864854
438,-24.7881766284703,27.89875286864854
438,-24.7881766284703,27.89875286864854
439,-23.94819848937367,27.67544230848351
439,-23.94819848937367,27.67544230848351
439,-23.94819848937367,27.67544230848351
439,-23.94819848937367,27.67544230848351
439,-23.94819848937367,27.67544230848351
439,-23.94819848937367,27.67544230848351
439,-23.94819848937367,27.67544230848351
440,-24.393173108717342,30.254450566328458
440,-24.393173108717342,30.254450566328458
440,-24.393173108717342,30.254450566328458
440,-24.393173108717342,30.254450566328458
440,-24.393173108717342,30.254450566328458
440,-24.393173108717342,30.254450566328458
440,-24.393173108717342,30.254450566328458
441,-24.35831174061964,27.085401521039966
441,-24.35831174061964,27.085401521039966
441,-24.35831174061964,27.085401521039966
441,-24.35831174061964,27.085401521039966
441,-24.35831174061964,27.085401521039966
441,-24.35831174061964,27.085401521039966
441,-24.35831174061964,27.085401521039966
442,-24.190398670734595,27.87846640150624
442,-24.190398670734595,27.87846640150624
442,-24.190398670734595,27.87846640150624
442,-24.190398670734595,27.87846640150624
442,-24.190398670734595,27.87846640150624
442,-24.190398670734595,27.87846640150624
442,-24.190398670734595,27.87846640150624
443,-24.37439953152456,27.676096179493072
443,-24.37439953152456,27.676096179493072
443,-24.37439953152456,27.676096179493072
443,-24.37439953152456,27.676096179493072
443,-24.37439953152456,27.676096179493072
443,-24.37439953152456,27.676096179493072
443,-24.37439953152456,27.676096179493072
444,-24.478737860686856,27.69757475808029
444,-24.478737860686856,27.69757475808029
444,-24.478737860686856,27.69757475808029
444,-24.478737860686856,27.69757475808029
444,-24.478737860686856,27.69757475808029
444,-24.478737860686856,27.69757475808029
444,-24.478737860686856,27.69757475808029
445,-24.188036870752608,27.991934332241897
445,-24.188036870752608,27.991934332241897
445,-24.188036870752608,27.991934332241897
445,-24.188036870752608,27.991934332241897
445,-24.188036870752608,27.991934332241897
445,-24.188036870752608,27.991934332241897
445,-24.188036870752608,27.991934332241897
446,-24.712018309475525,27.992078492107026
446,-24.712018309475525,27.992078492107026
446,-24.712018309475525,27.992078492107026
446,-24.712018309475525,27.992078492107026
446,-24.712018309475525,27.992078492107026
446,-24.712018309475525,27.992078492107026
446,-24.712018309475525,27.992078492107026
447,-24.391834842170464,27.894610585062722
447,-24.391834842170464,27.894610585062722
447,-24.391834842170464,27.894610585062722
447,-24.391834842170464,27.894610585062722
447,-24.391834842170464,27.894610585062722
447,-24.391834842170464,27.894610585062722
447,-24.391834842170464,27.894610585062722
448,-24.37600907025274,27.87718942353048
448,-24.37600907025274,27.87718942353048
448,-24.37600907025274,27.87718942353048
448,-24.37600907025274,27.87718942353048
448,-24.37600907025274,27.87718942353048
448,-24.37600907025274,27.87718942353048
448,-24.37600907025274,27.87718942353048
449,-23.621933609346954,27.678536602140245
449,-23.621933609346954,27.678536602140245
449,-23.621933609346954,27.678536602140245
449,-23.621933609346954,27.678536602140245
449,-23.621933609346954,27.678536602140245
449,-23.621933609346954,27.678536602140245
449,-23.621933609346954,27.678536602140245
450,-24.347170688190836,27.427652973818326
450,-24.347170688190836,27.427652973818326
450,-24.347170688190836,27.427652973818326
450,-24.347170688190836,27.427652973818326
450,-24.347170688190836,27.427652973818326
450,-24.347170688190836,27.427652973818326
450,-24.347170688190836,27.427652973818326
451,-24.948315101134035,28.01452247725087
451,-24.948315101134035,28.01452247725087
451,-24.948315101134035,28.01452247725087
451,-24.948315101134035,28.01452247725087
451,-24.948315101134035,28.01452247725087
451,-24.948315101134035,28.01452247725087
451,-24.948315101134035,28.01452247725087
452,-23.67922647940848,28.028794303898714
452,-23.67922647940848,28.028794303898714
452,-23.67922647940848,28.028794303898714
452,-23.67922647940848,28.028794303898714
452,-23.67922647940848,28.028794303898714
452,-23.67922647940848,28.028794303898714
452,-23.67922647940848,28.028794303898714
453,-23.621633604890505,26.64072550141757
453,-23.621633604890505,26.64072550141757
453,-23.621633604890505,26.64072550141757
453,-23.621633604890505,26.64072550141757
453,-23.621633604890505,26.64072550141757
453,-23.621633604890505,26.64072550141757
453,-23.621633604890505,26.64072550141757
454,-23.84236761321409,27.188784017130633
454,-23.84236761321409,27.188784017130633
454,-23.84236761321409,27.188784017130633
454,-23.84236761321409,27.188784017130633
454,-23.84236761321409,27.188784017130633
454,-23.84236761321409,27.188784017130633
454,-23.84236761321409,27.188784017130633
455,-23.71246176452382,27.87825161506026
455,-23.71246176452382,27.87825161506026
455,-23.71246176452382,27.87825161506026
455,-23.71246176452382,27.87825161506026
455,-23.71246176452382,27.87825161506026
455,-23.71246176452382,27.87825161506026
455,-23.71246176452382,27.87825161506026
456,-23.422589402716117,26.65098230864701
456,-23.422589402716117,26.65098230864701
456,-23.422589402716117,26.65098230864701
456,-23.422589402716117,26.65098230864701
456,-23.422589402716117,26.65098230864701
456,-23.422589402716117,26.65098230864701
456,-23.422589402716117,26.65098230864701
457,-24.12164160292303,27.45243892922581
457,-24.12164160292303,27.45243892922581
457,-24.12164160292303,27.45243892922581
457,-24.12164160292303,27.45243892922581
457,-24.12164160292303,27.45243892922581
457,-24.12164160292303,27.45243892922581
457,-24.12164160292303,27.45243892922581
458,-24.260069828585095,28.01090186160109
458,-24.260069828585095,28.01090186160109
458,-24.260069828585095,28.01090186160109
458,-24.260069828585095,28.01090186160109
458,-24.260069828585095,28.01090186160109
458,-24.260069828585095,28.01090186160109
458,-24.260069828585095,28.01090186160109
459,-24.497628774597775,27.92088814741464
459,-24.497628774597775,27.92088814741464
459,-24.497628774597775,27.92088814741464
459,-24.497628774597775,27.92088814741464
459,-24.497628774597775,27.92088814741464
459,-24.497628774597775,27.92088814741464
459,-24.497628774597775,27.92088814741464
460,-23.949685826316166,26.83760486958261
460,-23.949685826316166,26.83760486958261
460,-23.949685826316166,26.83760486958261
460,-23.949685826316166,26.83760486958261
460,-23.949685826316166,26.83760486958261
460,-23.949685826316166,26.83760486958261
460,-23.949685826316166,26.83760486958261
461,-23.908090692769655,26.972443638261744
461,-23.908090692769655,26.972443638261744
461,-23.908090692769655,26.972443638261744
461,-23.908090692769655,26.972443638261744
461,-23.908090692769655,26.972443638261744
461,-23.908090692769655,26.972443638261744
461,-23.908090692769655,26.972443638261744
462,-24.89833203369459,27.87825161506026
462,-24.89833203369459,27.87825161506026
462,-24.89833203369459,27.87825161506026
462,-24.89833203369459,27.87825161506026
462,-24.89833203369459,27.87825161506026
462,-24.89833203369459,27.87825161506026
462,-24.89833203369459,27.87825161506026
463,-24.398867876443187,27.191962858894655
463,-24.398867876443187,27.191962858894655
463,-24.398867876443187,27.191962858894655
463,-24.398867876443187,27.191962858894655
463,-24.398867876443187,27.191962858894655
463,-24.398867876443187,27.191962858894655
463,-24.398867876443187,27.191962858894655
464,-24.41103412520948,28.01090186160109
464,-24.41103412520948,28.01090186160109
464,-24.41103412520948,28.01090186160109
464,-24.41103412520948,28.01090186160109
464,-24.41103412520948,28.01090186160109
464,-24.41103412520948,28.01090186160109
464,-24.41103412520948,28.01090186160109
465,-24.399129292265116,28.01452247725087
465,-24.399129292265116,28.01452247725087
465,-24.399129292265116,28.01452247725087
465,-24.399129292265116,28.01452247725087
465,-24.399129292265116,28.01452247725087
465,-24.399129292265116,28.01452247725087
465,-24.399129292265116,28.01452247725087
466,-24.187963125716088,27.875643055703527
466,-24.187963125716088,27.875643055703527
466,-24.187963125716088,27.875643055703527
466,-24.187963125716088,27.875643055703527
466,-24.187963125716088,27.875643055703527
466,-24.187963125716088,27.875643055703527
466,-24.187963125716088,27.875643055703527
467,-24.334110193986493,27.875787215568657
467,-24.334110193986493,27.875787215568657
467,-24.334110193986493,27.875787215568657
467,-24.334110193986493,27.875787215568657
467,-24.334110193986493,27.875787215568657
467,-24.334110193986493,27.875787215568657
467,-24.334110193986493,27.875787215568657
468,-23.42767635399618,27.674052769080166
468,-23.42767635399618,27.674052769080166
468,-23.42767635399618,27.674052769080166
468,-23.42767635399618,27.674052769080166
468,-23.42767635399618,27.674052769080166
468,-23.42767635399618,27.674052769080166
468,-23.42767635399618,27.674052769080166
469,-24.566902467885157,28.01090186160109
469,-24.566902467885157,28.01090186160109
469,-24.566902467885157,28.01090186160109
469,-24.566902467885157,28.01090186160109
469,-24.566902467885157,28.01090186160109
469,-24.566902467885157,28.01090186160109
469,-24.566902467885157,28.01090186160109
470,-23.923149297918073,26.63654976660972
470,-23.923149297918073,26.63654976660972
470,-23.923149297918073,26.63654976660972
470,-23.923149297918073,26.63654976660972
470,-23.923149297918073,26.63654976660972
470,-23.923149297918073,26.63654976660972
470,-23.923149297918073,26.63654976660972
471,-24.534113788314638,27.87992949915448
471,-24.534113788314638,27.87992949915448
471,-24.534113788314638,27.87992949915448
471,-24.534113788314638,27.87992949915448
471,-24.534113788314638,27.87992949915448
471,-24.534113788314638,27.87992949915448
471,-24.534113788314638,27.87992949915448
472,-24.344970415367865,27.992078492107026
472,-24.344970415367865,27.992078492107026
472,-24.344970415367865,27.992078492107026
472,-24.344970415367865,27.992078492107026
472,-24.344970415367865,27.992078492107026
472,-24.344970415367865,27.992078492107026
472,-24.344970415367865,27.992078492107026
473,-23.98684341239209,29.888676983214843
473,-23.98684341239209,29.888676983214843
473,-23.98684341239209,29.888676983214843
473,-23.98684341239209,29.888676983214843
473,-23.98684341239209,29.888676983214843
473,-23.98684341239209,29.888676983214843
473,-23.98684341239209,29.888676983214843
474,-24.976436791393255,27.678536602140245
474,-24.976436791393255,27.678536602140245
474,-24.976436791393255,27.678536602140245
474,-24.976436791393255,27.678536602140245
474,-24.976436791393255,27.678536602140245
474,-24.976436791393255,27.678536602140245
474,-24.976436791393255,27.678536602140245
475,-23.714658547352336,27.29740356347814
475,-23.714658547352336,27.29740356347814
475,-23.714658547352336,27.29740356347814
475,-23.714658547352336,27.29740356347814
475,-23.714658547352336,27.29740356347814
475,-23.714658547352336,27.29740356347814
475,-23.714658547352336,27.29740356347814
476,-24.20241539717482,27.944158754239393
476,-24.20241539717482,27.944158754239393
476,-24.20241539717482,27.944158754239393
476,-24.20241539717482,27.944158754239393
476,-24.20241539717482,27.944158754239393
476,-24.20241539717482,27.944158754239393
476,-24.20241539717482,27.944158754239393
477,-24.167682942782363,27.676340111537083
477,-24.167682942782363,27.676340111537083
477,-24.167682942782363,27.676340111537083
477,-24.167682942782363,27.676340111537083
477,-24.167682942782363,27.676340111537083
477,-24.167682942782363,27.676340111537083
477,-24.167682942782363,27.676340111537083
478,-23.7321426655678,27.292025454943484
478,-23.7321426655678,27.292025454943484
478,-23.7321426655678,27.292025454943484
478,-23.7321426655678,27.292025454943484
478,-23.7321426655678,27.292025454943484
478,-23.7321426655678,27.292025454943484
478,-23.7321426655678,27.292025454943484
479,-24.15366720651746,27.383373074102952
479,-24.15366720651746,27.383373074102952
479,-24.15366720651746,27.383373074102952
479,-24.15366720651746,27.383373074102952
479,-24.15366720651746,27.383373074102952
479,-24.15366720651746,27.383373074102952
479,-24.15366720651746,27.383373074102952
480,-23.96966935448772,27.261066763291872
480,-23.96966935448772,27.261066763291872
480,-23.96966935448772,27.261066763291872
480,-23.96966935448772,27.261066763291872
480,-23.96966935448772,27.261066763291872
480,-23.96966935448772,27.261066763291872
480,-23.96966935448772,27.261066763291872
481,-24.6497684942224,28.01090175771275
481,-24.6497684942224,28.01090175771275
481,-24.6497684942224,28.01090175771275
481,-24.6497684942224,28.01090175771275
481,-24.6497684942224,28.01090175771275
481,-24.6497684942224,28.01090175771275
481,-24.6497684942224,28.01090175771275
482,-24.455404861011267,27.87992949915448
482,-24.455404861011267,27.87992949915448
482,-24.455404861011267,27.87992949915448
482,-24.455404861011267,27.87992949915448
482,-24.455404861011267,27.87992949915448
482,-24.455404861011267,27.87992949915448
482,-24.455404861011267,27.87992949915448
483,-23.860658417743572,27.67743256936212
483,-23.860658417743572,27.67743256936212
483,-23.860658417743572,27.67743256936212
483,-23.860658417743572,27.67743256936212
483,-23.860658417743572,27.67743256936212
483,-23.860658417743572,27.67743256936212
483,-23.860658417743572,27.67743256936212
484,-23.99046393492603,27.678536602140245
484,-23.99046393492603,27.678536602140245
484,-23.99046393492603,27.678536602140245
484,-23.99046393492603,27.678536602140245
484,-23.99046393492603,27.678536602140245
484,-23.99046393492603,27.678536602140245
484,-23.99046393492603,27.678536602140245
485,-24.76339505967604,28.025173688248934
485,-24.76339505967604,28.025173688248934
485,-24.76339505967604,28.025173688248934
485,-24.76339505967604,28.025173688248934
485,-24.76339505967604,28.025173688248934
485,-24.76339505967604,28.025173688248934
485,-24.76339505967604,28.025173688248934
486,-24.18148129540296,27.984942300737714
486,-24.18148129540296,27.984942300737714
486,-24.18148129540296,27.984942300737714
486,-24.18148129540296,27.984942300737714
486,-24.18148129540296,27.984942300737714
486,-24.18148129540296,27.984942300737714
486,-24.18148129540296,27.984942300737714
487,-23.00114258878124,27.676081400728947
487,-23.00114258878124,27.676081400728947
487,-23.00114258878124,27.676081400728947
487,-23.00114258878124,27.676081400728947
487,-23.00114258878124,27.676081400728947
487,-23.00114258878124,27.676081400728947
487,-23.00114258878124,27.676081400728947
488,-24.451180777921667,27.87978533928935
488,-24.451180777921667,27.87978533928935
488,-24.451180777921667,27.87978533928935
488,-24.451180777921667,27.87978533928935
488,-24.451180777921667,27.87978533928935
488,-24.451180777921667,27.87978533928935
488,-24.451180777921667,27.87978533928935
489,-25.068019158744363,29.901808519919857
489,-25.068019158744363,29.901808519919857
489,-25.068019158744363,29.901808519919857
489,-25.068019158744363,29.901808519919857
489,-25.068019158744363,29.901808519919857
489,-25.068019158744363,29.901808519919857
489,-25.068019158744363,29.901808519919857
490,-24.87067170866096,27.875572429122677
490,-24.87067170866096,27.875572429122677
490,-24.87067170866096,27.875572429122677
490,-24.87067170866096,27.875572429122677
490,-24.87067170866096,27.875572429122677
490,-24.87067170866096,27.875572429122677
490,-24.87067170866096,27.875572429122677
491,-22.950836467726685,27.191892232313805
491,-22.950836467726685,27.191892232313805
491,-22.950836467726685,27.191892232313805
491,-22.950836467726685,27.191892232313805
491,-22.950836467726685,27.191892232313805
491,-22.950836467726685,27.191892232313805
491,-22.950836467726685,27.191892232313805
492,-24.229897997064406,29.904141708778667
492,-24.229897997064406,29.904141708778667
492,-24.229897997064406,29.904141708778667
492,-24.229897997064406,29.904141708778667
492,-24.229897997064406,29.904141708778667
492,-24.229897997064406,29.904141708778667
492,-24.229897997064406,29.904141708778667
493,-24.31616854730321,27.710214925713537
493,-24.31616854730321,27.710214925713537
493,-24.31616854730321,27.710214925713537
493,-24.31616854730321,27.710214925713537
493,-24.31616854730321,27.710214925713537
493,-24.31616854730321,27.710214925713537
493,-24.31616854730321,27.710214925713537
494,-23.239566159042084,27.50736673883123
494,-23.239566159042084,27.50736673883123
494,-23.239566159042084,27.50736673883123
494,-23.239566159042084,27.50736673883123
494,-23.239566159042084,27.50736673883123
494,-23.239566159042084,27.50736673883123
494,-23.239566159042084,27.50736673883123
495,-24.363625596579745,27.427652973818326
495,-24.363625596579745,27.427652973818326
495,-24.363625596579745,27.427652973818326
495,-24.363625596579745,27.427652973818326
495,-24.363625596579745,27.427652973818326
495,-24.363625596579745,27.427652973818326
495,-24.363625596579745,27.427652973818326
496,-24.996687856778767,27.67635489030121
496,-24.996687856778767,27.67635489030121
496,-24.996687856778767,27.67635489030121
496,-24.996687856778767,27.67635489030121
496,-24.996687856778767,27.67635489030121
496,-24.996687856778767,27.67635489030121
496,-24.996687856778767,27.67635489030121
497,-24.739315189711245,28.01090186160109
497,-24.739315189711245,28.01090186160109
497,-24.739315189711245,28.01090186160109
497,-24.739315189711245,28.01090186160109
497,-24.739315189711245,28.01090186160109
497,-24.739315189711245,28.01090186160109
497,-24.739315189711245,28.01090186160109
498,-24.413585664137553,26.995102409851572
498,-24.413585664137553,26.995102409851572
498,-24.413585664137553,26.995102409851572
498,-24.413585664137553,26.995102409851572
498,-24.413585664137553,26.995102409851572
498,-24.413585664137553,26.995102409851572
498,-24.413585664137553,26.995102409851572
499,-23.99647086289521,27.69981714261268
499,-23.99647086289521,27.69981714261268
499,-23.99647086289521,27.69981714261268
499,-23.99647086289521,27.69981714261268
499,-23.99647086289521,27.69981714261268
499,-23.99647086289521,27.69981714261268
499,-23.99647086289521,27.69981714261268
500,-25.39593965311092,27.079556093313332
500,-25.39593965311092,27.079556093313332
500,-25.39593965311092,27.079556093313332
500,-25.39593965311092,27.079556093313332
500,-25.39593965311092,27.079556093313332
500,-25.39593965311092,27.079556093313332
500,-25.39593965311092,27.079556093313332
501,-23.291740022580402,28.025173688248934
501,-23.291740022580402,28.025173688248934
501,-23.291740022580402,28.025173688248934
501,-23.291740022580402,28.025173688248934
501,-23.291740022580402,28.025173688248934
501,-23.291740022580402,28.025173688248934
501,-23.291740022580402,28.025173688248934
502,-24.724726398683323,27.992078492107026
502,-24.724726398683323,27.992078492107026
502,-24.724726398683323,27.992078492107026
502,-24.724726398683323,27.992078492107026
502,-24.724726398683323,27.992078492107026
502,-24.724726398683323,27.992078492107026
502,-24.724726398683323,27.992078492107026
503,-23.840364374123006,27.424329972189174
503,-23.840364374123006,27.424329972189174
503,-23.840364374123006,27.424329972189174
503,-23.840364374123006,27.424329972189174
503,-23.840364374123006,27.424329972189174
503,-23.840364374123006,27.424329972189174
503,-23.840364374123006,27.424329972189174
504,-23.680828034589364,27.696196526962897
504,-23.680828034589364,27.696196526962897
504,-23.680828034589364,27.696196526962897
504,-23.680828034589364,27.696196526962897
504,-23.680828034589364,27.696196526962897
504,-23.680828034589364,27.696196526962897
504,-23.680828034589364,27.696196526962897
505,-24.02085878232483,26.64353767468127
505,-24.02085878232483,26.64353767468127
505,-24.02085878232483,26.64353767468127
505,-24.02085878232483,26.64353767468127
505,-24.02085878232483,26.64353767468127
505,-24.02085878232483,26.64353767468127
505,-24.02085878232483,26.64353767468127
506,-24.389767602642948,28.025908106720944
506,-24.389767602642948,28.025908106720944
506,-24.389767602642948,28.025908106720944
506,-24.389767602642948,28.025908106720944
506,-24.389767602642948,28.025908106720944
506,-24.389767602642948,28.025908106720944
506,-24.389767602642948,28.025908106720944
507,-24.215931832874816,27.992078492107026
507,-24.215931832874816,27.992078492107026
507,-24.215931832874816,27.992078492107026
507,-24.215931832874816,27.992078492107026
507,-24.215931832874816,27.992078492107026
507,-24.215931832874816,27.992078492107026
507,-24.215931832874816,27.992078492107026
508,-23.908886746740666,27.383228914237822
508,-23.908886746740666,27.383228914237822
508,-23.908886746740666,27.383228914237822
508,-23.908886746740666,27.383228914237822
508,-23.908886746740666,27.383228914237822
508,-23.908886746740666,27.383228914237822
508,-23.908886746740666,27.383228914237822
509,-23.901996177590217,27.898024189472316
509,-23.901996177590217,27.898024189472316
509,-23.901996177590217,27.898024189472316
509,-23.901996177590217,27.898024189472316
509,-23.901996177590217,27.898024189472316
509,-23.901996177590217,27.898024189472316
509,-23.901996177590217,27.898024189472316
510,-24.614629815267154,27.503746123181447
510,-24.614629815267154,27.503746123181447
510,-24.614629815267154,27.503746123181447
510,-24.614629815267154,27.503746123181447
510,-24.614629815267154,27.503746123181447
510,-24.614629815267154,27.503746123181447
510,-24.614629815267154,27.503746123181447
511,-23.425827784330057,27.67605433824473
511,-23.425827784330057,27.67605433824473
511,-23.425827784330057,27.67605433824473
511,-23.425827784330057,27.67605433824473
511,-23.425827784330057,27.67605433824473
511,-23.425827784330057,27.67605433824473
511,-23.425827784330057,27.67605433824473
512,-24.52584416523388,28.01090186160109
512,-24.52584416523388,28.01090186160109
512,-24.52584416523388,28.01090186160109
512,-24.52584416523388,28.01090186160109
512,-24.52584416523388,28.01090186160109
512,-24.52584416523388,28.01090186160109
512,-24.52584416523388,28.01090186160109
513,-24.83913633536742,27.700075853420817
513,-24.83913633536742,27.700075853420817
513,-24.83913633536742,27.700075853420817
513,-24.83913633536742,27.700075853420817
513,-24.83913633536742,27.700075853420817
513,-24.83913633536742,27.700075853420817
513,-24.83913633536742,27.700075853420817
514,-24.0088222266437,28.01090186160109
514,-24.0088222266437,28.01090186160109
514,-24.0088222266437,28.01090186160109
514,-24.0088222266437,28.01090186160109
514,-24.0088222266437,28.01090186160109
514,-24.0088222266437,28.01090186160109
514,-24.0088222266437,28.01090186160109
515,-24.422537997507497,27.67743256936212
515,-24.422537997507497,27.67743256936212
515,-24.422537997507497,27.67743256936212
515,-24.422537997507497,27.67743256936212
515,-24.422537997507497,27.67743256936212
515,-24.422537997507497,27.67743256936212
515,-24.422537997507497,27.67743256936212
516,-23.746380990672893,26.773894124521593
516,-23.746380990672893,26.773894124521593
516,-23.746380990672893,26.773894124521593
516,-23.746380990672893,26.773894124521593
516,-23.746380990672893,26.773894124521593
516,-23.746380990672893,26.773894124521593
516,-23.746380990672893,26.773894124521593
517,-24.338295371839322,27.875643055703527
517,-24.338295371839322,27.875643055703527
517,-24.338295371839322,27.875643055703527
517,-24.338295371839322,27.875643055703527
517,-24.338295371839322,27.875643055703527
517,-24.338295371839322,27.875643055703527
517,-24.338295371839322,27.875643055703527
518,-24.1066983830806,27.16932639287448
518,-24.1066983830806,27.16932639287448
518,-24.1066983830806,27.16932639287448
518,-24.1066983830806,27.16932639287448
518,-24.1066983830806,27.16932639287448
518,-24.1066983830806,27.16932639287448
518,-24.1066983830806,27.16932639287448
519,-24.13961257948382,28.01090186160109
519,-24.13961257948382,28.01090186160109
519,-24.13961257948382,28.01090186160109
519,-24.13961257948382,28.01090186160109
519,-24.13961257948382,28.01090186160109
519,-24.13961257948382,28.01090186160109
519,-24.13961257948382,28.01090186160109
520,-23.570068666456667,27.677474410610465
520,-23.570068666456667,27.677474410610465
520,-23.570068666456667,27.677474410610465
520,-23.570068666456667,27.677474410610465
520,-23.570068666456667,27.677474410610465
520,-23.570068666456667,27.677474410610465
520,-23.570068666456667,27.677474410610465
521,-23.85380975499982,27.32006233506797
521,-23.85380975499982,27.32006233506797
521,-23.85380975499982,27.32006233506797
521,-23.85380975499982,27.32006233506797
521,-23.85380975499982,27.32006233506797
521,-23.85380975499982,27.32006233506797
521,-23.85380975499982,27.32006233506797
522,-24.94781748977987,27.984942300737714
522,-24.94781748977987,27.984942300737714
522,-24.94781748977987,27.984942300737714
522,-24.94781748977987,27.984942300737714
522,-24.94781748977987,27.984942300737714
522,-24.94781748977987,27.984942300737714
522,-24.94781748977987,27.984942300737714
523,-24.86928025145684,29.965015312539105
523,-24.86928025145684,29.965015312539105
523,-24.86928025145684,29.965015312539105
523,-24.86928025145684,29.965015312539105
523,-24.86928025145684,29.965015312539105
523,-24.86928025145684,29.965015312539105
523,-24.86928025145684,29.965015312539105
524,-23.732249947541185,29.908664874029345
524,-23.732249947541185,29.908664874029345
524,-23.732249947541185,29.908664874029345
524,-23.732249947541185,29.908664874029345
524,-23.732249947541185,29.908664874029345
524,-23.732249947541185,29.908664874029345
524,-23.732249947541185,29.908664874029345
525,-23.076982204220528,27.172502621398017
525,-23.076982204220528,27.172502621398017
525,-23.076982204220528,27.172502621398017
525,-23.076982204220528,27.172502621398017
525,-23.076982204220528,27.172502621398017
525,-23.076982204220528,27.172502621398017
525,-23.076982204220528,27.172502621398017
526,-24.156155617325812,27.084124543064206
526,-24.156155617325812,27.084124543064206
526,-24.156155617325812,27.084124543064206
526,-24.156155617325812,27.084124543064206
526,-24.156155617325812,27.084124543064206
526,-24.156155617325812,27.084124543064206
526,-24.156155617325812,27.084124543064206
527,-24.479697899722446,27.678607228721095
527,-24.479697899722446,27.678607228721095
527,-24.479697899722446,27.678607228721095
527,-24.479697899722446,27.678607228721095
527,-24.479697899722446,27.678607228721095
527,-24.479697899722446,27.678607228721095
527,-24.479697899722446,27.678607228721095
528,-24.875289959691322,27.383158287656972
528,-24.875289959691322,27.383158287656972
528,-24.875289959691322,27.383158287656972
528,-24.875289959691322,27.383158287656972
528,-24.875289959691322,27.383158287656972
528,-24.875289959691322,27.383158287656972
528,-24.875289959691322,27.383158287656972
529,-24.432696943499405,26.83760486958261
529,-24.432696943499405,26.83760486958261
529,-24.432696943499405,26.83760486958261
529,-24.432696943499405,26.83760486958261
529,-24.432696943499405,26.83760486958261
529,-24.432696943499405,26.83760486958261
529,-24.432696943499405,26.83760486958261
530,-24.396265167141692,27.875787215568657
530,-24.396265167141692,27.875787215568657
530,-24.396265167141692,27.875787215568657
530,-24.396265167141692,27.875787215568657
530,-24.396265167141692,27.875787215568657
530,-24.396265167141692,27.875787215568657
530,-24.396265167141692,27.875787215568657
531,-24.20729138217424,27.677474410610465
531,-24.20729138217424,27.677474410610465
531,-24.20729138217424,27.677474410610465
531,-24.20729138217424,27.677474410610465
531,-24.20729138217424,27.677474410610465
531,-24.20729138217424,27.677474410610465
531,-24.20729138217424,27.677474410610465
532,-24.030239601749354,28.01200779367466
532,-24.030239601749354,28.01200779367466
532,-24.030239601749354,28.01200779367466
532,-24.030239601749354,28.01200779367466
532,-24.030239601749354,28.01200779367466
532,-24.030239601749354,28.01200779367466
532,-24.030239601749354,28.01200779367466
533,-24.337547534360656,27.874468396344554
533,-24.337547534360656,27.874468396344554
533,-24.337547534360656,27.874468396344554
533,-24.337547534360656,27.874468396344554
533,-24.337547534360656,27.874468396344554
533,-24.337547534360656,27.874468396344554
533,-24.337547534360656,27.874468396344554
534,-23.97494158022434,28.00390983009691
534,-23.97494158022434,28.00390983009691
534,-23.97494158022434,28.00390983009691
534,-23.97494158022434,28.00390983009691
534,-23.97494158022434,28.00390983009691
534,-23.97494158022434,28.00390983009691
534,-23.97494158022434,28.00390983009691
535,-25.01897708892569,28.510820355798646
535,-25.01897708892569,28.510820355798646
535,-25.01897708892569,28.510820355798646
535,-25.01897708892569,28.510820355798646
535,-25.01897708892569,28.510820355798646
535,-25.01897708892569,28.510820355798646
535,-25.01897708892569,28.510820355798646
536,-24.45687277975558,27.677228997603702
536,-24.45687277975558,27.677228997603702
536,-24.45687277975558,27.677228997603702
536,-24.45687277975558,27.677228997603702
536,-24.45687277975558,27.677228997603702
536,-24.45687277975558,27.677228997603702
536,-24.45687277975558,27.677228997603702
537,-23.974558826632066,27.26405038263009
537,-23.974558826632066,27.26405038263009
537,-23.974558826632066,27.26405038263009
537,-23.974558826632066,27.26405038263009
537,-23.974558826632066,27.26405038263009
537,-23.974558826632066,27.26405038263009
537,-23.974558826632066,27.26405038263009
538,-23.569541205375018,27.8982312007125
538,-23.569541205375018,27.8982312007125
538,-23.569541205375018,27.8982312007125
538,-23.569541205375018,27.8982312007125
538,-23.569541205375018,27.8982312007125
538,-23.569541205375018,27.8982312007125
538,-23.569541205375018,27.8982312007125
539,-24.17743141375887,26.643123176419795
539,-24.17743141375887,26.643123176419795
539,-24.17743141375887,26.643123176419795
539,-24.17743141375887,26.643123176419795
539,-24.17743141375887,26.643123176419795
539,-24.17743141375887,26.643123176419795
539,-24.17743141375887,26.643123176419795
540,-24.291848818873483,26.64021245767163
540,-24.291848818873483,26.64021245767163
540,-24.291848818873483,26.64021245767163
540,-24.291848818873483,26.64021245767163
540,-24.291848818873483,26.64021245767163
540,-24.291848818873483,26.64021245767163
540,-24.291848818873483,26.64021245767163
541,-24.06515784082412,27.87846640150624
541,-24.06515784082412,27.87846640150624
541,-24.06515784082412,27.87846640150624
541,-24.06515784082412,27.87846640150624
541,-24.06515784082412,27.87846640150624
541,-24.06515784082412,27.87846640150624
541,-24.06515784082412,27.87846640150624
542,-24.23813247813868,27.897289771000306
542,-24.23813247813868,27.897289771000306
542,-24.23813247813868,27.897289771000306
542,-24.23813247813868,27.897289771000306
542,-24.23813247813868,27.897289771000306
542,-24.23813247813868,27.897289771000306
542,-24.23813247813868,27.897289771000306
543,-24.747148207367555,28.025908106720944
543,-24.747148207367555,28.025908106720944
543,-24.747148207367555,28.025908106720944
543,-24.747148207367555,28.025908106720944
543,-24.747148207367555,28.025908106720944
543,-24.747148207367555,28.025908106720944
543,-24.747148207367555,28.025908106720944
544,-24.17425569737666,28.00635031875487
544,-24.17425569737666,28.00635031875487
544,-24.17425569737666,28.00635031875487
544,-24.17425569737666,28.00635031875487
544,-24.17425569737666,28.00635031875487
544,-24.17425569737666,28.00635031875487
544,-24.17425569737666,28.00635031875487
545,-24.364491831116005,27.894610481174382
545,-24.364491831116005,27.894610481174382
545,-24.364491831116005,27.894610481174382
545,-24.364491831116005,27.894610481174382
545,-24.364491831116005,27.894610481174382
545,-24.364491831116005,27.894610481174382
545,-24.364491831116005,27.894610481174382
546,-24.161755290112602,27.29629953070002
546,-24.161755290112602,27.29629953070002
546,-24.161755290112602,27.29629953070002
546,-24.161755290112602,27.29629953070002
546,-24.161755290112602,27.29629953070002
546,-24.161755290112602,27.29629953070002
546,-24.161755290112602,27.29629953070002
547,-24.289990578922943,27.172502621398017
547,-24.289990578922943,27.172502621398017
547,-24.289990578922943,27.172502621398017
547,-24.289990578922943,27.172502621398017
547,-24.289990578922943,27.172502621398017
547,-24.289990578922943,27.172502621398017
547,-24.289990578922943,27.172502621398017
548,-24.065444050774513,27.471477085165855
548,-24.065444050774513,27.471477085165855
548,-24.065444050774513,27.471477085165855
548,-24.065444050774513,27.471477085165855
548,-24.065444050774513,27.471477085165855
548,-24.065444050774513,27.471477085165855
548,-24.065444050774513,27.471477085165855
549,-24.42531955724369,27.67406407736612
549,-24.42531955724369,27.67406407736612
549,-24.42531955724369,27.67406407736612
549,-24.42531955724369,27.67406407736612
549,-24.42531955724369,27.67406407736612
549,-24.42531955724369,27.67406407736612
549,-24.42531955724369,27.67406407736612
550,-23.640677312601714,27.87846640150624
550,-23.640677312601714,27.87846640150624
550,-23.640677312601714,27.87846640150624
550,-23.640677312601714,27.87846640150624
550,-23.640677312601714,27.87846640150624
550,-23.640677312601714,27.87846640150624
550,-23.640677312601714,27.87846640150624
551,-24.485826112491903,27.677373157468832
551,-24.485826112491903,27.677373157468832
551,-24.485826112491903,27.677373157468832
551,-24.485826112491903,27.677373157468832
551,-24.485826112491903,27.677373157468832
551,-24.485826112491903,27.677373157468832
551,-24.485826112491903,27.677373157468832
552,-24.284435496246346,27.678536602140245
552,-24.284435496246346,27.678536602140245
552,-24.284435496246346,27.678536602140245
552,-24.284435496246346,27.678536602140245
552,-24.284435496246346,27.678536602140245
552,-24.284435496246346,27.678536602140245
552,-24.284435496246346,27.678536602140245
553,-24.441266160761124,28.00635031875487
553,-24.441266160761124,28.00635031875487
553,-24.441266160761124,28.00635031875487
553,-24.441266160761124,28.00635031875487
553,-24.441266160761124,28.00635031875487
553,-24.441266160761124,28.00635031875487
553,-24.441266160761124,28.00635031875487
554,-23.983282160267514,27.874510237592897
554,-23.983282160267514,27.874510237592897
554,-23.983282160267514,27.874510237592897
554,-23.983282160267514,27.874510237592897
554,-23.983282160267514,27.874510237592897
554,-23.983282160267514,27.874510237592897
554,-23.983282160267514,27.874510237592897
555,-23.938366979645355,29.889411401686854
555,-23.938366979645355,29.889411401686854
555,-23.938366979645355,29.889411401686854
555,-23.938366979645355,29.889411401686854
555,-23.938366979645355,29.889411401686854
555,-23.938366979645355,29.889411401686854
555,-23.938366979645355,29.889411401686854
556,-24.50018559226763,27.87846640150624
556,-24.50018559226763,27.87846640150624
556,-24.50018559226763,27.87846640150624
556,-24.50018559226763,27.87846640150624
556,-24.50018559226763,27.87846640150624
556,-24.50018559226763,27.87846640150624
556,-24.50018559226763,27.87846640150624
557,-23.681943841651236,27.875572429122677
557,-23.681943841651236,27.875572429122677
557,-23.681943841651236,27.875572429122677
557,-23.681943841651236,27.875572429122677
557,-23.681943841651236,27.875572429122677
557,-23.681943841651236,27.875572429122677
557,-23.681943841651236,27.875572429122677
558,-22.773410098203126,28.00390983009691
558,-22.773410098203126,28.00390983009691
558,-22.773410098203126,28.00390983009691
558,-22.773410098203126,28.00390983009691
558,-22.773410098203126,28.00390983009691
558,-22.773410098203126,28.00390983009691
558,-22.773410098203126,28.00390983009691
559,-24.910820113783988,29.888676983214843
559,-24.910820113783988,29.888676983214843
559,-24.910820113783988,29.888676983214843
559,-24.910820113783988,29.888676983214843
559,-24.910820113783988,29.888676983214843
559,-24.910820113783988,29.888676983214843
559,-24.910820113783988,29.888676983214843
560,-24.685607042121973,28.01452247725087
560,-24.685607042121973,28.01452247725087
560,-24.685607042121973,28.01452247725087
560,-24.685607042121973,28.01452247725087
560,-24.685607042121973,28.01452247725087
560,-24.685607042121973,28.01452247725087
560,-24.685607042121973,28.01452247725087
561,-23.935395895279562,27.87978533928935
561,-23.935395895279562,27.87978533928935
561,-23.935395895279562,27.87978533928935
561,-23.935395895279562,27.87978533928935
561,-23.935395895279562,27.87978533928935
561,-23.935395895279562,27.87978533928935
561,-23.935395895279562,27.87978533928935
562,-24.379663955381258,27.67406407736612
562,-24.379663955381258,27.67406407736612
562,-24.379663955381258,27.67406407736612
562,-24.379663955381258,27.67406407736612
562,-24.379663955381258,27.67406407736612
562,-24.379663955381258,27.67406407736612
562,-24.379663955381258,27.67406407736612
563,-24.489364631006268,27.67605433824473
563,-24.489364631006268,27.67605433824473
563,-24.489364631006268,27.67605433824473
563,-24.489364631006268,27.67605433824473
563,-24.489364631006268,27.67605433824473
563,-24.489364631006268,27.67605433824473
563,-24.489364631006268,27.67605433824473
564,-24.433240492972505,28.025173688248934
564,-24.433240492972505,28.025173688248934
564,-24.433240492972505,28.025173688248934
564,-24.433240492972505,28.025173688248934
564,-24.433240492972505,28.025173688248934
564,-24.433240492972505,28.025173688248934
564,-24.433240492972505,28.025173688248934
565,-25.147397672569376,29.888687268160297
565,-25.147397672569376,29.888687268160297
565,-25.147397672569376,29.888687268160297
565,-25.147397672569376,29.888687268160297
565,-25.147397672569376,29.888687268160297
565,-25.147397672569376,29.888687268160297
565,-25.147397672569376,29.888687268160297
566,-24.70799798785267,27.92320956854239
566,-24.70799798785267,27.92320956854239
566,-24.70799798785267,27.92320956854239
566,-24.70799798785267,27.92320956854239
566,-24.70799798785267,27.92320956854239
566,-24.70799798785267,27.92320956854239
566,-24.70799798785267,27.92320956854239
567,-23.774825998820845,28.00390983009691
567,-23.774825998820845,28.00390983009691
567,-23.774825998820845,28.00390983009691
567,-23.774825998820845,28.00390983009691
567,-23.774825998820845,28.00390983009691
567,-23.774825998820845,28.00390983009691
567,-23.774825998820845,28.00390983009691
568,-23.86691360773867,29.797628771953722
568,-23.86691360773867,29.797628771953722
568,-23.86691360773867,29.797628771953722
568,-23.86691360773867,29.797628771953722
568,-23.86691360773867,29.797628771953722
568,-23.86691360773867,29.797628771953722
568,-23.86691360773867,29.797628771953722
569,-24.43490886094603,28.025173688248934
569,-24.43490886094603,28.025173688248934
569,-24.43490886094603,28.025173688248934
569,-24.43490886094603,28.025173688248934
569,-24.43490886094603,28.025173688248934
569,-24.43490886094603,28.025173688248934
569,-24.43490886094603,28.025173688248934
570,-23.90873809708458,28.00464424856892
570,-23.90873809708458,28.00464424856892
570,-23.90873809708458,28.00464424856892
570,-23.90873809708458,28.00464424856892
570,-23.90873809708458,28.00464424856892
570,-23.90873809708458,28.00464424856892
570,-23.90873809708458,28.00464424856892
571,-24.590862246545594,28.01090175771275
571,-24.590862246545594,28.01090175771275
571,-24.590862246545594,28.01090175771275
571,-24.590862246545594,28.01090175771275
571,-24.590862246545594,28.01090175771275
571,-24.590862246545594,28.01090175771275
571,-24.590862246545594,28.01090175771275
572,-23.687173775444037,27.483603934463282
572,-23.687173775444037,27.483603934463282
572,-23.687173775444037,27.483603934463282
572,-23.687173775444037,27.483603934463282
572,-23.687173775444037,27.483603934463282
572,-23.687173775444037,27.483603934463282
572,-23.687173775444037,27.483603934463282
573,-24.450265851151613,27.696455133882697
573,-24.450265851151613,27.696455133882697
573,-24.450265851151613,27.696455133882697
573,-24.450265851151613,27.696455133882697
573,-24.450265851151613,27.696455133882697
573,-24.450265851151613,27.696455133882697
573,-24.450265851151613,27.696455133882697
574,-23.468059311046854,27.89875286864854
574,-23.468059311046854,27.89875286864854
574,-23.468059311046854,27.89875286864854
574,-23.468059311046854,27.89875286864854
574,-23.468059311046854,27.89875286864854
574,-23.468059311046854,27.89875286864854
574,-23.468059311046854,27.89875286864854
575,-24.989961194618978,27.700075853420817
575,-24.989961194618978,27.700075853420817
575,-24.989961194618978,27.700075853420817
575,-24.989961194618978,27.700075853420817
575,-24.989961194618978,27.700075853420817
575,-24.989961194618978,27.700075853420817
575,-24.989961194618978,27.700075853420817
576,-24.788211409404333,27.67406407736612
576,-24.788211409404333,27.67406407736612
576,-24.788211409404333,27.67406407736612
576,-24.788211409404333,27.67406407736612
576,-24.788211409404333,27.67406407736612
576,-24.788211409404333,27.67406407736612
576,-24.788211409404333,27.67406407736612
577,-24.42437198136141,27.67605433824473
577,-24.42437198136141,27.67605433824473
577,-24.42437198136141,27.67605433824473
577,-24.42437198136141,27.67605433824473
577,-24.42437198136141,27.67605433824473
577,-24.42437198136141,27.67605433824473
577,-24.42437198136141,27.67605433824473
578,-24.11577054463541,27.382081317363067
578,-24.11577054463541,27.382081317363067
578,-24.11577054463541,27.382081317363067
578,-24.11577054463541,27.382081317363067
578,-24.11577054463541,27.382081317363067
578,-24.11577054463541,27.382081317363067
578,-24.11577054463541,27.382081317363067
579,-24.183657938963744,28.01452247725087
579,-24.183657938963744,28.01452247725087
579,-24.183657938963744,28.01452247725087
579,-24.183657938963744,28.01452247725087
579,-24.183657938963744,28.01452247725087
579,-24.183657938963744,28.01452247725087
579,-24.183657938963744,28.01452247725087
580,-24.37012088554934,30.27999534803397
580,-24.37012088554934,30.27999534803397
580,-24.37012088554934,30.27999534803397
580,-24.37012088554934,30.27999534803397
580,-24.37012088554934,30.27999534803397
580,-24.37012088554934,30.27999534803397
580,-24.37012088554934,30.27999534803397
581,-23.686440464683397,27.402930862069027
581,-23.686440464683397,27.402930862069027
581,-23.686440464683397,27.402930862069027
581,-23.686440464683397,27.402930862069027
581,-23.686440464683397,27.402930862069027
581,-23.686440464683397,27.402930862069027
581,-23.686440464683397,27.402930862069027
582,-23.984228752152674,26.995102409851572
582,-23.984228752152674,26.995102409851572
582,-23.984228752152674,26.995102409851572
582,-23.984228752152674,26.995102409851572
582,-23.984228752152674,26.995102409851572
582,-23.984228752152674,26.995102409851572
582,-23.984228752152674,26.995102409851572
583,-23.78254401006741,27.19078819953568
583,-23.78254401006741,27.19078819953568
583,-23.78254401006741,27.19078819953568
583,-23.78254401006741,27.19078819953568
583,-23.78254401006741,27.19078819953568
583,-23.78254401006741,27.19078819953568
583,-23.78254401006741,27.19078819953568
584,-23.85605191459424,27.676081400728947
584,-23.85605191459424,27.676081400728947
584,-23.85605191459424,27.676081400728947
584,-23.85605191459424,27.676081400728947
584,-23.85605191459424,27.676081400728947
584,-23.85605191459424,27.676081400728947
584,-23.85605191459424,27.676081400728947
585,-24.148146526291406,26.783196637629832
585,-24.148146526291406,26.783196637629832
585,-24.148146526291406,26.783196637629832
585,-24.148146526291406,26.783196637629832
585,-24.148146526291406,26.783196637629832
585,-24.148146526291406,26.783196637629832
585,-24.148146526291406,26.783196637629832
586,-24.552050983874082,27.875787215568657
586,-24.552050983874082,27.875787215568657
586,-24.552050983874082,27.875787215568657
586,-24.552050983874082,27.875787215568657
586,-24.552050983874082,27.875787215568657
586,-24.552050983874082,27.875787215568657
586,-24.552050983874082,27.875787215568657
587,-24.01676846085253,28.00753044574669
587,-24.01676846085253,28.00753044574669
587,-24.01676846085253,28.00753044574669
587,-24.01676846085253,28.00753044574669
587,-24.01676846085253,28.00753044574669
587,-24.01676846085253,28.00753044574669
587,-24.01676846085253,28.00753044574669
588,-23.773362667387023,27.696196526962897
588,-23.773362667387023,27.696196526962897
588,-23.773362667387023,27.696196526962897
588,-23.773362667387023,27.696196526962897
588,-23.773362667387023,27.696196526962897
588,-23.773362667387023,27.696196526962897
588,-23.773362667387023,27.696196526962897
589,-24.482775899155786,27.427438187372346
589,-24.482775899155786,27.427438187372346
589,-24.482775899155786,27.427438187372346
589,-24.482775899155786,27.427438187372346
589,-24.482775899155786,27.427438187372346
589,-24.482775899155786,27.427438187372346
589,-24.482775899155786,27.427438187372346
590,-24.605855927870895,27.294297961535456
590,-24.605855927870895,27.294297961535456
590,-24.605855927870895,27.294297961535456
590,-24.605855927870895,27.294297961535456
590,-24.605855927870895,27.294297961535456
590,-24.605855927870895,27.294297961535456
590,-24.605855927870895,27.294297961535456
591,-24.901919617409302,29.889421686632307
591,-24.901919617409302,29.889421686632307
591,-24.901919617409302,29.889421686632307
591,-24.901919617409302,29.889421686632307
591,-24.901919617409302,29.889421686632307
591,-24.901919617409302,29.889421686632307
591,-24.901919617409302,29.889421686632307
592,-23.810196874480383,27.71178795392137
592,-23.810196874480383,27.71178795392137
592,-23.810196874480383,27.71178795392137
592,-23.810196874480383,27.71178795392137
592,-23.810196874480383,27.71178795392137
592,-23.810196874480383,27.71178795392137
592,-23.810196874480383,27.71178795392137
593,-24.497024520510987,29.918138782220076
593,-24.497024520510987,29.918138782220076
593,-24.497024520510987,29.918138782220076
593,-24.497024520510987,29.918138782220076
593,-24.497024520510987,29.918138782220076
593,-24.497024520510987,29.918138782220076
593,-24.497024520510987,29.918138782220076
594,-23.83127148000206,27.678607228721095
594,-23.83127148000206,27.678607228721095
594,-23.83127148000206,27.678607228721095
594,-23.83127148000206,27.678607228721095
594,-23.83127148000206,27.678607228721095
594,-23.83127148000206,27.678607228721095
594,-23.83127148000206,27.678607228721095
595,-23.929885351139678,27.875643055703527
595,-23.929885351139678,27.875643055703527
595,-23.929885351139678,27.875643055703527
595,-23.929885351139678,27.875643055703527
595,-23.929885351139678,27.875643055703527
595,-23.929885351139678,27.875643055703527
595,-23.929885351139678,27.875643055703527
596,-24.251659829385787,28.01452247725087
596,-24.251659829385787,28.01452247725087
596,-24.251659829385787,28.01452247725087
596,-24.251659829385787,28.01452247725087
596,-24.251659829385787,28.01452247725087
596,-24.251659829385787,28.01452247725087
596,-24.251659829385787,28.01452247725087
597,-24.555882854850243,27.875787215568657
597,-24.555882854850243,27.875787215568657
597,-24.555882854850243,27.875787215568657
597,-24.555882854850243,27.875787215568657
597,-24.555882854850243,27.875787215568657
597,-24.555882854850243,27.875787215568657
597,-24.555882854850243,27.875787215568657
598,-23.868518848902497,27.87825161506026
598,-23.868518848902497,27.87825161506026
598,-23.868518848902497,27.87825161506026
598,-23.868518848902497,27.87825161506026
598,-23.868518848902497,27.87825161506026
598,-23.868518848902497,27.87825161506026
598,-23.868518848902497,27.87825161506026
599,-23.785976677027943,27.67405015583968
599,-23.785976677027943,27.67405015583968
599,-23.785976677027943,27.67405015583968
599,-23.785976677027943,27.67405015583968
599,-23.785976677027943,27.67405015583968
599,-23.785976677027943,27.67405015583968
599,-23.785976677027943,27.67405015583968
600,-24.065556140000695,27.67741708183099
600,-24.065556140000695,27.67741708183099
600,-24.065556140000695,27.67741708183099
600,-24.065556140000695,27.67741708183099
600,-24.065556140000695,27.67741708183099
600,-24.065556140000695,27.67741708183099
600,-24.065556140000695,27.67741708183099
601,-24.254175288360248,27.67635489030121
601,-24.254175288360248,27.67635489030121
601,-24.254175288360248,27.67635489030121
601,-24.254175288360248,27.67635489030121
601,-24.254175288360248,27.67635489030121
601,-24.254175288360248,27.67635489030121
601,-24.254175288360248,27.67635489030121
602,-24.0850479446956,27.87846640150624
602,-24.0850479446956,27.87846640150624
602,-24.0850479446956,27.87846640150624
602,-24.0850479446956,27.87846640150624
602,-24.0850479446956,27.87846640150624
602,-24.0850479446956,27.87846640150624
602,-24.0850479446956,27.87846640150624
603,-25.0438865780052,27.992078492107026
603,-25.0438865780052,27.992078492107026
603,-25.0438865780052,27.992078492107026
603,-25.0438865780052,27.992078492107026
603,-25.0438865780052,27.992078492107026
603,-25.0438865780052,27.992078492107026
603,-25.0438865780052,27.992078492107026
604,-23.66145259619866,27.677474410610465
604,-23.66145259619866,27.677474410610465
604,-23.66145259619866,27.677474410610465
604,-23.66145259619866,27.677474410610465
604,-23.66145259619866,27.677474410610465
604,-23.66145259619866,27.677474410610465
604,-23.66145259619866,27.677474410610465
605,-24.595529552278805,27.67748770841184
605,-24.595529552278805,27.67748770841184
605,-24.595529552278805,27.67748770841184
605,-24.595529552278805,27.67748770841184
605,-24.595529552278805,27.67748770841184
605,-24.595529552278805,27.67748770841184
605,-24.595529552278805,27.67748770841184
606,-24.442154489913033,27.676313049052865
606,-24.442154489913033,27.676313049052865
606,-24.442154489913033,27.676313049052865
606,-24.442154489913033,27.676313049052865
606,-24.442154489913033,27.676313049052865
606,-24.442154489913033,27.676313049052865
606,-24.442154489913033,27.676313049052865
607,-24.16906917643912,28.00753044574669
607,-24.16906917643912,28.00753044574669
607,-24.16906917643912,28.00753044574669
607,-24.16906917643912,28.00753044574669
607,-24.16906917643912,28.00753044574669
607,-24.16906917643912,28.00753044574669
607,-24.16906917643912,28.00753044574669
608,-24.023892014646723,26.63901210406749
608,-24.023892014646723,26.63901210406749
608,-24.023892014646723,26.63901210406749
608,-24.023892014646723,26.63901210406749
608,-24.023892014646723,26.63901210406749
608,-24.023892014646723,26.63901210406749
608,-24.023892014646723,26.63901210406749
609,-24.127011779398924,28.028794303898714
609,-24.127011779398924,28.028794303898714
609,-24.127011779398924,28.028794303898714
609,-24.127011779398924,28.028794303898714
609,-24.127011779398924,28.028794303898714
609,-24.127011779398924,28.028794303898714
609,-24.127011779398924,28.028794303898714
610,-24.01053572949831,29.237847007413773
610,-24.01053572949831,29.237847007413773
610,-24.01053572949831,29.237847007413773
610,-24.01053572949831,29.237847007413773
610,-24.01053572949831,29.237847007413773
610,-24.01053572949831,29.237847007413773
610,-24.01053572949831,29.237847007413773
611,-24.335567183992193,27.984942300737714
611,-24.335567183992193,27.984942300737714
611,-24.335567183992193,27.984942300737714
611,-24.335567183992193,27.984942300737714
611,-24.335567183992193,27.984942300737714
611,-24.335567183992193,27.984942300737714
611,-24.335567183992193,27.984942300737714
612,-24.200654352424245,27.894610585062722
612,-24.200654352424245,27.894610585062722
612,-24.200654352424245,27.894610585062722
612,-24.200654352424245,27.894610585062722
612,-24.200654352424245,27.894610585062722
612,-24.200654352424245,27.894610585062722
612,-24.200654352424245,27.894610585062722
613,-23.831531698125335,27.8982312007125
613,-23.831531698125335,27.8982312007125
613,-23.831531698125335,27.8982312007125
613,-23.831531698125335,27.8982312007125
613,-23.831531698125335,27.8982312007125
613,-23.831531698125335,27.8982312007125
613,-23.831531698125335,27.8982312007125
614,-23.60113140475862,27.992078492107026
614,-23.60113140475862,27.992078492107026
614,-23.60113140475862,27.992078492107026
614,-23.60113140475862,27.992078492107026
614,-23.60113140475862,27.992078492107026
614,-23.60113140475862,27.992078492107026
614,-23.60113140475862,27.992078492107026
615,-24.1090485050215,27.875572429122677
615,-24.1090485050215,27.875572429122677
615,-24.1090485050215,27.875572429122677
615,-24.1090485050215,27.875572429122677
615,-24.1090485050215,27.875572429122677
615,-24.1090485050215,27.875572429122677
615,-24.1090485050215,27.875572429122677
616,-24.08283109932242,27.6983091765523
616,-24.08283109932242,27.6983091765523
616,-24.08283109932242,27.6983091765523
616,-24.08283109932242,27.6983091765523
616,-24.08283109932242,27.6983091765523
616,-24.08283109932242,27.6983091765523
616,-24.08283109932242,27.6983091765523
617,-24.392478551454246,27.902373484298323
617,-24.392478551454246,27.902373484298323
617,-24.392478551454246,27.902373484298323
617,-24.392478551454246,27.902373484298323
617,-24.392478551454246,27.902373484298323
617,-24.392478551454246,27.902373484298323
617,-24.392478551454246,27.902373484298323
618,-23.356222845738948,29.888676983214843
618,-23.356222845738948,29.888676983214843
618,-23.356222845738948,29.888676983214843
618,-23.356222845738948,29.888676983214843
618,-23.356222845738948,29.888676983214843
618,-23.356222845738948,29.888676983214843
618,-23.356222845738948,29.888676983214843
619,-24.720665126832092,28.025173688248934
619,-24.720665126832092,28.025173688248934
619,-24.720665126832092,28.025173688248934
619,-24.720665126832092,28.025173688248934
619,-24.720665126832092,28.025173688248934
619,-24.720665126832092,28.025173688248934
619,-24.720665126832092,28.025173688248934
620,-23.800521826776006,27.984871674156864
620,-23.800521826776006,27.984871674156864
620,-23.800521826776006,27.984871674156864
620,-23.800521826776006,27.984871674156864
620,-23.800521826776006,27.984871674156864
620,-23.800521826776006,27.984871674156864
620,-23.800521826776006,27.984871674156864
621,-24.164633755662955,27.08410976430008
621,-24.164633755662955,27.08410976430008
621,-24.164633755662955,27.08410976430008
621,-24.164633755662955,27.08410976430008
621,-24.164633755662955,27.08410976430008
621,-24.164633755662955,27.08410976430008
621,-24.164633755662955,27.08410976430008
622,-24.513520518584173,27.985086460602844
622,-24.513520518584173,27.985086460602844
622,-24.513520518584173,27.985086460602844
622,-24.513520518584173,27.985086460602844
622,-24.513520518584173,27.985086460602844
622,-24.513520518584173,27.985086460602844
622,-24.513520518584173,27.985086460602844
623,-23.846429624375673,27.8797147127085
623,-23.846429624375673,27.8797147127085
623,-23.846429624375673,27.8797147127085
623,-23.846429624375673,27.8797147127085
623,-23.846429624375673,27.8797147127085
623,-23.846429624375673,27.8797147127085
623,-23.846429624375673,27.8797147127085
624,-24.60799253294952,27.674322788174255
624,-24.60799253294952,27.674322788174255
624,-24.60799253294952,27.674322788174255
624,-24.60799253294952,27.674322788174255
624,-24.60799253294952,27.674322788174255
624,-24.60799253294952,27.674322788174255
624,-24.60799253294952,27.674322788174255
625,-24.00438765110388,27.677474410610465
625,-24.00438765110388,27.677474410610465
625,-24.00438765110388,27.677474410610465
625,-24.00438765110388,27.677474410610465
625,-24.00438765110388,27.677474410610465
625,-24.00438765110388,27.677474410610465
625,-24.00438765110388,27.677474410610465
626,-24.293199197787718,27.451334896447687
626,-24.293199197787718,27.451334896447687
626,-24.293199197787718,27.451334896447687
626,-24.293199197787718,27.451334896447687
626,-24.293199197787718,27.451334896447687
626,-24.293199197787718,27.451334896447687
626,-24.293199197787718,27.451334896447687
627,-24.657807226214977,27.8797147127085
627,-24.657807226214977,27.8797147127085
627,-24.657807226214977,27.8797147127085
627,-24.657807226214977,27.8797147127085
627,-24.657807226214977,27.8797147127085
627,-24.657807226214977,27.8797147127085
627,-24.657807226214977,27.8797147127085
628,-23.945981780500645,27.427652973818326
628,-23.945981780500645,27.427652973818326
628,-23.945981780500645,27.427652973818326
628,-23.945981780500645,27.427652973818326
628,-23.945981780500645,27.427652973818326
628,-23.945981780500645,27.427652973818326
628,-23.945981780500645,27.427652973818326
629,-24.59289657231818,27.87992949915448
629,-24.59289657231818,27.87992949915448
629,-24.59289657231818,27.87992949915448
629,-24.59289657231818,27.87992949915448
629,-24.59289657231818,27.87992949915448
629,-24.59289657231818,27.87992949915448
629,-24.59289657231818,27.87992949915448
630,-23.512903015912844,27.993216876716325
630,-23.512903015912844,27.993216876716325
630,-23.512903015912844,27.993216876716325
630,-23.512903015912844,27.993216876716325
630,-23.512903015912844,27.993216876716325
630,-23.512903015912844,27.993216876716325
630,-23.512903015912844,27.993216876716325
631,-24.949781894644826,27.875643055703527
631,-24.949781894644826,27.875643055703527
631,-24.949781894644826,27.875643055703527
631,-24.949781894644826,27.875643055703527
631,-24.949781894644826,27.875643055703527
631,-24.949781894644826,27.875643055703527
631,-24.949781894644826,27.875643055703527
632,-24.21548098352051,27.8797147127085
632,-24.21548098352051,27.8797147127085
632,-24.21548098352051,27.8797147127085
632,-24.21548098352051,27.8797147127085
632,-24.21548098352051,27.8797147127085
632,-24.21548098352051,27.8797147127085
632,-24.21548098352051,27.8797147127085
633,-24.447799376357818,27.21455100390363
633,-24.447799376357818,27.21455100390363
633,-24.447799376357818,27.21455100390363
633,-24.447799376357818,27.21455100390363
633,-24.447799376357818,27.21455100390363
633,-24.447799376357818,27.21455100390363
633,-24.447799376357818,27.21455100390363
634,-24.809088773287343,27.875643055703527
634,-24.809088773287343,27.875643055703527
634,-24.809088773287343,27.875643055703527
634,-24.809088773287343,27.875643055703527
634,-24.809088773287343,27.875643055703527
634,-24.809088773287343,27.875643055703527
634,-24.809088773287343,27.875643055703527
635,-24.864234800071632,27.992078492107026
635,-24.864234800071632,27.992078492107026
635,-24.864234800071632,27.992078492107026
635,-24.864234800071632,27.992078492107026
635,-24.864234800071632,27.992078492107026
635,-24.864234800071632,27.992078492107026
635,-24.864234800071632,27.992078492107026
636,-24.437566755461944,28.025173688248934
636,-24.437566755461944,28.025173688248934
636,-24.437566755461944,28.025173688248934
636,-24.437566755461944,28.025173688248934
636,-24.437566755461944,28.025173688248934
636,-24.437566755461944,28.025173688248934
636,-24.437566755461944,28.025173688248934
637,-24.711009104909216,28.01090175771275
637,-24.711009104909216,28.01090175771275
637,-24.711009104909216,28.01090175771275
637,-24.711009104909216,28.01090175771275
637,-24.711009104909216,28.01090175771275
637,-24.711009104909216,28.01090175771275
637,-24.711009104909216,28.01090175771275
638,-24.277537828374662,27.8982312007125
638,-24.277537828374662,27.8982312007125
638,-24.277537828374662,27.8982312007125
638,-24.277537828374662,27.8982312007125
638,-24.277537828374662,27.8982312007125
638,-24.277537828374662,27.8982312007125
638,-24.277537828374662,27.8982312007125
639,-24.498368064980827,28.013791851283482
639,-24.498368064980827,28.013791851283482
639,-24.498368064980827,28.013791851283482
639,-24.498368064980827,28.013791851283482
639,-24.498368064980827,28.013791851283482
639,-24.498368064980827,28.013791851283482
639,-24.498368064980827,28.013791851283482
640,-23.04347770357825,27.26151403500617
640,-23.04347770357825,27.26151403500617
640,-23.04347770357825,27.26151403500617
640,-23.04347770357825,27.26151403500617
640,-23.04347770357825,27.26151403500617
640,-23.04347770357825,27.26151403500617
640,-23.04347770357825,27.26151403500617
641,-24.877791580247678,28.025173688248934
641,-24.877791580247678,28.025173688248934
641,-24.877791580247678,28.025173688248934
641,-24.877791580247678,28.025173688248934
641,-24.877791580247678,28.025173688248934
641,-24.877791580247678,28.025173688248934
641,-24.877791580247678,28.025173688248934
642,-24.132240676492064,27.678536602140245
642,-24.132240676492064,27.678536602140245
642,-24.132240676492064,27.678536602140245
642,-24.132240676492064,27.678536602140245
642,-24.132240676492064,27.678536602140245
642,-24.132240676492064,27.678536602140245
642,-24.132240676492064,27.678536602140245
643,-23.549168381887824,27.897289771000306
643,-23.549168381887824,27.897289771000306
643,-23.549168381887824,27.897289771000306
643,-23.549168381887824,27.897289771000306
643,-23.549168381887824,27.897289771000306
643,-23.549168381887824,27.897289771000306
643,-23.549168381887824,27.897289771000306
644,-24.821792802365813,30.250748833138275
644,-24.821792802365813,30.250748833138275
644,-24.821792802365813,30.250748833138275
644,-24.821792802365813,30.250748833138275
644,-24.821792802365813,30.250748833138275
644,-24.821792802365813,30.250748833138275
644,-24.821792802365813,30.250748833138275
645,-24.900046149220476,29.638356140534512
645,-24.900046149220476,29.638356140534512
645,-24.900046149220476,29.638356140534512
645,-24.900046149220476,29.638356140534512
645,-24.900046149220476,29.638356140534512
645,-24.900046149220476,29.638356140534512
645,-24.900046149220476,29.638356140534512
646,-24.938051530377333,28.025173584360594
646,-24.938051530377333,28.025173584360594
646,-24.938051530377333,28.025173584360594
646,-24.938051530377333,28.025173584360594
646,-24.938051530377333,28.025173584360594
646,-24.938051530377333,28.025173584360594
646,-24.938051530377333,28.025173584360594
647,-24.509531006442444,29.892297598864623
647,-24.509531006442444,29.892297598864623
647,-24.509531006442444,29.892297598864623
647,-24.509531006442444,29.892297598864623
647,-24.509531006442444,29.892297598864623
647,-24.509531006442444,29.892297598864623
647,-24.509531006442444,29.892297598864623
648,-23.45735816452295,27.185814319318855
648,-23.45735816452295,27.185814319318855
648,-23.45735816452295,27.185814319318855
648,-23.45735816452295,27.185814319318855
648,-23.45735816452295,27.185814319318855
648,-23.45735816452295,27.185814319318855
648,-23.45735816452295,27.185814319318855
649,-24.356871444588627,28.00464424856892
649,-24.356871444588627,28.00464424856892
649,-24.356871444588627,28.00464424856892
649,-24.356871444588627,28.00464424856892
649,-24.356871444588627,28.00464424856892
649,-24.356871444588627,28.00464424856892
649,-24.356871444588627,28.00464424856892
650,-24.409226487779897,27.67406407736612
650,-24.409226487779897,27.67406407736612
650,-24.409226487779897,27.67406407736612
650,-24.409226487779897,27.67406407736612
650,-24.409226487779897,27.67406407736612
650,-24.409226487779897,27.67406407736612
650,-24.409226487779897,27.67406407736612
651,-24.734551957517848,27.674052769080166
651,-24.734551957517848,27.674052769080166
651,-24.734551957517848,27.674052769080166
651,-24.734551957517848,27.674052769080166
651,-24.734551957517848,27.674052769080166
651,-24.734551957517848,27.674052769080166
651,-24.734551957517848,27.674052769080166
652,-24.25077599010001,27.984942300737714
652,-24.25077599010001,27.984942300737714
652,-24.25077599010001,27.984942300737714
652,-24.25077599010001,27.984942300737714
652,-24.25077599010001,27.984942300737714
652,-24.25077599010001,27.984942300737714
652,-24.25077599010001,27.984942300737714
653,-22.966125177098544,27.875787215568657
653,-22.966125177098544,27.875787215568657
653,-22.966125177098544,27.875787215568657
653,-22.966125177098544,27.875787215568657
653,-22.966125177098544,27.875787215568657
653,-22.966125177098544,27.875787215568657
653,-22.966125177098544,27.875787215568657
654,-24.45916835881449,27.677474410610465
654,-24.45916835881449,27.677474410610465
654,-24.45916835881449,27.677474410610465
654,-24.45916835881449,27.677474410610465
654,-24.45916835881449,27.677474410610465
654,-24.45916835881449,27.677474410610465
654,-24.45916835881449,27.677474410610465
655,-24.25378036286488,28.00635031875487
655,-24.25378036286488,28.00635031875487
655,-24.25378036286488,28.00635031875487
655,-24.25378036286488,28.00635031875487
655,-24.25378036286488,28.00635031875487
655,-24.25378036286488,28.00635031875487
655,-24.25378036286488,28.00635031875487
656,-24.274887709813992,27.992078492107026
656,-24.274887709813992,27.992078492107026
656,-24.274887709813992,27.992078492107026
656,-24.274887709813992,27.992078492107026
656,-24.274887709813992,27.992078492107026
656,-24.274887709813992,27.992078492107026
656,-24.274887709813992,27.992078492107026
657,-24.056668478286,27.87992949915448
657,-24.056668478286,27.87992949915448
657,-24.056668478286,27.87992949915448
657,-24.056668478286,27.87992949915448
657,-24.056668478286,27.87992949915448
657,-24.056668478286,27.87992949915448
657,-24.056668478286,27.87992949915448
658,-23.796731507342773,27.67605433824473
658,-23.796731507342773,27.67605433824473
658,-23.796731507342773,27.67605433824473
658,-23.796731507342773,27.67605433824473
658,-23.796731507342773,27.67605433824473
658,-23.796731507342773,27.67605433824473
658,-23.796731507342773,27.67605433824473
659,-24.676353219375628,27.286182728338527
659,-24.676353219375628,27.286182728338527
659,-24.676353219375628,27.286182728338527
659,-24.676353219375628,27.286182728338527
659,-24.676353219375628,27.286182728338527
659,-24.676353219375628,27.286182728338527
659,-24.676353219375628,27.286182728338527
660,-23.882660951728372,27.677228997603702
660,-23.882660951728372,27.677228997603702
660,-23.882660951728372,27.677228997603702
660,-23.882660951728372,27.677228997603702
660,-23.882660951728372,27.677228997603702
660,-23.882660951728372,27.677228997603702
660,-23.882660951728372,27.677228997603702
661,-23.693965020402064,29.89230788381008
661,-23.693965020402064,29.89230788381008
661,-23.693965020402064,29.89230788381008
661,-23.693965020402064,29.89230788381008
661,-23.693965020402064,29.89230788381008
661,-23.693965020402064,29.89230788381008
661,-23.693965020402064,29.89230788381008
662,-24.839871530514916,27.875643055703527
662,-24.839871530514916,27.875643055703527
662,-24.839871530514916,27.875643055703527
662,-24.839871530514916,27.875643055703527
662,-24.839871530514916,27.875643055703527
662,-24.839871530514916,27.875643055703527
662,-24.839871530514916,27.875643055703527
663,-24.646518961777133,26.645666223093794
663,-24.646518961777133,26.645666223093794
663,-24.646518961777133,26.645666223093794
663,-24.646518961777133,26.645666223093794
663,-24.646518961777133,26.645666223093794
663,-24.646518961777133,26.645666223093794
663,-24.646518961777133,26.645666223093794
664,-24.918915372422745,27.985086460602844
664,-24.918915372422745,27.985086460602844
664,-24.918915372422745,27.985086460602844
664,-24.918915372422745,27.985086460602844
664,-24.918915372422745,27.985086460602844
664,-24.918915372422745,27.985086460602844
664,-24.918915372422745,27.985086460602844
665,-24.388372062244752,27.696196526962897
665,-24.388372062244752,27.696196526962897
665,-24.388372062244752,27.696196526962897
665,-24.388372062244752,27.696196526962897
665,-24.388372062244752,27.696196526962897
665,-24.388372062244752,27.696196526962897
665,-24.388372062244752,27.696196526962897
666,-23.78500358661768,27.984942300737714
666,-23.78500358661768,27.984942300737714
666,-23.78500358661768,27.984942300737714
666,-23.78500358661768,27.984942300737714
666,-23.78500358661768,27.984942300737714
666,-23.78500358661768,27.984942300737714
666,-23.78500358661768,27.984942300737714
667,-24.194925665866222,27.6983091765523
667,-24.194925665866222,27.6983091765523
667,-24.194925665866222,27.6983091765523
667,-24.194925665866222,27.6983091765523
667,-24.194925665866222,27.6983091765523
667,-24.194925665866222,27.6983091765523
667,-24.194925665866222,27.6983091765523
668,-23.72716682543285,28.01090186160109
668,-23.72716682543285,28.01090186160109
668,-23.72716682543285,28.01090186160109
668,-23.72716682543285,28.01090186160109
668,-23.72716682543285,28.01090186160109
668,-23.72716682543285,28.01090186160109
668,-23.72716682543285,28.01090186160109
669,-24.990809467564226,27.894610481174382
669,-24.990809467564226,27.894610481174382
669,-24.990809467564226,27.894610481174382
669,-24.990809467564226,27.894610481174382
669,-24.990809467564226,27.894610481174382
669,-24.990809467564226,27.894610481174382
669,-24.990809467564226,27.894610481174382
670,-24.500203145054517,28.00390983009691
670,-24.500203145054517,28.00390983009691
670,-24.500203145054517,28.00390983009691
670,-24.500203145054517,28.00390983009691
670,-24.500203145054517,28.00390983009691
670,-24.500203145054517,28.00390983009691
670,-24.500203145054517,28.00390983009691
671,-23.90017949045028,28.025173688248934
671,-23.90017949045028,28.025173688248934
671,-23.90017949045028,28.025173688248934
671,-23.90017949045028,28.025173688248934
671,-23.90017949045028,28.025173688248934
671,-23.90017949045028,28.025173688248934
671,-23.90017949045028,28.025173688248934
672,-24.319636727856256,27.87832224164111
672,-24.319636727856256,27.87832224164111
672,-24.319636727856256,27.87832224164111
672,-24.319636727856256,27.87832224164111
672,-24.319636727856256,27.87832224164111
672,-24.319636727856256,27.87832224164111
672,-24.319636727856256,27.87832224164111
673,-24.048730074705787,27.42433258542966
673,-24.048730074705787,27.42433258542966
673,-24.048730074705787,27.42433258542966
673,-24.048730074705787,27.42433258542966
673,-24.048730074705787,27.42433258542966
673,-24.048730074705787,27.42433258542966
673,-24.048730074705787,27.42433258542966
674,-24.884968999519472,27.87992949915448
674,-24.884968999519472,27.87992949915448
674,-24.884968999519472,27.87992949915448
674,-24.884968999519472,27.87992949915448
674,-24.884968999519472,27.87992949915448
674,-24.884968999519472,27.87992949915448
674,-24.884968999519472,27.87992949915448
675,-23.632510472497383,27.084082701815863
675,-23.632510472497383,27.084082701815863
675,-23.632510472497383,27.084082701815863
675,-23.632510472497383,27.084082701815863
675,-23.632510472497383,27.084082701815863
675,-23.632510472497383,27.084082701815863
675,-23.632510472497383,27.084082701815863
676,-24.410665354199118,27.898752764760204
676,-24.410665354199118,27.898752764760204
676,-24.410665354199118,27.898752764760204
676,-24.410665354199118,27.898752764760204
676,-24.410665354199118,27.898752764760204
676,-24.410665354199118,27.898752764760204
676,-24.410665354199118,27.898752764760204
677,-24.05050053003065,27.87832224164111
677,-24.05050053003065,27.87832224164111
677,-24.05050053003065,27.87832224164111
677,-24.05050053003065,27.87832224164111
677,-24.05050053003065,27.87832224164111
677,-24.05050053003065,27.87832224164111
677,-24.05050053003065,27.87832224164111
678,-24.056165406838264,29.89230788381008
678,-24.056165406838264,29.89230788381008
678,-24.056165406838264,29.89230788381008
678,-24.056165406838264,29.89230788381008
678,-24.056165406838264,29.89230788381008
678,-24.056165406838264,29.89230788381008
678,-24.056165406838264,29.89230788381008
679,-25.171373289956033,28.00753044574669
679,-25.171373289956033,28.00753044574669
679,-25.171373289956033,28.00753044574669
679,-25.171373289956033,28.00753044574669
679,-25.171373289956033,28.00753044574669
679,-25.171373289956033,28.00753044574669
679,-25.171373289956033,28.00753044574669
680,-24.005241785523804,26.670145518487107
680,-24.005241785523804,26.670145518487107
680,-24.005241785523804,26.670145518487107
680,-24.005241785523804,26.670145518487107
680,-24.005241785523804,26.670145518487107
680,-24.005241785523804,26.670145518487107
680,-24.005241785523804,26.670145518487107
681,-24.269375368978626,26.650443570655902
681,-24.269375368978626,26.650443570655902
681,-24.269375368978626,26.650443570655902
681,-24.269375368978626,26.650443570655902
681,-24.269375368978626,26.650443570655902
681,-24.269375368978626,26.650443570655902
681,-24.269375368978626,26.650443570655902
682,-24.455031518568532,28.025173688248934
682,-24.455031518568532,28.025173688248934
682,-24.455031518568532,28.025173688248934
682,-24.455031518568532,28.025173688248934
682,-24.455031518568532,28.025173688248934
682,-24.455031518568532,28.025173688248934
682,-24.455031518568532,28.025173688248934
683,-24.511858821357954,27.875787215568657
683,-24.511858821357954,27.875787215568657
683,-24.511858821357954,27.875787215568657
683,-24.511858821357954,27.875787215568657
683,-24.511858821357954,27.875787215568657
683,-24.511858821357954,27.875787215568657
683,-24.511858821357954,27.875787215568657
684,-24.45253612877185,27.902373484298323
684,-24.45253612877185,27.902373484298323
684,-24.45253612877185,27.902373484298323
684,-24.45253612877185,27.902373484298323
684,-24.45253612877185,27.902373484298323
684,-24.45253612877185,27.902373484298323
684,-24.45253612877185,27.902373484298323
685,-24.778828616348864,28.00635031875487
685,-24.778828616348864,28.00635031875487
685,-24.778828616348864,28.00635031875487
685,-24.778828616348864,28.00635031875487
685,-24.778828616348864,28.00635031875487
685,-24.778828616348864,28.00635031875487
685,-24.778828616348864,28.00635031875487
686,-24.444411462556964,26.648293478827355
686,-24.444411462556964,26.648293478827355
686,-24.444411462556964,26.648293478827355
686,-24.444411462556964,26.648293478827355
686,-24.444411462556964,26.648293478827355
686,-24.444411462556964,26.648293478827355
686,-24.444411462556964,26.648293478827355
687,-24.230512470588515,27.985086460602844
687,-24.230512470588515,27.985086460602844
687,-24.230512470588515,27.985086460602844
687,-24.230512470588515,27.985086460602844
687,-24.230512470588515,27.985086460602844
687,-24.230512470588515,27.985086460602844
687,-24.230512470588515,27.985086460602844
688,-24.008071568010553,27.684109250900487
688,-24.008071568010553,27.684109250900487
688,-24.008071568010553,27.684109250900487
688,-24.008071568010553,27.684109250900487
688,-24.008071568010553,27.684109250900487
688,-24.008071568010553,27.684109250900487
688,-24.008071568010553,27.684109250900487
689,-24.39161950509452,26.65147232059138
689,-24.39161950509452,26.65147232059138
689,-24.39161950509452,26.65147232059138
689,-24.39161950509452,26.65147232059138
689,-24.39161950509452,26.65147232059138
689,-24.39161950509452,26.65147232059138
689,-24.39161950509452,26.65147232059138
690,-24.321376171016446,27.701195373730073
690,-24.321376171016446,27.701195373730073
690,-24.321376171016446,27.701195373730073
690,-24.321376171016446,27.701195373730073
690,-24.321376171016446,27.701195373730073
690,-24.321376171016446,27.701195373730073
690,-24.321376171016446,27.701195373730073
691,-24.00710470755954,27.992078492107026
691,-24.00710470755954,27.992078492107026
691,-24.00710470755954,27.992078492107026
691,-24.00710470755954,27.992078492107026
691,-24.00710470755954,27.992078492107026
691,-24.00710470755954,27.992078492107026
691,-24.00710470755954,27.992078492107026
692,-24.09134314474841,27.0820811326513
692,-24.09134314474841,27.0820811326513
692,-24.09134314474841,27.0820811326513
692,-24.09134314474841,27.0820811326513
692,-24.09134314474841,27.0820811326513
692,-24.09134314474841,27.0820811326513
692,-24.09134314474841,27.0820811326513
693,-23.316054709546325,27.266067705992917
693,-23.316054709546325,27.266067705992917
693,-23.316054709546325,27.266067705992917
693,-23.316054709546325,27.266067705992917
693,-23.316054709546325,27.266067705992917
693,-23.316054709546325,27.266067705992917
693,-23.316054709546325,27.266067705992917
694,-23.975710263420925,27.29429534829497
694,-23.975710263420925,27.29429534829497
694,-23.975710263420925,27.29429534829497
694,-23.975710263420925,27.29429534829497
694,-23.975710263420925,27.29429534829497
694,-23.975710263420925,27.29429534829497
694,-23.975710263420925,27.29429534829497
695,-23.7690726554958,27.87846640150624
695,-23.7690726554958,27.87846640150624
695,-23.7690726554958,27.87846640150624
695,-23.7690726554958,27.87846640150624
695,-23.7690726554958,27.87846640150624
695,-23.7690726554958,27.87846640150624
695,-23.7690726554958,27.87846640150624
696,-24.290210833306705,27.875787215568657
696,-24.290210833306705,27.875787215568657
696,-24.290210833306705,27.875787215568657
696,-24.290210833306705,27.875787215568657
696,-24.290210833306705,27.875787215568657
696,-24.290210833306705,27.875787215568657
696,-24.290210833306705,27.875787215568657
697,-24.62212405262687,27.89875286864854
697,-24.62212405262687,27.89875286864854
697,-24.62212405262687,27.89875286864854
697,-24.62212405262687,27.89875286864854
697,-24.62212405262687,27.89875286864854
697,-24.62212405262687,27.89875286864854
697,-24.62212405262687,27.89875286864854
698,-24.78053139788516,27.992078492107026
698,-24.78053139788516,27.992078492107026
698,-24.78053139788516,27.992078492107026
698,-24.78053139788516,27.992078492107026
698,-24.78053139788516,27.992078492107026
698,-24.78053139788516,27.992078492107026
698,-24.78053139788516,27.992078492107026
699,-23.39112073504017,27.875572429122677
699,-23.39112073504017,27.875572429122677
699,-23.39112073504017,27.875572429122677
699,-23.39112073504017,27.875572429122677
699,-23.39112073504017,27.875572429122677
699,-23.39112073504017,27.875572429122677
699,-23.39112073504017,27.875572429122677
700,-23.939723335942194,27.89875286864854
700,-23.939723335942194,27.89875286864854
700,-23.939723335942194,27.89875286864854
700,-23.939723335942194,27.89875286864854
700,-23.939723335942194,27.89875286864854
700,-23.939723335942194,27.89875286864854
700,-23.939723335942194,27.89875286864854
701,-24.606020852375103,28.00753044574669
701,-24.606020852375103,28.00753044574669
701,-24.606020852375103,28.00753044574669
701,-24.606020852375103,28.00753044574669
701,-24.606020852375103,28.00753044574669
701,-24.606020852375103,28.00753044574669
701,-24.606020852375103,28.00753044574669
702,-24.072058567837086,26.85904448063081
702,-24.072058567837086,26.85904448063081
702,-24.072058567837086,26.85904448063081
702,-24.072058567837086,26.85904448063081
702,-24.072058567837086,26.85904448063081
702,-24.072058567837086,26.85904448063081
702,-24.072058567837086,26.85904448063081
703,-24.286860112148144,27.991934332241897
703,-24.286860112148144,27.991934332241897
703,-24.286860112148144,27.991934332241897
703,-24.286860112148144,27.991934332241897
703,-24.286860112148144,27.991934332241897
703,-24.286860112148144,27.991934332241897
703,-24.286860112148144,27.991934332241897
704,-24.319628355728206,27.677228997603702
704,-24.319628355728206,27.677228997603702
704,-24.319628355728206,27.677228997603702
704,-24.319628355728206,27.677228997603702
704,-24.319628355728206,27.677228997603702
704,-24.319628355728206,27.677228997603702
704,-24.319628355728206,27.677228997603702
705,-24.909564124473675,27.674052769080166
705,-24.909564124473675,27.674052769080166
705,-24.909564124473675,27.674052769080166
705,-24.909564124473675,27.674052769080166
705,-24.909564124473675,27.674052769080166
705,-24.909564124473675,27.674052769080166
705,-24.909564124473675,27.674052769080166
706,-24.499008822587733,27.67741708183099
706,-24.499008822587733,27.67741708183099
706,-24.499008822587733,27.67741708183099
706,-24.499008822587733,27.67741708183099
706,-24.499008822587733,27.67741708183099
706,-24.499008822587733,27.67741708183099
706,-24.499008822587733,27.67741708183099
707,-24.100963845012526,27.079108821599036
707,-24.100963845012526,27.079108821599036
707,-24.100963845012526,27.079108821599036
707,-24.100963845012526,27.079108821599036
707,-24.100963845012526,27.079108821599036
707,-24.100963845012526,27.079108821599036
707,-24.100963845012526,27.079108821599036
708,-24.114363913838815,27.87832224164111
708,-24.114363913838815,27.87832224164111
708,-24.114363913838815,27.87832224164111
708,-24.114363913838815,27.87832224164111
708,-24.114363913838815,27.87832224164111
708,-24.114363913838815,27.87832224164111
708,-24.114363913838815,27.87832224164111
709,-24.291960834298514,27.107845506183814
709,-24.291960834298514,27.107845506183814
709,-24.291960834298514,27.107845506183814
709,-24.291960834298514,27.107845506183814
709,-24.291960834298514,27.107845506183814
709,-24.291960834298514,27.107845506183814
709,-24.291960834298514,27.107845506183814
710,-22.476949494377223,27.87832224164111
710,-22.476949494377223,27.87832224164111
710,-22.476949494377223,27.87832224164111
710,-22.476949494377223,27.87832224164111
710,-22.476949494377223,27.87832224164111
710,-22.476949494377223,27.87832224164111
710,-22.476949494377223,27.87832224164111
711,-24.692835381935282,26.96681299698109
711,-24.692835381935282,26.96681299698109
711,-24.692835381935282,26.96681299698109
711,-24.692835381935282,26.96681299698109
711,-24.692835381935282,26.96681299698109
711,-24.692835381935282,26.96681299698109
711,-24.692835381935282,26.96681299698109
712,-25.29518306266282,29.896434543486357
712,-25.29518306266282,29.896434543486357
712,-25.29518306266282,29.896434543486357
712,-25.29518306266282,29.896434543486357
712,-25.29518306266282,29.896434543486357
712,-25.29518306266282,29.896434543486357
712,-25.29518306266282,29.896434543486357
713,-23.507407926100285,27.875787215568657
713,-23.507407926100285,27.875787215568657
713,-23.507407926100285,27.875787215568657
713,-23.507407926100285,27.875787215568657
713,-23.507407926100285,27.875787215568657
713,-23.507407926100285,27.875787215568657
713,-23.507407926100285,27.875787215568657
714,-23.700790428115667,28.046687934249885
714,-23.700790428115667,28.046687934249885
714,-23.700790428115667,28.046687934249885
714,-23.700790428115667,28.046687934249885
714,-23.700790428115667,28.046687934249885
714,-23.700790428115667,28.046687934249885
714,-23.700790428115667,28.046687934249885
715,-24.129433871855728,27.898752764760204
715,-24.129433871855728,27.898752764760204
715,-24.129433871855728,27.898752764760204
715,-24.129433871855728,27.898752764760204
715,-24.129433871855728,27.898752764760204
715,-24.129433871855728,27.898752764760204
715,-24.129433871855728,27.898752764760204
716,-24.728526582773647,27.700075853420817
716,-24.728526582773647,27.700075853420817
716,-24.728526582773647,27.700075853420817
716,-24.728526582773647,27.700075853420817
716,-24.728526582773647,27.700075853420817
716,-24.728526582773647,27.700075853420817
716,-24.728526582773647,27.700075853420817
717,-23.944183767134,27.874495458828772
717,-23.944183767134,27.874495458828772
717,-23.944183767134,27.874495458828772
717,-23.944183767134,27.874495458828772
717,-23.944183767134,27.874495458828772
717,-23.944183767134,27.874495458828772
717,-23.944183767134,27.874495458828772
718,-24.741722947045172,27.805032417774335
718,-24.741722947045172,27.805032417774335
718,-24.741722947045172,27.805032417774335
718,-24.741722947045172,27.805032417774335
718,-24.741722947045172,27.805032417774335
718,-24.741722947045172,27.805032417774335
718,-24.741722947045172,27.805032417774335
719,-24.62080860925504,27.88455986714398
719,-24.62080860925504,27.88455986714398
719,-24.62080860925504,27.88455986714398
719,-24.62080860925504,27.88455986714398
719,-24.62080860925504,27.88455986714398
719,-24.62080860925504,27.88455986714398
719,-24.62080860925504,27.88455986714398
720,-24.66004454284799,28.01090175771275
720,-24.66004454284799,28.01090175771275
720,-24.66004454284799,28.01090175771275
720,-24.66004454284799,28.01090175771275
720,-24.66004454284799,28.01090175771275
720,-24.66004454284799,28.01090175771275
720,-24.66004454284799,28.01090175771275
721,-24.90688640217892,29.889421686632307
721,-24.90688640217892,29.889421686632307
721,-24.90688640217892,29.889421686632307
721,-24.90688640217892,29.889421686632307
721,-24.90688640217892,29.889421686632307
721,-24.90688640217892,29.889421686632307
721,-24.90688640217892,29.889421686632307
722,-23.53102420869498,28.028794303898714
722,-23.53102420869498,28.028794303898714
722,-23.53102420869498,28.028794303898714
722,-23.53102420869498,28.028794303898714
722,-23.53102420869498,28.028794303898714
722,-23.53102420869498,28.028794303898714
722,-23.53102420869498,28.028794303898714
723,-24.53418847924173,28.028794303898714
723,-24.53418847924173,28.028794303898714
723,-24.53418847924173,28.028794303898714
723,-24.53418847924173,28.028794303898714
723,-24.53418847924173,28.028794303898714
723,-24.53418847924173,28.028794303898714
723,-24.53418847924173,28.028794303898714
724,-24.356302899936654,27.677373157468832
724,-24.356302899936654,27.677373157468832
724,-24.356302899936654,27.677373157468832
724,-24.356302899936654,27.677373157468832
724,-24.356302899936654,27.677373157468832
724,-24.356302899936654,27.677373157468832
724,-24.356302899936654,27.677373157468832
725,-23.9887756498179,27.696930945434907
725,-23.9887756498179,27.696930945434907
725,-23.9887756498179,27.696930945434907
725,-23.9887756498179,27.696930945434907
725,-23.9887756498179,27.696930945434907
725,-23.9887756498179,27.696930945434907
725,-23.9887756498179,27.696930945434907
726,-24.745282800234328,27.44647634331239
726,-24.745282800234328,27.44647634331239
726,-24.745282800234328,27.44647634331239
726,-24.745282800234328,27.44647634331239
726,-24.745282800234328,27.44647634331239
726,-24.745282800234328,27.44647634331239
726,-24.745282800234328,27.44647634331239
727,-23.99395545687976,27.424343893715612
727,-23.99395545687976,27.424343893715612
727,-23.99395545687976,27.424343893715612
727,-23.99395545687976,27.424343893715612
727,-23.99395545687976,27.424343893715612
727,-23.99395545687976,27.424343893715612
727,-23.99395545687976,27.424343893715612
728,-23.76597532622985,27.07793696693873
728,-23.76597532622985,27.07793696693873
728,-23.76597532622985,27.07793696693873
728,-23.76597532622985,27.07793696693873
728,-23.76597532622985,27.07793696693873
728,-23.76597532622985,27.07793696693873
728,-23.76597532622985,27.07793696693873
729,-24.047846402218564,27.874510237592897
729,-24.047846402218564,27.874510237592897
729,-24.047846402218564,27.874510237592897
729,-24.047846402218564,27.874510237592897
729,-24.047846402218564,27.874510237592897
729,-24.047846402218564,27.874510237592897
729,-24.047846402218564,27.874510237592897
730,-24.69543652542239,27.0820811326513
730,-24.69543652542239,27.0820811326513
730,-24.69543652542239,27.0820811326513
730,-24.69543652542239,27.0820811326513
730,-24.69543652542239,27.0820811326513
730,-24.69543652542239,27.0820811326513
730,-24.69543652542239,27.0820811326513
731,-24.360884490628415,28.00753044574669
731,-24.360884490628415,28.00753044574669
731,-24.360884490628415,28.00753044574669
731,-24.360884490628415,28.00753044574669
731,-24.360884490628415,28.00753044574669
731,-24.360884490628415,28.00753044574669
731,-24.360884490628415,28.00753044574669
732,-24.143183991218784,27.4472107617844
732,-24.143183991218784,27.4472107617844
732,-24.143183991218784,27.4472107617844
732,-24.143183991218784,27.4472107617844
732,-24.143183991218784,27.4472107617844
732,-24.143183991218784,27.4472107617844
732,-24.143183991218784,27.4472107617844
733,-24.170128720645256,27.991934332241897
733,-24.170128720645256,27.991934332241897
733,-24.170128720645256,27.991934332241897
733,-24.170128720645256,27.991934332241897
733,-24.170128720645256,27.991934332241897
733,-24.170128720645256,27.991934332241897
733,-24.170128720645256,27.991934332241897
734,-23.661662551821237,29.89230788381008
734,-23.661662551821237,29.89230788381008
734,-23.661662551821237,29.89230788381008
734,-23.661662551821237,29.89230788381008
734,-23.661662551821237,29.89230788381008
734,-23.661662551821237,29.89230788381008
734,-23.661662551821237,29.89230788381008
735,-24.831440107698747,28.011636280073102
735,-24.831440107698747,28.011636280073102
735,-24.831440107698747,28.011636280073102
735,-24.831440107698747,28.011636280073102
735,-24.831440107698747,28.011636280073102
735,-24.831440107698747,28.011636280073102
735,-24.831440107698747,28.011636280073102
736,-24.16886563470343,26.859086321879154
736,-24.16886563470343,26.859086321879154
736,-24.16886563470343,26.859086321879154
736,-24.16886563470343,26.859086321879154
736,-24.16886563470343,26.859086321879154
736,-24.16886563470343,26.859086321879154
736,-24.16886563470343,26.859086321879154
737,-24.715069809816036,27.69619642307456
737,-24.715069809816036,27.69619642307456
737,-24.715069809816036,27.69619642307456
737,-24.715069809816036,27.69619642307456
737,-24.715069809816036,27.69619642307456
737,-24.715069809816036,27.69619642307456
737,-24.715069809816036,27.69619642307456
738,-24.1954830018587,28.025173584360594
738,-24.1954830018587,28.025173584360594
738,-24.1954830018587,28.025173584360594
738,-24.1954830018587,28.025173584360594
738,-24.1954830018587,28.025173584360594
738,-24.1954830018587,28.025173584360594
738,-24.1954830018587,28.025173584360594
739,-24.49654537295118,27.171327962039044
739,-24.49654537295118,27.171327962039044
739,-24.49654537295118,27.171327962039044
739,-24.49654537295118,27.171327962039044
739,-24.49654537295118,27.171327962039044
739,-24.49654537295118,27.171327962039044
739,-24.49654537295118,27.171327962039044
740,-24.237023559778798,27.87832224164111
740,-24.237023559778798,27.87832224164111
740,-24.237023559778798,27.87832224164111
740,-24.237023559778798,27.87832224164111
740,-24.237023559778798,27.87832224164111
740,-24.237023559778798,27.87832224164111
740,-24.237023559778798,27.87832224164111
741,-24.396813335387392,28.028794303898714
741,-24.396813335387392,28.028794303898714
741,-24.396813335387392,28.028794303898714
741,-24.396813335387392,28.028794303898714
741,-24.396813335387392,28.028794303898714
741,-24.396813335387392,28.028794303898714
741,-24.396813335387392,28.028794303898714
742,-24.179368358425382,28.025173688248934
742,-24.179368358425382,28.025173688248934
742,-24.179368358425382,28.025173688248934
742,-24.179368358425382,28.025173688248934
742,-24.179368358425382,28.025173688248934
742,-24.179368358425382,28.025173688248934
742,-24.179368358425382,28.025173688248934
743,-24.733274215456213,27.992078492107026
743,-24.733274215456213,27.992078492107026
743,-24.733274215456213,27.992078492107026
743,-24.733274215456213,27.992078492107026
743,-24.733274215456213,27.992078492107026
743,-24.733274215456213,27.992078492107026
743,-24.733274215456213,27.992078492107026
744,-24.39607948914326,27.291772922197488
744,-24.39607948914326,27.291772922197488
744,-24.39607948914326,27.291772922197488
744,-24.39607948914326,27.291772922197488
744,-24.39607948914326,27.291772922197488
744,-24.39607948914326,27.291772922197488
744,-24.39607948914326,27.291772922197488
745,-24.698149035036977,27.8982312007125
745,-24.698149035036977,27.8982312007125
745,-24.698149035036977,27.8982312007125
745,-24.698149035036977,27.8982312007125
745,-24.698149035036977,27.8982312007125
745,-24.698149035036977,27.8982312007125
745,-24.698149035036977,27.8982312007125
746,-24.504564884703626,27.984942300737714
746,-24.504564884703626,27.984942300737714
746,-24.504564884703626,27.984942300737714
746,-24.504564884703626,27.984942300737714
746,-24.504564884703626,27.984942300737714
746,-24.504564884703626,27.984942300737714
746,-24.504564884703626,27.984942300737714
747,-24.49627214930206,26.840129908920577
747,-24.49627214930206,26.840129908920577
747,-24.49627214930206,26.840129908920577
747,-24.49627214930206,26.840129908920577
747,-24.49627214930206,26.840129908920577
747,-24.49627214930206,26.840129908920577
747,-24.49627214930206,26.840129908920577
748,-24.08039633015885,27.700075853420817
748,-24.08039633015885,27.700075853420817
748,-24.08039633015885,27.700075853420817
748,-24.08039633015885,27.700075853420817
748,-24.08039633015885,27.700075853420817
748,-24.08039633015885,27.700075853420817
748,-24.08039633015885,27.700075853420817
749,-23.950544043182617,26.965499515931654
749,-23.950544043182617,26.965499515931654
749,-23.950544043182617,26.965499515931654
749,-23.950544043182617,26.965499515931654
749,-23.950544043182617,26.965499515931654
749,-23.950544043182617,26.965499515931654
749,-23.950544043182617,26.965499515931654
750,-24.101162941234975,27.897289771000306
750,-24.101162941234975,27.897289771000306
750,-24.101162941234975,27.897289771000306
750,-24.101162941234975,27.897289771000306
750,-24.101162941234975,27.897289771000306
750,-24.101162941234975,27.897289771000306
750,-24.101162941234975,27.897289771000306
751,-23.766927421385628,27.90572467120111
751,-23.766927421385628,27.90572467120111
751,-23.766927421385628,27.90572467120111
751,-23.766927421385628,27.90572467120111
751,-23.766927421385628,27.90572467120111
751,-23.766927421385628,27.90572467120111
751,-23.766927421385628,27.90572467120111
752,-24.984682202327335,28.01452247725087
752,-24.984682202327335,28.01452247725087
752,-24.984682202327335,28.01452247725087
752,-24.984682202327335,28.01452247725087
752,-24.984682202327335,28.01452247725087
752,-24.984682202327335,28.01452247725087
752,-24.984682202327335,28.01452247725087
753,-24.374917276295108,27.894610585062722
753,-24.374917276295108,27.894610585062722
753,-24.374917276295108,27.894610585062722
753,-24.374917276295108,27.894610585062722
753,-24.374917276295108,27.894610585062722
753,-24.374917276295108,27.894610585062722
753,-24.374917276295108,27.894610585062722
754,-24.548341771790756,27.992078492107026
754,-24.548341771790756,27.992078492107026
754,-24.548341771790756,27.992078492107026
754,-24.548341771790756,27.992078492107026
754,-24.548341771790756,27.992078492107026
754,-24.548341771790756,27.992078492107026
754,-24.548341771790756,27.992078492107026
755,-23.89394810594553,26.64611349480809
755,-23.89394810594553,26.64611349480809
755,-23.89394810594553,26.64611349480809
755,-23.89394810594553,26.64611349480809
755,-23.89394810594553,26.64611349480809
755,-23.89394810594553,26.64611349480809
755,-23.89394810594553,26.64611349480809
756,-24.264057959480343,27.264039074344137
756,-24.264057959480343,27.264039074344137
756,-24.264057959480343,27.264039074344137
756,-24.264057959480343,27.264039074344137
756,-24.264057959480343,27.264039074344137
756,-24.264057959480343,27.264039074344137
756,-24.264057959480343,27.264039074344137
757,-24.733729413793554,28.02492026035173
757,-24.733729413793554,28.02492026035173
757,-24.733729413793554,28.02492026035173
757,-24.733729413793554,28.02492026035173
757,-24.733729413793554,28.02492026035173
757,-24.733729413793554,28.02492026035173
757,-24.733729413793554,28.02492026035173
758,-24.452881742617095,27.67743256936212
758,-24.452881742617095,27.67743256936212
758,-24.452881742617095,27.67743256936212
758,-24.452881742617095,27.67743256936212
758,-24.452881742617095,27.67743256936212
758,-24.452881742617095,27.67743256936212
758,-24.452881742617095,27.67743256936212
759,-24.404464255485976,27.914292227975192
759,-24.404464255485976,27.914292227975192
759,-24.404464255485976,27.914292227975192
759,-24.404464255485976,27.914292227975192
759,-24.404464255485976,27.914292227975192
759,-24.404464255485976,27.914292227975192
759,-24.404464255485976,27.914292227975192
760,-22.651784782062673,26.650587730521032
760,-22.651784782062673,26.650587730521032
760,-22.651784782062673,26.650587730521032
760,-22.651784782062673,26.650587730521032
760,-22.651784782062673,26.650587730521032
760,-22.651784782062673,26.650587730521032
760,-22.651784782062673,26.650587730521032
761,-24.190139987519128,27.69757475808029
761,-24.190139987519128,27.69757475808029
761,-24.190139987519128,27.69757475808029
761,-24.190139987519128,27.69757475808029
761,-24.190139987519128,27.69757475808029
761,-24.190139987519128,27.69757475808029
761,-24.190139987519128,27.69757475808029
762,-24.59544715879875,27.678536602140245
762,-24.59544715879875,27.678536602140245
762,-24.59544715879875,27.678536602140245
762,-24.59544715879875,27.678536602140245
762,-24.59544715879875,27.678536602140245
762,-24.59544715879875,27.678536602140245
762,-24.59544715879875,27.678536602140245
763,-24.537324528210732,27.874495458828772
763,-24.537324528210732,27.874495458828772
763,-24.537324528210732,27.874495458828772
763,-24.537324528210732,27.874495458828772
763,-24.537324528210732,27.874495458828772
763,-24.537324528210732,27.874495458828772
763,-24.537324528210732,27.874495458828772
764,-24.002102363318123,28.01452247725087
764,-24.002102363318123,28.01452247725087
764,-24.002102363318123,28.01452247725087
764,-24.002102363318123,28.01452247725087
764,-24.002102363318123,28.01452247725087
764,-24.002102363318123,28.01452247725087
764,-24.002102363318123,28.01452247725087
765,-24.975605698239306,27.874510237592897
765,-24.975605698239306,27.874510237592897
765,-24.975605698239306,27.874510237592897
765,-24.975605698239306,27.874510237592897
765,-24.975605698239306,27.874510237592897
765,-24.975605698239306,27.874510237592897
765,-24.975605698239306,27.874510237592897
766,-23.645351470162378,27.078242612263896
766,-23.645351470162378,27.078242612263896
766,-23.645351470162378,27.078242612263896
766,-23.645351470162378,27.078242612263896
766,-23.645351470162378,27.078242612263896
766,-23.645351470162378,27.078242612263896
766,-23.645351470162378,27.078242612263896
767,-24.708487873587096,27.897289667111966
767,-24.708487873587096,27.897289667111966
767,-24.708487873587096,27.897289667111966
767,-24.708487873587096,27.897289667111966
767,-24.708487873587096,27.897289667111966
767,-24.708487873587096,27.897289667111966
767,-24.708487873587096,27.897289667111966
768,-23.863870968446165,27.475097700815635
768,-23.863870968446165,27.475097700815635
768,-23.863870968446165,27.475097700815635
768,-23.863870968446165,27.475097700815635
768,-23.863870968446165,27.475097700815635
768,-23.863870968446165,27.475097700815635
768,-23.863870968446165,27.475097700815635
769,-24.241024288517327,28.00390983009691
769,-24.241024288517327,28.00390983009691
769,-24.241024288517327,28.00390983009691
769,-24.241024288517327,28.00390983009691
769,-24.241024288517327,28.00390983009691
769,-24.241024288517327,28.00390983009691
769,-24.241024288517327,28.00390983009691
770,-24.675163844923244,27.874495458828772
770,-24.675163844923244,27.874495458828772
770,-24.675163844923244,27.874495458828772
770,-24.675163844923244,27.874495458828772
770,-24.675163844923244,27.874495458828772
770,-24.675163844923244,27.874495458828772
770,-24.675163844923244,27.874495458828772
771,-24.04515294843142,27.991934332241897
771,-24.04515294843142,27.991934332241897
771,-24.04515294843142,27.991934332241897
771,-24.04515294843142,27.991934332241897
771,-24.04515294843142,27.991934332241897
771,-24.04515294843142,27.991934332241897
771,-24.04515294843142,27.991934332241897
772,-24.09733886210717,27.29740356347814
772,-24.09733886210717,27.29740356347814
772,-24.09733886210717,27.29740356347814
772,-24.09733886210717,27.29740356347814
772,-24.09733886210717,27.29740356347814
772,-24.09733886210717,27.29740356347814
772,-24.09733886210717,27.29740356347814
773,-24.01755816434478,27.402196443597017
773,-24.01755816434478,27.402196443597017
773,-24.01755816434478,27.402196443597017
773,-24.01755816434478,27.402196443597017
773,-24.01755816434478,27.402196443597017
773,-24.01755816434478,27.402196443597017
773,-24.01755816434478,27.402196443597017
774,-23.797659736212545,27.877174644766356
774,-23.797659736212545,27.877174644766356
774,-23.797659736212545,27.877174644766356
774,-23.797659736212545,27.877174644766356
774,-23.797659736212545,27.877174644766356
774,-23.797659736212545,27.877174644766356
774,-23.797659736212545,27.877174644766356
775,-24.375529417866836,29.89230788381008
775,-24.375529417866836,29.89230788381008
775,-24.375529417866836,29.89230788381008
775,-24.375529417866836,29.89230788381008
775,-24.375529417866836,29.89230788381008
775,-24.375529417866836,29.89230788381008
775,-24.375529417866836,29.89230788381008
776,-24.99487280869318,28.00390972620857
776,-24.99487280869318,28.00390972620857
776,-24.99487280869318,28.00390972620857
776,-24.99487280869318,28.00390972620857
776,-24.99487280869318,28.00390972620857
776,-24.99487280869318,28.00390972620857
776,-24.99487280869318,28.00390972620857
777,-24.4119539749904,27.67745963184634
777,-24.4119539749904,27.67745963184634
777,-24.4119539749904,27.67745963184634
777,-24.4119539749904,27.67745963184634
777,-24.4119539749904,27.67745963184634
777,-24.4119539749904,27.67745963184634
777,-24.4119539749904,27.67745963184634
778,-23.859963208358536,27.266067705992917
778,-23.859963208358536,27.266067705992917
778,-23.859963208358536,27.266067705992917
778,-23.859963208358536,27.266067705992917
778,-23.859963208358536,27.266067705992917
778,-23.859963208358536,27.266067705992917
778,-23.859963208358536,27.266067705992917
779,-24.176948420766593,27.29629953070002
779,-24.176948420766593,27.29629953070002
779,-24.176948420766593,27.29629953070002
779,-24.176948420766593,27.29629953070002
779,-24.176948420766593,27.29629953070002
779,-24.176948420766593,27.29629953070002
779,-24.176948420766593,27.29629953070002
780,-24.287736621412094,28.00753044574669
780,-24.287736621412094,28.00753044574669
780,-24.287736621412094,28.00753044574669
780,-24.287736621412094,28.00753044574669
780,-24.287736621412094,28.00753044574669
780,-24.287736621412094,28.00753044574669
780,-24.287736621412094,28.00753044574669
781,-24.012656696280427,27.380052685714286
781,-24.012656696280427,27.380052685714286
781,-24.012656696280427,27.380052685714286
781,-24.012656696280427,27.380052685714286
781,-24.012656696280427,27.380052685714286
781,-24.012656696280427,27.380052685714286
781,-24.012656696280427,27.380052685714286
782,-23.788571996014426,27.984871674156864
782,-23.788571996014426,27.984871674156864
782,-23.788571996014426,27.984871674156864
782,-23.788571996014426,27.984871674156864
782,-23.788571996014426,27.984871674156864
782,-23.788571996014426,27.984871674156864
782,-23.788571996014426,27.984871674156864
783,-24.81884497649875,27.67745963184634
783,-24.81884497649875,27.67745963184634
783,-24.81884497649875,27.67745963184634
783,-24.81884497649875,27.67745963184634
783,-24.81884497649875,27.67745963184634
783,-24.81884497649875,27.67745963184634
783,-24.81884497649875,27.67745963184634
784,-24.651533496341653,27.984942300737714
784,-24.651533496341653,27.984942300737714
784,-24.651533496341653,27.984942300737714
784,-24.651533496341653,27.984942300737714
784,-24.651533496341653,27.984942300737714
784,-24.651533496341653,27.984942300737714
784,-24.651533496341653,27.984942300737714
785,-25.256480917972176,27.898024189472316
785,-25.256480917972176,27.898024189472316
785,-25.256480917972176,27.898024189472316
785,-25.256480917972176,27.898024189472316
785,-25.256480917972176,27.898024189472316
785,-25.256480917972176,27.898024189472316
785,-25.256480917972176,27.898024189472316
786,-24.24806461091938,26.779876249241163
786,-24.24806461091938,26.779876249241163
786,-24.24806461091938,26.779876249241163
786,-24.24806461091938,26.779876249241163
786,-24.24806461091938,26.779876249241163
786,-24.24806461091938,26.779876249241163
786,-24.24806461091938,26.779876249241163
787,-24.276854485475734,27.676340111537083
787,-24.276854485475734,27.676340111537083
787,-24.276854485475734,27.676340111537083
787,-24.276854485475734,27.676340111537083
787,-24.276854485475734,27.676340111537083
787,-24.276854485475734,27.676340111537083
787,-24.276854485475734,27.676340111537083
788,-24.36326889838356,27.984942300737714
788,-24.36326889838356,27.984942300737714
788,-24.36326889838356,27.984942300737714
788,-24.36326889838356,27.984942300737714
788,-24.36326889838356,27.984942300737714
788,-24.36326889838356,27.984942300737714
788,-24.36326889838356,27.984942300737714
789,-24.760184289861854,27.992078492107026
789,-24.760184289861854,27.992078492107026
789,-24.760184289861854,27.992078492107026
789,-24.760184289861854,27.992078492107026
789,-24.760184289861854,27.992078492107026
789,-24.760184289861854,27.992078492107026
789,-24.760184289861854,27.992078492107026
790,-23.882453240050303,27.441646168005132
790,-23.882453240050303,27.441646168005132
790,-23.882453240050303,27.441646168005132
790,-23.882453240050303,27.441646168005132
790,-23.882453240050303,27.441646168005132
790,-23.882453240050303,27.441646168005132
790,-23.882453240050303,27.441646168005132
791,-24.253947998711983,26.651958922534725
791,-24.253947998711983,26.651958922534725
791,-24.253947998711983,26.651958922534725
791,-24.253947998711983,26.651958922534725
791,-24.253947998711983,26.651958922534725
791,-24.253947998711983,26.651958922534725
791,-24.253947998711983,26.651958922534725
792,-24.00022006058654,28.028794303898714
792,-24.00022006058654,28.028794303898714
792,-24.00022006058654,28.028794303898714
792,-24.00022006058654,28.028794303898714
792,-24.00022006058654,28.028794303898714
792,-24.00022006058654,28.028794303898714
792,-24.00022006058654,28.028794303898714
793,-24.901795941334516,28.025173688248934
793,-24.901795941334516,28.025173688248934
793,-24.901795941334516,28.025173688248934
793,-24.901795941334516,28.025173688248934
793,-24.901795941334516,28.025173688248934
793,-24.901795941334516,28.025173688248934
793,-24.901795941334516,28.025173688248934
794,-24.45581989620553,28.025173688248934
794,-24.45581989620553,28.025173688248934
794,-24.45581989620553,28.025173688248934
794,-24.45581989620553,28.025173688248934
794,-24.45581989620553,28.025173688248934
794,-24.45581989620553,28.025173688248934
794,-24.45581989620553,28.025173688248934
795,-24.58279274482685,27.69981714261268
795,-24.58279274482685,27.69981714261268
795,-24.58279274482685,27.69981714261268
795,-24.58279274482685,27.69981714261268
795,-24.58279274482685,27.69981714261268
795,-24.58279274482685,27.69981714261268
795,-24.58279274482685,27.69981714261268
796,-23.92877451869278,26.67464190100064
796,-23.92877451869278,26.67464190100064
796,-23.92877451869278,26.67464190100064
796,-23.92877451869278,26.67464190100064
796,-23.92877451869278,26.67464190100064
796,-23.92877451869278,26.67464190100064
796,-23.92877451869278,26.67464190100064
797,-23.781564731857546,27.87846640150624
797,-23.781564731857546,27.87846640150624
797,-23.781564731857546,27.87846640150624
797,-23.781564731857546,27.87846640150624
797,-23.781564731857546,27.87846640150624
797,-23.781564731857546,27.87846640150624
797,-23.781564731857546,27.87846640150624
798,-24.172920362915715,28.01452247725087
798,-24.172920362915715,28.01452247725087
798,-24.172920362915715,28.01452247725087
798,-24.172920362915715,28.01452247725087
798,-24.172920362915715,28.01452247725087
798,-24.172920362915715,28.01452247725087
798,-24.172920362915715,28.01452247725087
799,-23.901717495740556,28.01452247725087
799,-23.901717495740556,28.01452247725087
799,-23.901717495740556,28.01452247725087
799,-23.901717495740556,28.01452247725087
799,-23.901717495740556,28.01452247725087
799,-23.901717495740556,28.01452247725087
799,-23.901717495740556,28.01452247725087
800,-24.880129009261438,27.26403646110365
800,-24.880129009261438,27.26403646110365
800,-24.880129009261438,27.26403646110365
800,-24.880129009261438,27.26403646110365
800,-24.880129009261438,27.26403646110365
800,-24.880129009261438,27.26403646110365
800,-24.880129009261438,27.26403646110365
801,-24.7740460702167,29.89387395224432
801,-24.7740460702167,29.89387395224432
801,-24.7740460702167,29.89387395224432
801,-24.7740460702167,29.89387395224432
801,-24.7740460702167,29.89387395224432
801,-24.7740460702167,29.89387395224432
801,-24.7740460702167,29.89387395224432
802,-24.30335127353084,27.875643055703527
802,-24.30335127353084,27.875643055703527
802,-24.30335127353084,27.875643055703527
802,-24.30335127353084,27.875643055703527
802,-24.30335127353084,27.875643055703527
802,-24.30335127353084,27.875643055703527
802,-24.30335127353084,27.875643055703527
803,-23.5593917893763,26.96423717685427
803,-23.5593917893763,26.96423717685427
803,-23.5593917893763,26.96423717685427
803,-23.5593917893763,26.96423717685427
803,-23.5593917893763,26.96423717685427
803,-23.5593917893763,26.96423717685427
803,-23.5593917893763,26.96423717685427
804,-25.05120875439653,28.04327055041618
804,-25.05120875439653,28.04327055041618
804,-25.05120875439653,28.04327055041618
804,-25.05120875439653,28.04327055041618
804,-25.05120875439653,28.04327055041618
804,-25.05120875439653,28.04327055041618
804,-25.05120875439653,28.04327055041618
805,-23.13474969400149,27.1908152620199
805,-23.13474969400149,27.1908152620199
805,-23.13474969400149,27.1908152620199
805,-23.13474969400149,27.1908152620199
805,-23.13474969400149,27.1908152620199
805,-23.13474969400149,27.1908152620199
805,-23.13474969400149,27.1908152620199
806,-24.48696926305346,28.00390983009691
806,-24.48696926305346,28.00390983009691
806,-24.48696926305346,28.00390983009691
806,-24.48696926305346,28.00390983009691
806,-24.48696926305346,28.00390983009691
806,-24.48696926305346,28.00390983009691
806,-24.48696926305346,28.00390983009691
807,-23.74529277469809,26.642166482667577
807,-23.74529277469809,26.642166482667577
807,-23.74529277469809,26.642166482667577
807,-23.74529277469809,26.642166482667577
807,-23.74529277469809,26.642166482667577
807,-23.74529277469809,26.642166482667577
807,-23.74529277469809,26.642166482667577
808,-23.48132731824843,26.67465582252708
808,-23.48132731824843,26.67465582252708
808,-23.48132731824843,26.67465582252708
808,-23.48132731824843,26.67465582252708
808,-23.48132731824843,26.67465582252708
808,-23.48132731824843,26.67465582252708
808,-23.48132731824843,26.67465582252708
809,-24.67065167654355,26.640383296081183
809,-24.67065167654355,26.640383296081183
809,-24.67065167654355,26.640383296081183
809,-24.67065167654355,26.640383296081183
809,-24.67065167654355,26.640383296081183
809,-24.67065167654355,26.640383296081183
809,-24.67065167654355,26.640383296081183
810,-23.96752602756883,27.677228997603702
810,-23.96752602756883,27.677228997603702
810,-23.96752602756883,27.677228997603702
810,-23.96752602756883,27.677228997603702
810,-23.96752602756883,27.677228997603702
810,-23.96752602756883,27.677228997603702
810,-23.96752602756883,27.677228997603702
811,-24.244846853731477,27.87825161506026
811,-24.244846853731477,27.87825161506026
811,-24.244846853731477,27.87825161506026
811,-24.244846853731477,27.87825161506026
811,-24.244846853731477,27.87825161506026
811,-24.244846853731477,27.87825161506026
811,-24.244846853731477,27.87825161506026
812,-23.66600280286264,27.8982312007125
812,-23.66600280286264,27.8982312007125
812,-23.66600280286264,27.8982312007125
812,-23.66600280286264,27.8982312007125
812,-23.66600280286264,27.8982312007125
812,-23.66600280286264,27.8982312007125
812,-23.66600280286264,27.8982312007125
813,-24.15072032996415,27.676313049052865
813,-24.15072032996415,27.676313049052865
813,-24.15072032996415,27.676313049052865
813,-24.15072032996415,27.676313049052865
813,-24.15072032996415,27.676313049052865
813,-24.15072032996415,27.676313049052865
813,-24.15072032996415,27.676313049052865
814,-24.942011215849607,29.89230788381008
814,-24.942011215849607,29.89230788381008
814,-24.942011215849607,29.89230788381008
814,-24.942011215849607,29.89230788381008
814,-24.942011215849607,29.89230788381008
814,-24.942011215849607,29.89230788381008
814,-24.942011215849607,29.89230788381008
815,-24.38435653821738,27.29740356347814
815,-24.38435653821738,27.29740356347814
815,-24.38435653821738,27.29740356347814
815,-24.38435653821738,27.29740356347814
815,-24.38435653821738,27.29740356347814
815,-24.38435653821738,27.29740356347814
815,-24.38435653821738,27.29740356347814
816,-24.29768209071187,27.984871674156864
816,-24.29768209071187,27.984871674156864
816,-24.29768209071187,27.984871674156864
816,-24.29768209071187,27.984871674156864
816,-24.29768209071187,27.984871674156864
816,-24.29768209071187,27.984871674156864
816,-24.29768209071187,27.984871674156864
817,-23.987182562589254,27.67544230848351
817,-23.987182562589254,27.67544230848351
817,-23.987182562589254,27.67544230848351
817,-23.987182562589254,27.67544230848351
817,-23.987182562589254,27.67544230848351
817,-23.987182562589254,27.67544230848351
817,-23.987182562589254,27.67544230848351
818,-24.36654050817689,29.89230788381008
818,-24.36654050817689,29.89230788381008
818,-24.36654050817689,29.89230788381008
818,-24.36654050817689,29.89230788381008
818,-24.36654050817689,29.89230788381008
818,-24.36654050817689,29.89230788381008
818,-24.36654050817689,29.89230788381008
819,-24.754522404147902,26.650443570655902
819,-24.754522404147902,26.650443570655902
819,-24.754522404147902,26.650443570655902
819,-24.754522404147902,26.650443570655902
819,-24.754522404147902,26.650443570655902
819,-24.754522404147902,26.650443570655902
819,-24.754522404147902,26.650443570655902
820,-23.82488843124034,27.87992949915448
820,-23.82488843124034,27.87992949915448
820,-23.82488843124034,27.87992949915448
820,-23.82488843124034,27.87992949915448
820,-23.82488843124034,27.87992949915448
820,-23.82488843124034,27.87992949915448
820,-23.82488843124034,27.87992949915448
821,-24.166586863320905,27.8982312007125
821,-24.166586863320905,27.8982312007125
821,-24.166586863320905,27.8982312007125
821,-24.166586863320905,27.8982312007125
821,-24.166586863320905,27.8982312007125
821,-24.166586863320905,27.8982312007125
821,-24.166586863320905,27.8982312007125
822,-23.82629704519708,29.89230788381008
822,-23.82629704519708,29.89230788381008
822,-23.82629704519708,29.89230788381008
822,-23.82629704519708,29.89230788381008
822,-23.82629704519708,29.89230788381008
822,-23.82629704519708,29.89230788381008
822,-23.82629704519708,29.89230788381008
823,-24.220612400206974,27.8797147127085
823,-24.220612400206974,27.8797147127085
823,-24.220612400206974,27.8797147127085
823,-24.220612400206974,27.8797147127085
823,-24.220612400206974,27.8797147127085
823,-24.220612400206974,27.8797147127085
823,-24.220612400206974,27.8797147127085
824,-25.01290312814269,28.00390972620857
824,-25.01290312814269,28.00390972620857
824,-25.01290312814269,28.00390972620857
824,-25.01290312814269,28.00390972620857
824,-25.01290312814269,28.00390972620857
824,-25.01290312814269,28.00390972620857
824,-25.01290312814269,28.00390972620857
825,-23.964249857961562,28.00753044574669
825,-23.964249857961562,28.00753044574669
825,-23.964249857961562,28.00753044574669
825,-23.964249857961562,28.00753044574669
825,-23.964249857961562,28.00753044574669
825,-23.964249857961562,28.00753044574669
825,-23.964249857961562,28.00753044574669
826,-24.200716664711152,27.90774916582757
826,-24.200716664711152,27.90774916582757
826,-24.200716664711152,27.90774916582757
826,-24.200716664711152,27.90774916582757
826,-24.200716664711152,27.90774916582757
826,-24.200716664711152,27.90774916582757
826,-24.200716664711152,27.90774916582757
827,-24.416383583355024,29.90154955420382
827,-24.416383583355024,29.90154955420382
827,-24.416383583355024,29.90154955420382
827,-24.416383583355024,29.90154955420382
827,-24.416383583355024,29.90154955420382
827,-24.416383583355024,29.90154955420382
827,-24.416383583355024,29.90154955420382
828,-24.339340529434768,28.025173688248934
828,-24.339340529434768,28.025173688248934
828,-24.339340529434768,28.025173688248934
828,-24.339340529434768,28.025173688248934
828,-24.339340529434768,28.025173688248934
828,-24.339340529434768,28.025173688248934
828,-24.339340529434768,28.025173688248934
829,-24.174890442106527,27.45265371567179
829,-24.174890442106527,27.45265371567179
829,-24.174890442106527,27.45265371567179
829,-24.174890442106527,27.45265371567179
829,-24.174890442106527,27.45265371567179
829,-24.174890442106527,27.45265371567179
829,-24.174890442106527,27.45265371567179
830,-24.2037393743792,26.636907009347066
830,-24.2037393743792,26.636907009347066
830,-24.2037393743792,26.636907009347066
830,-24.2037393743792,26.636907009347066
830,-24.2037393743792,26.636907009347066
830,-24.2037393743792,26.636907009347066
830,-24.2037393743792,26.636907009347066
831,-24.570996190825966,27.676313049052865
831,-24.570996190825966,27.676313049052865
831,-24.570996190825966,27.676313049052865
831,-24.570996190825966,27.676313049052865
831,-24.570996190825966,27.676313049052865
831,-24.570996190825966,27.676313049052865
831,-24.570996190825966,27.676313049052865
832,-24.85781463361782,26.831874670855704
832,-24.85781463361782,26.831874670855704
832,-24.85781463361782,26.831874670855704
832,-24.85781463361782,26.831874670855704
832,-24.85781463361782,26.831874670855704
832,-24.85781463361782,26.831874670855704
832,-24.85781463361782,26.831874670855704
833,-24.198790110231847,27.87825161506026
833,-24.198790110231847,27.87825161506026
833,-24.198790110231847,27.87825161506026
833,-24.198790110231847,27.87825161506026
833,-24.198790110231847,27.87825161506026
833,-24.198790110231847,27.87825161506026
833,-24.198790110231847,27.87825161506026
834,-25.002703162017074,27.382096096127192
834,-25.002703162017074,27.382096096127192
834,-25.002703162017074,27.382096096127192
834,-25.002703162017074,27.382096096127192
834,-25.002703162017074,27.382096096127192
834,-25.002703162017074,27.382096096127192
834,-25.002703162017074,27.382096096127192
835,-23.896496221575923,27.984942300737714
835,-23.896496221575923,27.984942300737714
835,-23.896496221575923,27.984942300737714
835,-23.896496221575923,27.984942300737714
835,-23.896496221575923,27.984942300737714
835,-23.896496221575923,27.984942300737714
835,-23.896496221575923,27.984942300737714
836,-23.66172728614734,28.025173688248934
836,-23.66172728614734,28.025173688248934
836,-23.66172728614734,28.025173688248934
836,-23.66172728614734,28.025173688248934
836,-23.66172728614734,28.025173688248934
836,-23.66172728614734,28.025173688248934
836,-23.66172728614734,28.025173688248934
837,-23.98125266326888,27.902373484298323
837,-23.98125266326888,27.902373484298323
837,-23.98125266326888,27.902373484298323
837,-23.98125266326888,27.902373484298323
837,-23.98125266326888,27.902373484298323
837,-23.98125266326888,27.902373484298323
837,-23.98125266326888,27.902373484298323
838,-23.84462381564144,27.65213510960261
838,-23.84462381564144,27.65213510960261
838,-23.84462381564144,27.65213510960261
838,-23.84462381564144,27.65213510960261
838,-23.84462381564144,27.65213510960261
838,-23.84462381564144,27.65213510960261
838,-23.84462381564144,27.65213510960261
839,-24.46892681114821,27.267359462732802
839,-24.46892681114821,27.267359462732802
839,-24.46892681114821,27.267359462732802
839,-24.46892681114821,27.267359462732802
839,-24.46892681114821,27.267359462732802
839,-24.46892681114821,27.267359462732802
839,-24.46892681114821,27.267359462732802
840,-24.195604394146077,27.898752764760204
840,-24.195604394146077,27.898752764760204
840,-24.195604394146077,27.898752764760204
840,-24.195604394146077,27.898752764760204
840,-24.195604394146077,27.898752764760204
840,-24.195604394146077,27.898752764760204
840,-24.195604394146077,27.898752764760204
841,-25.095165818704245,27.697189656243044
841,-25.095165818704245,27.697189656243044
841,-25.095165818704245,27.697189656243044
841,-25.095165818704245,27.697189656243044
841,-25.095165818704245,27.697189656243044
841,-25.095165818704245,27.697189656243044
841,-25.095165818704245,27.697189656243044
842,-23.212462799158665,27.67635489030121
842,-23.212462799158665,27.67635489030121
842,-23.212462799158665,27.67635489030121
842,-23.212462799158665,27.67635489030121
842,-23.212462799158665,27.67635489030121
842,-23.212462799158665,27.67635489030121
842,-23.212462799158665,27.67635489030121
843,-24.119865796258473,29.889421686632307
843,-24.119865796258473,29.889421686632307
843,-24.119865796258473,29.889421686632307
843,-24.119865796258473,29.889421686632307
843,-24.119865796258473,29.889421686632307
843,-24.119865796258473,29.889421686632307
843,-24.119865796258473,29.889421686632307
844,-24.790840744483738,28.01452247725087
844,-24.790840744483738,28.01452247725087
844,-24.790840744483738,28.01452247725087
844,-24.790840744483738,28.01452247725087
844,-24.790840744483738,28.01452247725087
844,-24.790840744483738,28.01452247725087
844,-24.790840744483738,28.01452247725087
845,-25.149997376900036,29.888676983214843
845,-25.149997376900036,29.888676983214843
845,-25.149997376900036,29.888676983214843
845,-25.149997376900036,29.888676983214843
845,-25.149997376900036,29.888676983214843
845,-25.149997376900036,29.888676983214843
845,-25.149997376900036,29.888676983214843
846,-24.709495868812777,26.650297661232408
846,-24.709495868812777,26.650297661232408
846,-24.709495868812777,26.650297661232408
846,-24.709495868812777,26.650297661232408
846,-24.709495868812777,26.650297661232408
846,-24.709495868812777,26.650297661232408
846,-24.709495868812777,26.650297661232408
847,-24.360224811857723,27.89875286864854
847,-24.360224811857723,27.89875286864854
847,-24.360224811857723,27.89875286864854
847,-24.360224811857723,27.89875286864854
847,-24.360224811857723,27.89875286864854
847,-24.360224811857723,27.89875286864854
847,-24.360224811857723,27.89875286864854
848,-23.23266573710402,26.638232642832893
848,-23.23266573710402,26.638232642832893
848,-23.23266573710402,26.638232642832893
848,-23.23266573710402,26.638232642832893
848,-23.23266573710402,26.638232642832893
848,-23.23266573710402,26.638232642832893
848,-23.23266573710402,26.638232642832893
849,-24.743223008535793,29.927974941891446
849,-24.743223008535793,29.927974941891446
849,-24.743223008535793,29.927974941891446
849,-24.743223008535793,29.927974941891446
849,-24.743223008535793,29.927974941891446
849,-24.743223008535793,29.927974941891446
849,-24.743223008535793,29.927974941891446
850,-23.744620610173406,29.89230788381008
850,-23.744620610173406,29.89230788381008
850,-23.744620610173406,29.89230788381008
850,-23.744620610173406,29.89230788381008
850,-23.744620610173406,29.89230788381008
850,-23.744620610173406,29.89230788381008
850,-23.744620610173406,29.89230788381008
851,-24.216834471617723,26.67465582252708
851,-24.216834471617723,26.67465582252708
851,-24.216834471617723,26.67465582252708
851,-24.216834471617723,26.67465582252708
851,-24.216834471617723,26.67465582252708
851,-24.216834471617723,26.67465582252708
851,-24.216834471617723,26.67465582252708
852,-24.09491772442222,28.01452247725087
852,-24.09491772442222,28.01452247725087
852,-24.09491772442222,28.01452247725087
852,-24.09491772442222,28.01452247725087
852,-24.09491772442222,28.01452247725087
852,-24.09491772442222,28.01452247725087
852,-24.09491772442222,28.01452247725087
853,-24.900176628534368,31.093163435796797
853,-24.900176628534368,31.093163435796797
853,-24.900176628534368,31.093163435796797
853,-24.900176628534368,31.093163435796797
853,-24.900176628534368,31.093163435796797
853,-24.900176628534368,31.093163435796797
853,-24.900176628534368,31.093163435796797
854,-24.51248539274661,27.897289771000306
854,-24.51248539274661,27.897289771000306
854,-24.51248539274661,27.897289771000306
854,-24.51248539274661,27.897289771000306
854,-24.51248539274661,27.897289771000306
854,-24.51248539274661,27.897289771000306
854,-24.51248539274661,27.897289771000306
855,-23.817761064138296,29.965015312539105
855,-23.817761064138296,29.965015312539105
855,-23.817761064138296,29.965015312539105
855,-23.817761064138296,29.965015312539105
855,-23.817761064138296,29.965015312539105
855,-23.817761064138296,29.965015312539105
855,-23.817761064138296,29.965015312539105
856,-24.538694400042758,27.677158371022852
856,-24.538694400042758,27.677158371022852
856,-24.538694400042758,27.677158371022852
856,-24.538694400042758,27.677158371022852
856,-24.538694400042758,27.677158371022852
856,-24.538694400042758,27.677158371022852
856,-24.538694400042758,27.677158371022852
857,-24.510500167481936,27.085186734593986
857,-24.510500167481936,27.085186734593986
857,-24.510500167481936,27.085186734593986
857,-24.510500167481936,27.085186734593986
857,-24.510500167481936,27.085186734593986
857,-24.510500167481936,27.085186734593986
857,-24.510500167481936,27.085186734593986
858,-24.976520747990293,28.025173688248934
858,-24.976520747990293,28.025173688248934
858,-24.976520747990293,28.025173688248934
858,-24.976520747990293,28.025173688248934
858,-24.976520747990293,28.025173688248934
858,-24.976520747990293,28.025173688248934
858,-24.976520747990293,28.025173688248934
859,-23.070197356368844,27.294297961535456
859,-23.070197356368844,27.294297961535456
859,-23.070197356368844,27.294297961535456
859,-23.070197356368844,27.294297961535456
859,-23.070197356368844,27.294297961535456
859,-23.070197356368844,27.294297961535456
859,-23.070197356368844,27.294297961535456
860,-23.500911532694843,30.250748833138275
860,-23.500911532694843,30.250748833138275
860,-23.500911532694843,30.250748833138275
860,-23.500911532694843,30.250748833138275
860,-23.500911532694843,30.250748833138275
860,-23.500911532694843,30.250748833138275
860,-23.500911532694843,30.250748833138275
861,-24.078511664931597,27.87992949915448
861,-24.078511664931597,27.87992949915448
861,-24.078511664931597,27.87992949915448
861,-24.078511664931597,27.87992949915448
861,-24.078511664931597,27.87992949915448
861,-24.078511664931597,27.87992949915448
861,-24.078511664931597,27.87992949915448
862,-24.33333606278466,27.877174644766356
862,-24.33333606278466,27.877174644766356
862,-24.33333606278466,27.877174644766356
862,-24.33333606278466,27.877174644766356
862,-24.33333606278466,27.877174644766356
862,-24.33333606278466,27.877174644766356
862,-24.33333606278466,27.877174644766356
863,-23.304836399037054,28.025173688248934
863,-23.304836399037054,28.025173688248934
863,-23.304836399037054,28.025173688248934
863,-23.304836399037054,28.025173688248934
863,-23.304836399037054,28.025173688248934
863,-23.304836399037054,28.025173688248934
863,-23.304836399037054,28.025173688248934
864,-24.260354187864337,27.294309269821408
864,-24.260354187864337,27.294309269821408
864,-24.260354187864337,27.294309269821408
864,-24.260354187864337,27.294309269821408
864,-24.260354187864337,27.294309269821408
864,-24.260354187864337,27.294309269821408
864,-24.260354187864337,27.294309269821408
865,-23.98637918241403,27.678607228721095
865,-23.98637918241403,27.678607228721095
865,-23.98637918241403,27.678607228721095
865,-23.98637918241403,27.678607228721095
865,-23.98637918241403,27.678607228721095
865,-23.98637918241403,27.678607228721095
865,-23.98637918241403,27.678607228721095
866,-23.658523582339516,27.87846640150624
866,-23.658523582339516,27.87846640150624
866,-23.658523582339516,27.87846640150624
866,-23.658523582339516,27.87846640150624
866,-23.658523582339516,27.87846640150624
866,-23.658523582339516,27.87846640150624
866,-23.658523582339516,27.87846640150624
867,-22.992791846411084,28.268420639080627
867,-22.992791846411084,28.268420639080627
867,-22.992791846411084,28.268420639080627
867,-22.992791846411084,28.268420639080627
867,-22.992791846411084,28.268420639080627
867,-22.992791846411084,28.268420639080627
867,-22.992791846411084,28.268420639080627
868,-25.212357161852143,29.89230788381008
868,-25.212357161852143,29.89230788381008
868,-25.212357161852143,29.89230788381008
868,-25.212357161852143,29.89230788381008
868,-25.212357161852143,29.89230788381008
868,-25.212357161852143,29.89230788381008
868,-25.212357161852143,29.89230788381008
869,-22.913663974891502,28.028794303898714
869,-22.913663974891502,28.028794303898714
869,-22.913663974891502,28.028794303898714
869,-22.913663974891502,28.028794303898714
869,-22.913663974891502,28.028794303898714
869,-22.913663974891502,28.028794303898714
869,-22.913663974891502,28.028794303898714
870,-23.782236270551998,27.67741708183099
870,-23.782236270551998,27.67741708183099
870,-23.782236270551998,27.67741708183099
870,-23.782236270551998,27.67741708183099
870,-23.782236270551998,27.67741708183099
870,-23.782236270551998,27.67741708183099
870,-23.782236270551998,27.67741708183099
871,-24.271592193995893,29.965015312539105
871,-24.271592193995893,29.965015312539105
871,-24.271592193995893,29.965015312539105
871,-24.271592193995893,29.965015312539105
871,-24.271592193995893,29.965015312539105
871,-24.271592193995893,29.965015312539105
871,-24.271592193995893,29.965015312539105
872,-23.982778012102226,27.924165479767538
872,-23.982778012102226,27.924165479767538
872,-23.982778012102226,27.924165479767538
872,-23.982778012102226,27.924165479767538
872,-23.982778012102226,27.924165479767538
872,-23.982778012102226,27.924165479767538
872,-23.982778012102226,27.924165479767538
873,-24.289545041458187,27.992078492107026
873,-24.289545041458187,27.992078492107026
873,-24.289545041458187,27.992078492107026
873,-24.289545041458187,27.992078492107026
873,-24.289545041458187,27.992078492107026
873,-24.289545041458187,27.992078492107026
873,-24.289545041458187,27.992078492107026
874,-24.604112494044827,28.00753044574669
874,-24.604112494044827,28.00753044574669
874,-24.604112494044827,28.00753044574669
874,-24.604112494044827,28.00753044574669
874,-24.604112494044827,28.00753044574669
874,-24.604112494044827,28.00753044574669
874,-24.604112494044827,28.00753044574669
875,-25.050507593046813,28.01090186160109
875,-25.050507593046813,28.01090186160109
875,-25.050507593046813,28.01090186160109
875,-25.050507593046813,28.01090186160109
875,-25.050507593046813,28.01090186160109
875,-25.050507593046813,28.01090186160109
875,-25.050507593046813,28.01090186160109
876,-24.379686108163853,27.4058170592468
876,-24.379686108163853,27.4058170592468
876,-24.379686108163853,27.4058170592468
876,-24.379686108163853,27.4058170592468
876,-24.379686108163853,27.4058170592468
876,-24.379686108163853,27.4058170592468
876,-24.379686108163853,27.4058170592468
877,-24.645376592277035,28.025173688248934
877,-24.645376592277035,28.025173688248934
877,-24.645376592277035,28.025173688248934
877,-24.645376592277035,28.025173688248934
877,-24.645376592277035,28.025173688248934
877,-24.645376592277035,28.025173688248934
877,-24.645376592277035,28.025173688248934
878,-23.752328315131336,28.00390972620857
878,-23.752328315131336,28.00390972620857
878,-23.752328315131336,28.00390972620857
878,-23.752328315131336,28.00390972620857
878,-23.752328315131336,28.00390972620857
878,-23.752328315131336,28.00390972620857
878,-23.752328315131336,28.00390972620857
879,-24.969150368955038,28.025173584360594
879,-24.969150368955038,28.025173584360594
879,-24.969150368955038,28.025173584360594
879,-24.969150368955038,28.025173584360594
879,-24.969150368955038,28.025173584360594
879,-24.969150368955038,28.025173584360594
879,-24.969150368955038,28.025173584360594
880,-23.98550983733003,29.89230788381008
880,-23.98550983733003,29.89230788381008
880,-23.98550983733003,29.89230788381008
880,-23.98550983733003,29.89230788381008
880,-23.98550983733003,29.89230788381008
880,-23.98550983733003,29.89230788381008
880,-23.98550983733003,29.89230788381008
881,-24.965288678247177,27.89875286864854
881,-24.965288678247177,27.89875286864854
881,-24.965288678247177,27.89875286864854
881,-24.965288678247177,27.89875286864854
881,-24.965288678247177,27.89875286864854
881,-24.965288678247177,27.89875286864854
881,-24.965288678247177,27.89875286864854
882,-23.892686382213498,27.483603934463282
882,-23.892686382213498,27.483603934463282
882,-23.892686382213498,27.483603934463282
882,-23.892686382213498,27.483603934463282
882,-23.892686382213498,27.483603934463282
882,-23.892686382213498,27.483603934463282
882,-23.892686382213498,27.483603934463282
883,-24.817833014925565,27.985086460602844
883,-24.817833014925565,27.985086460602844
883,-24.817833014925565,27.985086460602844
883,-24.817833014925565,27.985086460602844
883,-24.817833014925565,27.985086460602844
883,-24.817833014925565,27.985086460602844
883,-24.817833014925565,27.985086460602844
884,-24.74182464799378,27.87825161506026
884,-24.74182464799378,27.87825161506026
884,-24.74182464799378,27.87825161506026
884,-24.74182464799378,27.87825161506026
884,-24.74182464799378,27.87825161506026
884,-24.74182464799378,27.87825161506026
884,-24.74182464799378,27.87825161506026
885,-23.850893397334644,26.636910465966643
885,-23.850893397334644,26.636910465966643
885,-23.850893397334644,26.636910465966643
885,-23.850893397334644,26.636910465966643
885,-23.850893397334644,26.636910465966643
885,-23.850893397334644,26.636910465966643
885,-23.850893397334644,26.636910465966643
886,-24.205872529136347,27.67605433824473
886,-24.205872529136347,27.67605433824473
886,-24.205872529136347,27.67605433824473
886,-24.205872529136347,27.67605433824473
886,-24.205872529136347,27.67605433824473
886,-24.205872529136347,27.67605433824473
886,-24.205872529136347,27.67605433824473
887,-24.520533972300168,27.107845506183814
887,-24.520533972300168,27.107845506183814
887,-24.520533972300168,27.107845506183814
887,-24.520533972300168,27.107845506183814
887,-24.520533972300168,27.107845506183814
887,-24.520533972300168,27.107845506183814
887,-24.520533972300168,27.107845506183814
888,-23.594577650751273,28.01090175771275
888,-23.594577650751273,28.01090175771275
888,-23.594577650751273,28.01090175771275
888,-23.594577650751273,28.01090175771275
888,-23.594577650751273,28.01090175771275
888,-23.594577650751273,28.01090175771275
888,-23.594577650751273,28.01090175771275
889,-23.65576229694802,28.01090186160109
889,-23.65576229694802,28.01090186160109
889,-23.65576229694802,28.01090186160109
889,-23.65576229694802,28.01090186160109
889,-23.65576229694802,28.01090186160109
889,-23.65576229694802,28.01090186160109
889,-23.65576229694802,28.01090186160109
890,-23.68770083515564,27.696455237771033
890,-23.68770083515564,27.696455237771033
890,-23.68770083515564,27.696455237771033
890,-23.68770083515564,27.696455237771033
890,-23.68770083515564,27.696455237771033
890,-23.68770083515564,27.696455237771033
890,-23.68770083515564,27.696455237771033
891,-24.4364727701375,26.857042911466248
891,-24.4364727701375,26.857042911466248
891,-24.4364727701375,26.857042911466248
891,-24.4364727701375,26.857042911466248
891,-24.4364727701375,26.857042911466248
891,-24.4364727701375,26.857042911466248
891,-24.4364727701375,26.857042911466248
892,-24.898576582219484,27.902373484298323
892,-24.898576582219484,27.902373484298323
892,-24.898576582219484,27.902373484298323
892,-24.898576582219484,27.902373484298323
892,-24.898576582219484,27.902373484298323
892,-24.898576582219484,27.902373484298323
892,-24.898576582219484,27.902373484298323
893,-23.477833288610597,29.888687268160297
893,-23.477833288610597,29.888687268160297
893,-23.477833288610597,29.888687268160297
893,-23.477833288610597,29.888687268160297
893,-23.477833288610597,29.888687268160297
893,-23.477833288610597,29.888687268160297
893,-23.477833288610597,29.888687268160297
894,-24.54379232116289,28.028794303898714
894,-24.54379232116289,28.028794303898714
894,-24.54379232116289,28.028794303898714
894,-24.54379232116289,28.028794303898714
894,-24.54379232116289,28.028794303898714
894,-24.54379232116289,28.028794303898714
894,-24.54379232116289,28.028794303898714
895,-23.004195266910955,27.483603934463282
895,-23.004195266910955,27.483603934463282
895,-23.004195266910955,27.483603934463282
895,-23.004195266910955,27.483603934463282
895,-23.004195266910955,27.483603934463282
895,-23.004195266910955,27.483603934463282
895,-23.004195266910955,27.483603934463282
896,-24.844961236383906,28.00753044574669
896,-24.844961236383906,28.00753044574669
896,-24.844961236383906,28.00753044574669
896,-24.844961236383906,28.00753044574669
896,-24.844961236383906,28.00753044574669
896,-24.844961236383906,28.00753044574669
896,-24.844961236383906,28.00753044574669
897,-24.543612195789116,27.8797147127085
897,-24.543612195789116,27.8797147127085
897,-24.543612195789116,27.8797147127085
897,-24.543612195789116,27.8797147127085
897,-24.543612195789116,27.8797147127085
897,-24.543612195789116,27.8797147127085
897,-24.543612195789116,27.8797147127085
898,-24.846090054462028,27.6983091765523
898,-24.846090054462028,27.6983091765523
898,-24.846090054462028,27.6983091765523
898,-24.846090054462028,27.6983091765523
898,-24.846090054462028,27.6983091765523
898,-24.846090054462028,27.6983091765523
898,-24.846090054462028,27.6983091765523
899,-24.603327617486947,27.8797147127085
899,-24.603327617486947,27.8797147127085
899,-24.603327617486947,27.8797147127085
899,-24.603327617486947,27.8797147127085
899,-24.603327617486947,27.8797147127085
899,-24.603327617486947,27.8797147127085
899,-24.603327617486947,27.8797147127085
900,-24.274850300931107,27.422386028716634
900,-24.274850300931107,27.422386028716634
900,-24.274850300931107,27.422386028716634
900,-24.274850300931107,27.422386028716634
900,-24.274850300931107,27.422386028716634
900,-24.274850300931107,27.422386028716634
900,-24.274850300931107,27.422386028716634
901,-23.56789266376448,27.67741708183099
901,-23.56789266376448,27.67741708183099
901,-23.56789266376448,27.67741708183099
901,-23.56789266376448,27.67741708183099
901,-23.56789266376448,27.67741708183099
901,-23.56789266376448,27.67741708183099
901,-23.56789266376448,27.67741708183099
902,-24.182056799799074,28.00753044574669
902,-24.182056799799074,28.00753044574669
902,-24.182056799799074,28.00753044574669
902,-24.182056799799074,28.00753044574669
902,-24.182056799799074,28.00753044574669
902,-24.182056799799074,28.00753044574669
902,-24.182056799799074,28.00753044574669
903,-23.596718097792536,27.18878663037112
903,-23.596718097792536,27.18878663037112
903,-23.596718097792536,27.18878663037112
903,-23.596718097792536,27.18878663037112
903,-23.596718097792536,27.18878663037112
903,-23.596718097792536,27.18878663037112
903,-23.596718097792536,27.18878663037112
904,-24.110238854312357,27.260200553956732
904,-24.110238854312357,27.260200553956732
904,-24.110238854312357,27.260200553956732
904,-24.110238854312357,27.260200553956732
904,-24.110238854312357,27.260200553956732
904,-24.110238854312357,27.260200553956732
904,-24.110238854312357,27.260200553956732
905,-23.60881434492073,29.894798876287116
905,-23.60881434492073,29.894798876287116
905,-23.60881434492073,29.894798876287116
905,-23.60881434492073,29.894798876287116
905,-23.60881434492073,29.894798876287116
905,-23.60881434492073,29.894798876287116
905,-23.60881434492073,29.894798876287116
906,-23.582542423306208,27.6983091765523
906,-23.582542423306208,27.6983091765523
906,-23.582542423306208,27.6983091765523
906,-23.582542423306208,27.6983091765523
906,-23.582542423306208,27.6983091765523
906,-23.582542423306208,27.6983091765523
906,-23.582542423306208,27.6983091765523
907,-24.240982447317347,27.8797147127085
907,-24.240982447317347,27.8797147127085
907,-24.240982447317347,27.8797147127085
907,-24.240982447317347,27.8797147127085
907,-24.240982447317347,27.8797147127085
907,-24.240982447317347,27.8797147127085
907,-24.240982447317347,27.8797147127085
908,-23.908713317024713,26.63654976660972
908,-23.908713317024713,26.63654976660972
908,-23.908713317024713,26.63654976660972
908,-23.908713317024713,26.63654976660972
908,-23.908713317024713,26.63654976660972
908,-23.908713317024713,26.63654976660972
908,-23.908713317024713,26.63654976660972
909,-23.41383296250673,27.316441719418187
909,-23.41383296250673,27.316441719418187
909,-23.41383296250673,27.316441719418187
909,-23.41383296250673,27.316441719418187
909,-23.41383296250673,27.316441719418187
909,-23.41383296250673,27.316441719418187
909,-23.41383296250673,27.316441719418187
910,-24.65220924042476,27.677158371022852
910,-24.65220924042476,27.677158371022852
910,-24.65220924042476,27.677158371022852
910,-24.65220924042476,27.677158371022852
910,-24.65220924042476,27.677158371022852
910,-24.65220924042476,27.677158371022852
910,-24.65220924042476,27.677158371022852
911,-24.382436388251836,27.44647634331239
911,-24.382436388251836,27.44647634331239
911,-24.382436388251836,27.44647634331239
911,-24.382436388251836,27.44647634331239
911,-24.382436388251836,27.44647634331239
911,-24.382436388251836,27.44647634331239
911,-24.382436388251836,27.44647634331239
912,-24.198037479948916,27.67745963184634
912,-24.198037479948916,27.67745963184634
912,-24.198037479948916,27.67745963184634
912,-24.198037479948916,27.67745963184634
912,-24.198037479948916,27.67745963184634
912,-24.198037479948916,27.67745963184634
912,-24.198037479948916,27.67745963184634
913,-24.500618457687548,27.427652973818326
913,-24.500618457687548,27.427652973818326
913,-24.500618457687548,27.427652973818326
913,-24.500618457687548,27.427652973818326
913,-24.500618457687548,27.427652973818326
913,-24.500618457687548,27.427652973818326
913,-24.500618457687548,27.427652973818326
914,-24.981753726407195,28.00464424856892
914,-24.981753726407195,28.00464424856892
914,-24.981753726407195,28.00464424856892
914,-24.981753726407195,28.00464424856892
914,-24.981753726407195,28.00464424856892
914,-24.981753726407195,28.00464424856892
914,-24.981753726407195,28.00464424856892
915,-24.211599847357856,27.67605433824473
915,-24.211599847357856,27.67605433824473
915,-24.211599847357856,27.67605433824473
915,-24.211599847357856,27.67605433824473
915,-24.211599847357856,27.67605433824473
915,-24.211599847357856,27.67605433824473
915,-24.211599847357856,27.67605433824473
916,-24.35226102535009,27.87992949915448
916,-24.35226102535009,27.87992949915448
916,-24.35226102535009,27.87992949915448
916,-24.35226102535009,27.87992949915448
916,-24.35226102535009,27.87992949915448
916,-24.35226102535009,27.87992949915448
916,-24.35226102535009,27.87992949915448
917,-24.13347506583485,27.894610481174382
917,-24.13347506583485,27.894610481174382
917,-24.13347506583485,27.894610481174382
917,-24.13347506583485,27.894610481174382
917,-24.13347506583485,27.894610481174382
917,-24.13347506583485,27.894610481174382
917,-24.13347506583485,27.894610481174382
918,-23.67398731787309,27.89875286864854
918,-23.67398731787309,27.89875286864854
918,-23.67398731787309,27.89875286864854
918,-23.67398731787309,27.89875286864854
918,-23.67398731787309,27.89875286864854
918,-23.67398731787309,27.89875286864854
918,-23.67398731787309,27.89875286864854
919,-24.492427755738785,30.26862070584282
919,-24.492427755738785,30.26862070584282
919,-24.492427755738785,30.26862070584282
919,-24.492427755738785,30.26862070584282
919,-24.492427755738785,30.26862070584282
919,-24.492427755738785,30.26862070584282
919,-24.492427755738785,30.26862070584282
920,-24.048587696989397,27.69981714261268
920,-24.048587696989397,27.69981714261268
920,-24.048587696989397,27.69981714261268
920,-24.048587696989397,27.69981714261268
920,-24.048587696989397,27.69981714261268
920,-24.048587696989397,27.69981714261268
920,-24.048587696989397,27.69981714261268
921,-24.93824470082973,28.01090186160109
921,-24.93824470082973,28.01090186160109
921,-24.93824470082973,28.01090186160109
921,-24.93824470082973,28.01090186160109
921,-24.93824470082973,28.01090186160109
921,-24.93824470082973,28.01090186160109
921,-24.93824470082973,28.01090186160109
922,-23.86847081242884,28.00390983009691
922,-23.86847081242884,28.00390983009691
922,-23.86847081242884,28.00390983009691
922,-23.86847081242884,28.00390983009691
922,-23.86847081242884,28.00390983009691
922,-23.86847081242884,28.00390983009691
922,-23.86847081242884,28.00390983009691
923,-24.618921570573846,27.67605433824473
923,-24.618921570573846,27.67605433824473
923,-24.618921570573846,27.67605433824473
923,-24.618921570573846,27.67605433824473
923,-24.618921570573846,27.67605433824473
923,-24.618921570573846,27.67605433824473
923,-24.618921570573846,27.67605433824473
924,-24.731525445415787,27.900910386650086
924,-24.731525445415787,27.900910386650086
924,-24.731525445415787,27.900910386650086
924,-24.731525445415787,27.900910386650086
924,-24.731525445415787,27.900910386650086
924,-24.731525445415787,27.900910386650086
924,-24.731525445415787,27.900910386650086
925,-24.514918782207168,27.291772922197488
925,-24.514918782207168,27.291772922197488
925,-24.514918782207168,27.291772922197488
925,-24.514918782207168,27.291772922197488
925,-24.514918782207168,27.291772922197488
925,-24.514918782207168,27.291772922197488
925,-24.514918782207168,27.291772922197488
926,-24.027000691654486,27.87992949915448
926,-24.027000691654486,27.87992949915448
926,-24.027000691654486,27.87992949915448
926,-24.027000691654486,27.87992949915448
926,-24.027000691654486,27.87992949915448
926,-24.027000691654486,27.87992949915448
926,-24.027000691654486,27.87992949915448
927,-24.23307499086392,27.875572429122677
927,-24.23307499086392,27.875572429122677
927,-24.23307499086392,27.875572429122677
927,-24.23307499086392,27.875572429122677
927,-24.23307499086392,27.875572429122677
927,-24.23307499086392,27.875572429122677
927,-24.23307499086392,27.875572429122677
928,-24.944951610055394,29.90427869511877
928,-24.944951610055394,29.90427869511877
928,-24.944951610055394,29.90427869511877
928,-24.944951610055394,29.90427869511877
928,-24.944951610055394,29.90427869511877
928,-24.944951610055394,29.90427869511877
928,-24.944951610055394,29.90427869511877
929,-24.629713528841098,27.678536602140245
929,-24.629713528841098,27.678536602140245
929,-24.629713528841098,27.678536602140245
929,-24.629713528841098,27.678536602140245
929,-24.629713528841098,27.678536602140245
929,-24.629713528841098,27.678536602140245
929,-24.629713528841098,27.678536602140245
930,-23.806556417603996,27.266067705992917
930,-23.806556417603996,27.266067705992917
930,-23.806556417603996,27.266067705992917
930,-23.806556417603996,27.266067705992917
930,-23.806556417603996,27.266067705992917
930,-23.806556417603996,27.266067705992917
930,-23.806556417603996,27.266067705992917
931,-24.229330988039422,27.676313049052865
931,-24.229330988039422,27.676313049052865
931,-24.229330988039422,27.676313049052865
931,-24.229330988039422,27.676313049052865
931,-24.229330988039422,27.676313049052865
931,-24.229330988039422,27.676313049052865
931,-24.229330988039422,27.676313049052865
932,-24.6111831662672,27.87846640150624
932,-24.6111831662672,27.87846640150624
932,-24.6111831662672,27.87846640150624
932,-24.6111831662672,27.87846640150624
932,-24.6111831662672,27.87846640150624
932,-24.6111831662672,27.87846640150624
932,-24.6111831662672,27.87846640150624
933,-24.086386052151887,27.984942300737714
933,-24.086386052151887,27.984942300737714
933,-24.086386052151887,27.984942300737714
933,-24.086386052151887,27.984942300737714
933,-24.086386052151887,27.984942300737714
933,-24.086386052151887,27.984942300737714
933,-24.086386052151887,27.984942300737714
934,-24.506023636143777,27.44647634331239
934,-24.506023636143777,27.44647634331239
934,-24.506023636143777,27.44647634331239
934,-24.506023636143777,27.44647634331239
934,-24.506023636143777,27.44647634331239
934,-24.506023636143777,27.44647634331239
934,-24.506023636143777,27.44647634331239
935,-23.38329618183388,27.696196526962897
935,-23.38329618183388,27.696196526962897
935,-23.38329618183388,27.696196526962897
935,-23.38329618183388,27.696196526962897
935,-23.38329618183388,27.696196526962897
935,-23.38329618183388,27.696196526962897
935,-23.38329618183388,27.696196526962897
936,-24.535146895496368,27.985086460602844
936,-24.535146895496368,27.985086460602844
936,-24.535146895496368,27.985086460602844
936,-24.535146895496368,27.985086460602844
936,-24.535146895496368,27.985086460602844
936,-24.535146895496368,27.985086460602844
936,-24.535146895496368,27.985086460602844
937,-24.256959174418853,27.67743256936212
937,-24.256959174418853,27.67743256936212
937,-24.256959174418853,27.67743256936212
937,-24.256959174418853,27.67743256936212
937,-24.256959174418853,27.67743256936212
937,-24.256959174418853,27.67743256936212
937,-24.256959174418853,27.67743256936212
938,-24.80905765982271,30.295739172272075
938,-24.80905765982271,30.295739172272075
938,-24.80905765982271,30.295739172272075
938,-24.80905765982271,30.295739172272075
938,-24.80905765982271,30.295739172272075
938,-24.80905765982271,30.295739172272075
938,-24.80905765982271,30.295739172272075
939,-23.547404079162046,26.650587730521032
939,-23.547404079162046,26.650587730521032
939,-23.547404079162046,26.650587730521032
939,-23.547404079162046,26.650587730521032
939,-23.547404079162046,26.650587730521032
939,-23.547404079162046,26.650587730521032
939,-23.547404079162046,26.650587730521032
940,-24.768145509223615,27.085401521039966
940,-24.768145509223615,27.085401521039966
940,-24.768145509223615,27.085401521039966
940,-24.768145509223615,27.085401521039966
940,-24.768145509223615,27.085401521039966
940,-24.768145509223615,27.085401521039966
940,-24.768145509223615,27.085401521039966
941,-24.120547092649616,27.294309269821408
941,-24.120547092649616,27.294309269821408
941,-24.120547092649616,27.294309269821408
941,-24.120547092649616,27.294309269821408
941,-24.120547092649616,27.294309269821408
941,-24.120547092649616,27.294309269821408
941,-24.120547092649616,27.294309269821408
942,-23.407649649356582,27.87992949915448
942,-23.407649649356582,27.87992949915448
942,-23.407649649356582,27.87992949915448
942,-23.407649649356582,27.87992949915448
942,-23.407649649356582,27.87992949915448
942,-23.407649649356582,27.87992949915448
942,-23.407649649356582,27.87992949915448
943,-24.187197102722518,27.897289771000306
943,-24.187197102722518,27.897289771000306
943,-24.187197102722518,27.897289771000306
943,-24.187197102722518,27.897289771000306
943,-24.187197102722518,27.897289771000306
943,-24.187197102722518,27.897289771000306
943,-24.187197102722518,27.897289771000306
944,-23.60901739007004,27.402196443597017
944,-23.60901739007004,27.402196443597017
944,-23.60901739007004,27.402196443597017
944,-23.60901739007004,27.402196443597017
944,-23.60901739007004,27.402196443597017
944,-23.60901739007004,27.402196443597017
944,-23.60901739007004,27.402196443597017
945,-24.22734474203521,27.984942300737714
945,-24.22734474203521,27.984942300737714
945,-24.22734474203521,27.984942300737714
945,-24.22734474203521,27.984942300737714
945,-24.22734474203521,27.984942300737714
945,-24.22734474203521,27.984942300737714
945,-24.22734474203521,27.984942300737714
946,-24.12419553806634,27.184948109983715
946,-24.12419553806634,27.184948109983715
946,-24.12419553806634,27.184948109983715
946,-24.12419553806634,27.184948109983715
946,-24.12419553806634,27.184948109983715
946,-24.12419553806634,27.184948109983715
946,-24.12419553806634,27.184948109983715
947,-24.197809826920817,27.696455237771033
947,-24.197809826920817,27.696455237771033
947,-24.197809826920817,27.696455237771033
947,-24.197809826920817,27.696455237771033
947,-24.197809826920817,27.696455237771033
947,-24.197809826920817,27.696455237771033
947,-24.197809826920817,27.696455237771033
948,-24.38726982631497,27.678607228721095
948,-24.38726982631497,27.678607228721095
948,-24.38726982631497,27.678607228721095
948,-24.38726982631497,27.678607228721095
948,-24.38726982631497,27.678607228721095
948,-24.38726982631497,27.678607228721095
948,-24.38726982631497,27.678607228721095
949,-24.269321800085415,27.191892232313805
949,-24.269321800085415,27.191892232313805
949,-24.269321800085415,27.191892232313805
949,-24.269321800085415,27.191892232313805
949,-24.269321800085415,27.191892232313805
949,-24.269321800085415,27.191892232313805
949,-24.269321800085415,27.191892232313805
950,-24.585458598097045,27.32006233506797
950,-24.585458598097045,27.32006233506797
950,-24.585458598097045,27.32006233506797
950,-24.585458598097045,27.32006233506797
950,-24.585458598097045,27.32006233506797
950,-24.585458598097045,27.32006233506797
950,-24.585458598097045,27.32006233506797
951,-24.754483788733978,27.260200553956732
951,-24.754483788733978,27.260200553956732
951,-24.754483788733978,27.260200553956732
951,-24.754483788733978,27.260200553956732
951,-24.754483788733978,27.260200553956732
951,-24.754483788733978,27.260200553956732
951,-24.754483788733978,27.260200553956732
952,-24.314421905183412,27.085186734593986
952,-24.314421905183412,27.085186734593986
952,-24.314421905183412,27.085186734593986
952,-24.314421905183412,27.085186734593986
952,-24.314421905183412,27.085186734593986
952,-24.314421905183412,27.085186734593986
952,-24.314421905183412,27.085186734593986
953,-24.53653819382124,27.875787215568657
953,-24.53653819382124,27.875787215568657
953,-24.53653819382124,27.875787215568657
953,-24.53653819382124,27.875787215568657
953,-24.53653819382124,27.875787215568657
953,-24.53653819382124,27.875787215568657
953,-24.53653819382124,27.875787215568657
954,-23.721824078170016,27.902373484298323
954,-23.721824078170016,27.902373484298323
954,-23.721824078170016,27.902373484298323
954,-23.721824078170016,27.902373484298323
954,-23.721824078170016,27.902373484298323
954,-23.721824078170016,27.902373484298323
954,-23.721824078170016,27.902373484298323
955,-23.505048233207148,27.42636121707844
955,-23.505048233207148,27.42636121707844
955,-23.505048233207148,27.42636121707844
955,-23.505048233207148,27.42636121707844
955,-23.505048233207148,27.42636121707844
955,-23.505048233207148,27.42636121707844
955,-23.505048233207148,27.42636121707844
956,-24.341518638820443,28.01090175771275
956,-24.341518638820443,28.01090175771275
956,-24.341518638820443,28.01090175771275
956,-24.341518638820443,28.01090175771275
956,-24.341518638820443,28.01090175771275
956,-24.341518638820443,28.01090175771275
956,-24.341518638820443,28.01090175771275
957,-23.7057076293193,27.402196443597017
957,-23.7057076293193,27.402196443597017
957,-23.7057076293193,27.402196443597017
957,-23.7057076293193,27.402196443597017
957,-23.7057076293193,27.402196443597017
957,-23.7057076293193,27.402196443597017
957,-23.7057076293193,27.402196443597017
958,-24.028000829186247,27.079556093313332
958,-24.028000829186247,27.079556093313332
958,-24.028000829186247,27.079556093313332
958,-24.028000829186247,27.079556093313332
958,-24.028000829186247,27.079556093313332
958,-24.028000829186247,27.079556093313332
958,-24.028000829186247,27.079556093313332
959,-24.954947218661868,27.082092440937252
959,-24.954947218661868,27.082092440937252
959,-24.954947218661868,27.082092440937252
959,-24.954947218661868,27.082092440937252
959,-24.954947218661868,27.082092440937252
959,-24.954947218661868,27.082092440937252
959,-24.954947218661868,27.082092440937252
960,-24.325448998376547,27.677373157468832
960,-24.325448998376547,27.677373157468832
960,-24.325448998376547,27.677373157468832
960,-24.325448998376547,27.677373157468832
960,-24.325448998376547,27.677373157468832
960,-24.325448998376547,27.677373157468832
960,-24.325448998376547,27.677373157468832
961,-24.634006766630417,27.87825161506026
961,-24.634006766630417,27.87825161506026
961,-24.634006766630417,27.87825161506026
961,-24.634006766630417,27.87825161506026
961,-24.634006766630417,27.87825161506026
961,-24.634006766630417,27.87825161506026
961,-24.634006766630417,27.87825161506026
962,-24.239772976109343,27.87825161506026
962,-24.239772976109343,27.87825161506026
962,-24.239772976109343,27.87825161506026
962,-24.239772976109343,27.87825161506026
962,-24.239772976109343,27.87825161506026
962,-24.239772976109343,27.87825161506026
962,-24.239772976109343,27.87825161506026
963,-24.312098605605232,26.63901210406749
963,-24.312098605605232,26.63901210406749
963,-24.312098605605232,26.63901210406749
963,-24.312098605605232,26.63901210406749
963,-24.312098605605232,26.63901210406749
963,-24.312098605605232,26.63901210406749
963,-24.312098605605232,26.63901210406749
964,-23.919432223688226,27.191470150757212
964,-23.919432223688226,27.191470150757212
964,-23.919432223688226,27.191470150757212
964,-23.919432223688226,27.191470150757212
964,-23.919432223688226,27.191470150757212
964,-23.919432223688226,27.191470150757212
964,-23.919432223688226,27.191470150757212
965,-24.39232627278384,28.01090186160109
965,-24.39232627278384,28.01090186160109
965,-24.39232627278384,28.01090186160109
965,-24.39232627278384,28.01090186160109
965,-24.39232627278384,28.01090186160109
965,-24.39232627278384,28.01090186160109
965,-24.39232627278384,28.01090186160109
966,-23.85278689383246,27.677158371022852
966,-23.85278689383246,27.677158371022852
966,-23.85278689383246,27.677158371022852
966,-23.85278689383246,27.677158371022852
966,-23.85278689383246,27.677158371022852
966,-23.85278689383246,27.677158371022852
966,-23.85278689383246,27.677158371022852
967,-24.12052677849153,27.87992949915448
967,-24.12052677849153,27.87992949915448
967,-24.12052677849153,27.87992949915448
967,-24.12052677849153,27.87992949915448
967,-24.12052677849153,27.87992949915448
967,-24.12052677849153,27.87992949915448
967,-24.12052677849153,27.87992949915448
968,-24.057961863382115,27.678607228721095
968,-24.057961863382115,27.678607228721095
968,-24.057961863382115,27.678607228721095
968,-24.057961863382115,27.678607228721095
968,-24.057961863382115,27.678607228721095
968,-24.057961863382115,27.678607228721095
968,-24.057961863382115,27.678607228721095
969,-24.331058341788967,27.67743256936212
969,-24.331058341788967,27.67743256936212
969,-24.331058341788967,27.67743256936212
969,-24.331058341788967,27.67743256936212
969,-24.331058341788967,27.67743256936212
969,-24.331058341788967,27.67743256936212
969,-24.331058341788967,27.67743256936212
970,-24.721600115261193,28.028794303898714
970,-24.721600115261193,28.028794303898714
970,-24.721600115261193,28.028794303898714
970,-24.721600115261193,28.028794303898714
970,-24.721600115261193,28.028794303898714
970,-24.721600115261193,28.028794303898714
970,-24.721600115261193,28.028794303898714
971,-23.536106650873734,28.025908106720944
971,-23.536106650873734,28.025908106720944
971,-23.536106650873734,28.025908106720944
971,-23.536106650873734,28.025908106720944
971,-23.536106650873734,28.025908106720944
971,-23.536106650873734,28.025908106720944
971,-23.536106650873734,28.025908106720944
972,-23.983941680950146,28.025173688248934
972,-23.983941680950146,28.025173688248934
972,-23.983941680950146,28.025173688248934
972,-23.983941680950146,28.025173688248934
972,-23.983941680950146,28.025173688248934
972,-23.983941680950146,28.025173688248934
972,-23.983941680950146,28.025173688248934
973,-25.099255768075015,28.025173688248934
973,-25.099255768075015,28.025173688248934
973,-25.099255768075015,28.025173688248934
973,-25.099255768075015,28.025173688248934
973,-25.099255768075015,28.025173688248934
973,-25.099255768075015,28.025173688248934
973,-25.099255768075015,28.025173688248934
974,-24.078019388262025,27.67745963184634
974,-24.078019388262025,27.67745963184634
974,-24.078019388262025,27.67745963184634
974,-24.078019388262025,27.67745963184634
974,-24.078019388262025,27.67745963184634
974,-24.078019388262025,27.67745963184634
974,-24.078019388262025,27.67745963184634
975,-24.782309128623787,27.984871674156864
975,-24.782309128623787,27.984871674156864
975,-24.782309128623787,27.984871674156864
975,-24.782309128623787,27.984871674156864
975,-24.782309128623787,27.984871674156864
975,-24.782309128623787,27.984871674156864
975,-24.782309128623787,27.984871674156864
976,-24.34251285267057,27.89948728712055
976,-24.34251285267057,27.89948728712055
976,-24.34251285267057,27.89948728712055
976,-24.34251285267057,27.89948728712055
976,-24.34251285267057,27.89948728712055
976,-24.34251285267057,27.89948728712055
976,-24.34251285267057,27.89948728712055
977,-24.318058986789694,27.449330714042635
977,-24.318058986789694,27.449330714042635
977,-24.318058986789694,27.449330714042635
977,-24.318058986789694,27.449330714042635
977,-24.318058986789694,27.449330714042635
977,-24.318058986789694,27.449330714042635
977,-24.318058986789694,27.449330714042635
978,-25.153152866870176,27.918782259354632
978,-25.153152866870176,27.918782259354632
978,-25.153152866870176,27.918782259354632
978,-25.153152866870176,27.918782259354632
978,-25.153152866870176,27.918782259354632
978,-25.153152866870176,27.918782259354632
978,-25.153152866870176,27.918782259354632
979,-24.41542003717403,28.028794303898714
979,-24.41542003717403,28.028794303898714
979,-24.41542003717403,28.028794303898714
979,-24.41542003717403,28.028794303898714
979,-24.41542003717403,28.028794303898714
979,-24.41542003717403,28.028794303898714
979,-24.41542003717403,28.028794303898714
980,-24.65668275708024,27.67635489030121
980,-24.65668275708024,27.67635489030121
980,-24.65668275708024,27.67635489030121
980,-24.65668275708024,27.67635489030121
980,-24.65668275708024,27.67635489030121
980,-24.65668275708024,27.67635489030121
980,-24.65668275708024,27.67635489030121
981,-24.773774474946794,30.258997153383213
981,-24.773774474946794,30.258997153383213
981,-24.773774474946794,30.258997153383213
981,-24.773774474946794,30.258997153383213
981,-24.773774474946794,30.258997153383213
981,-24.773774474946794,30.258997153383213
981,-24.773774474946794,30.258997153383213
982,-24.1768513569919,26.843235510863266
982,-24.1768513569919,26.843235510863266
982,-24.1768513569919,26.843235510863266
982,-24.1768513569919,26.843235510863266
982,-24.1768513569919,26.843235510863266
982,-24.1768513569919,26.843235510863266
982,-24.1768513569919,26.843235510863266
983,-23.86368849350439,29.89230788381008
983,-23.86368849350439,29.89230788381008
983,-23.86368849350439,29.89230788381008
983,-23.86368849350439,29.89230788381008
983,-23.86368849350439,29.89230788381008
983,-23.86368849350439,29.89230788381008
983,-23.86368849350439,29.89230788381008
984,-25.01740523022462,27.289803447876647
984,-25.01740523022462,27.289803447876647
984,-25.01740523022462,27.289803447876647
984,-25.01740523022462,27.289803447876647
984,-25.01740523022462,27.289803447876647
984,-25.01740523022462,27.289803447876647
984,-25.01740523022462,27.289803447876647
985,-24.043707095441874,28.01452247725087
985,-24.043707095441874,28.01452247725087
985,-24.043707095441874,28.01452247725087
985,-24.043707095441874,28.01452247725087
985,-24.043707095441874,28.01452247725087
985,-24.043707095441874,28.01452247725087
985,-24.043707095441874,28.01452247725087
986,-24.481959561142688,29.89230788381008
986,-24.481959561142688,29.89230788381008
986,-24.481959561142688,29.89230788381008
986,-24.481959561142688,29.89230788381008
986,-24.481959561142688,29.89230788381008
986,-24.481959561142688,29.89230788381008
986,-24.481959561142688,29.89230788381008
987,-24.120734862151963,27.991934332241897
987,-24.120734862151963,27.991934332241897
987,-24.120734862151963,27.991934332241897
987,-24.120734862151963,27.991934332241897
987,-24.120734862151963,27.991934332241897
987,-24.120734862151963,27.991934332241897
987,-24.120734862151963,27.991934332241897
988,-24.699111358142865,27.07793696693873
988,-24.699111358142865,27.07793696693873
988,-24.699111358142865,27.07793696693873
988,-24.699111358142865,27.07793696693873
988,-24.699111358142865,27.07793696693873
988,-24.699111358142865,27.07793696693873
988,-24.699111358142865,27.07793696693873
989,-24.72487898252116,27.984942300737714
989,-24.72487898252116,27.984942300737714
989,-24.72487898252116,27.984942300737714
989,-24.72487898252116,27.984942300737714
989,-24.72487898252116,27.984942300737714
989,-24.72487898252116,27.984942300737714
989,-24.72487898252116,27.984942300737714
990,-23.764752207678516,27.677228997603702
990,-23.764752207678516,27.677228997603702
990,-23.764752207678516,27.677228997603702
990,-23.764752207678516,27.677228997603702
990,-23.764752207678516,27.677228997603702
990,-23.764752207678516,27.677228997603702
990,-23.764752207678516,27.677228997603702
991,-23.342730039137493,26.85904448063081
991,-23.342730039137493,26.85904448063081
991,-23.342730039137493,26.85904448063081
991,-23.342730039137493,26.85904448063081
991,-23.342730039137493,26.85904448063081
991,-23.342730039137493,26.85904448063081
991,-23.342730039137493,26.85904448063081
992,-24.281159339762468,27.87825161506026
992,-24.281159339762468,27.87825161506026
992,-24.281159339762468,27.87825161506026
992,-24.281159339762468,27.87825161506026
992,-24.281159339762468,27.87825161506026
992,-24.281159339762468,27.87825161506026
992,-24.281159339762468,27.87825161506026
993,-24.17179542133584,27.701195373730073
993,-24.17179542133584,27.701195373730073
993,-24.17179542133584,27.701195373730073
993,-24.17179542133584,27.701195373730073
993,-24.17179542133584,27.701195373730073
993,-24.17179542133584,27.701195373730073
993,-24.17179542133584,27.701195373730073
994,-24.742503964012013,28.025173688248934
994,-24.742503964012013,28.025173688248934
994,-24.742503964012013,28.025173688248934
994,-24.742503964012013,28.025173688248934
994,-24.742503964012013,28.025173688248934
994,-24.742503964012013,28.025173688248934
994,-24.742503964012013,28.025173688248934
995,-24.462589953991277,27.084082701815863
995,-24.462589953991277,27.084082701815863
995,-24.462589953991277,27.084082701815863
995,-24.462589953991277,27.084082701815863
995,-24.462589953991277,27.084082701815863
995,-24.462589953991277,27.084082701815863
995,-24.462589953991277,27.084082701815863
996,-24.088658945925967,29.888676983214843
996,-24.088658945925967,29.888676983214843
996,-24.088658945925967,29.888676983214843
996,-24.088658945925967,29.888676983214843
996,-24.088658945925967,29.888676983214843
996,-24.088658945925967,29.888676983214843
996,-24.088658945925967,29.888676983214843
997,-23.51228310163232,27.426334154594223
997,-23.51228310163232,27.426334154594223
997,-23.51228310163232,27.426334154594223
997,-23.51228310163232,27.426334154594223
997,-23.51228310163232,27.426334154594223
997,-23.51228310163232,27.426334154594223
997,-23.51228310163232,27.426334154594223
998,-23.600080365925088,26.64931075254527
998,-23.600080365925088,26.64931075254527
998,-23.600080365925088,26.64931075254527
998,-23.600080365925088,26.64931075254527
998,-23.600080365925088,26.64931075254527
998,-23.600080365925088,26.64931075254527
998,-23.600080365925088,26.64931075254527
999,-24.139175278806853,27.296341371948362
999,-24.139175278806853,27.296341371948362
999,-24.139175278806853,27.296341371948362
999,-24.139175278806853,27.296341371948362
999,-24.139175278806853,27.296341371948362
999,-24.139175278806853,27.296341371948362
999,-24.139175278806853,27.296341371948362
1000,-25.105830528894092,28.028894186614767
1000,-25.105830528894092,28.028894186614767
1000,-25.105830528894092,28.028894186614767
1000,-25.105830528894092,28.028894186614767
1000,-25.105830528894092,28.028894186614767
1000,-25.105830528894092,28.028894186614767
1000,-25.105830528894092,28.028894186614767
1001,-23.80027940801715,27.897289771000306
1001,-23.80027940801715,27.897289771000306
1001,-23.80027940801715,27.897289771000306
1001,-23.80027940801715,27.897289771000306
1001,-23.80027940801715,27.897289771000306
1001,-23.80027940801715,27.897289771000306
1001,-23.80027940801715,27.897289771000306
1002,-24.492356449768216,28.00464424856892
1002,-24.492356449768216,28.00464424856892
1002,-24.492356449768216,28.00464424856892
1002,-24.492356449768216,28.00464424856892
1002,-24.492356449768216,28.00464424856892
1002,-24.492356449768216,28.00464424856892
1002,-24.492356449768216,28.00464424856892
1003,-24.48999544340612,27.18626159103315
1003,-24.48999544340612,27.18626159103315
1003,-24.48999544340612,27.18626159103315
1003,-24.48999544340612,27.18626159103315
1003,-24.48999544340612,27.18626159103315
1003,-24.48999544340612,27.18626159103315
1003,-24.48999544340612,27.18626159103315
1004,-23.688918269755113,29.889421686632307
1004,-23.688918269755113,29.889421686632307
1004,-23.688918269755113,29.889421686632307
1004,-23.688918269755113,29.889421686632307
1004,-23.688918269755113,29.889421686632307
1004,-23.688918269755113,29.889421686632307
1004,-23.688918269755113,29.889421686632307
1005,-24.12211344927731,27.38006399400024
1005,-24.12211344927731,27.38006399400024
1005,-24.12211344927731,27.38006399400024
1005,-24.12211344927731,27.38006399400024
1005,-24.12211344927731,27.38006399400024
1005,-24.12211344927731,27.38006399400024
1005,-24.12211344927731,27.38006399400024
1006,-23.863611962299807,27.503746123181447
1006,-23.863611962299807,27.503746123181447
1006,-23.863611962299807,27.503746123181447
1006,-23.863611962299807,27.503746123181447
1006,-23.863611962299807,27.503746123181447
1006,-23.863611962299807,27.503746123181447
1006,-23.863611962299807,27.503746123181447
1007,-24.16291136256187,27.38006399400024
1007,-24.16291136256187,27.38006399400024
1007,-24.16291136256187,27.38006399400024
1007,-24.16291136256187,27.38006399400024
1007,-24.16291136256187,27.38006399400024
1007,-24.16291136256187,27.38006399400024
1007,-24.16291136256187,27.38006399400024
1008,-24.613412484996708,27.38006399400024
1008,-24.613412484996708,27.38006399400024
1008,-24.613412484996708,27.38006399400024
1008,-24.613412484996708,27.38006399400024
1008,-24.613412484996708,27.38006399400024
1008,-24.613412484996708,27.38006399400024
1008,-24.613412484996708,27.38006399400024
1009,-24.366845135856437,26.854070600413984
1009,-24.366845135856437,26.854070600413984
1009,-24.366845135856437,26.854070600413984
1009,-24.366845135856437,26.854070600413984
1009,-24.366845135856437,26.854070600413984
1009,-24.366845135856437,26.854070600413984
1009,-24.366845135856437,26.854070600413984
1010,-23.52180774816954,27.677474410610465
1010,-23.52180774816954,27.677474410610465
1010,-23.52180774816954,27.677474410610465
1010,-23.52180774816954,27.677474410610465
1010,-23.52180774816954,27.677474410610465
1010,-23.52180774816954,27.677474410610465
1010,-23.52180774816954,27.677474410610465
1011,-24.74844799546061,27.8797147127085
1011,-24.74844799546061,27.8797147127085
1011,-24.74844799546061,27.8797147127085
1011,-24.74844799546061,27.8797147127085
1011,-24.74844799546061,27.8797147127085
1011,-24.74844799546061,27.8797147127085
1011,-24.74844799546061,27.8797147127085
1012,-24.33521282264952,27.67745963184634
1012,-24.33521282264952,27.67745963184634
1012,-24.33521282264952,27.67745963184634
1012,-24.33521282264952,27.67745963184634
1012,-24.33521282264952,27.67745963184634
1012,-24.33521282264952,27.67745963184634
1012,-24.33521282264952,27.67745963184634
1013,-24.57123440499114,28.00753044574669
1013,-24.57123440499114,28.00753044574669
1013,-24.57123440499114,28.00753044574669
1013,-24.57123440499114,28.00753044574669
1013,-24.57123440499114,28.00753044574669
1013,-24.57123440499114,28.00753044574669
1013,-24.57123440499114,28.00753044574669
1014,-23.986414670010948,27.079556093313332
1014,-23.986414670010948,27.079556093313332
1014,-23.986414670010948,27.079556093313332
1014,-23.986414670010948,27.079556093313332
1014,-23.986414670010948,27.079556093313332
1014,-23.986414670010948,27.079556093313332
1014,-23.986414670010948,27.079556093313332
1015,-23.947936660876735,26.64265640942649
1015,-23.947936660876735,26.64265640942649
1015,-23.947936660876735,26.64265640942649
1015,-23.947936660876735,26.64265640942649
1015,-23.947936660876735,26.64265640942649
1015,-23.947936660876735,26.64265640942649
1015,-23.947936660876735,26.64265640942649
1016,-24.44548050080971,27.87846640150624
1016,-24.44548050080971,27.87846640150624
1016,-24.44548050080971,27.87846640150624
1016,-24.44548050080971,27.87846640150624
1016,-24.44548050080971,27.87846640150624
1016,-24.44548050080971,27.87846640150624
1016,-24.44548050080971,27.87846640150624
1017,-24.547166530405317,27.67748770841184
1017,-24.547166530405317,27.67748770841184
1017,-24.547166530405317,27.67748770841184
1017,-24.547166530405317,27.67748770841184
1017,-24.547166530405317,27.67748770841184
1017,-24.547166530405317,27.67748770841184
1017,-24.547166530405317,27.67748770841184
1018,-24.03587475509255,27.87825161506026
1018,-24.03587475509255,27.87825161506026
1018,-24.03587475509255,27.87825161506026
1018,-24.03587475509255,27.87825161506026
1018,-24.03587475509255,27.87825161506026
1018,-24.03587475509255,27.87825161506026
1018,-24.03587475509255,27.87825161506026
1019,-24.004640634330194,27.29429534829497
1019,-24.004640634330194,27.29429534829497
1019,-24.004640634330194,27.29429534829497
1019,-24.004640634330194,27.29429534829497
1019,-24.004640634330194,27.29429534829497
1019,-24.004640634330194,27.29429534829497
1019,-24.004640634330194,27.29429534829497
1020,-24.019410862594018,28.00390972620857
1020,-24.019410862594018,28.00390972620857
1020,-24.019410862594018,28.00390972620857
1020,-24.019410862594018,28.00390972620857
1020,-24.019410862594018,28.00390972620857
1020,-24.019410862594018,28.00390972620857
1020,-24.019410862594018,28.00390972620857
1021,-24.404786990813044,27.875787215568657
1021,-24.404786990813044,27.875787215568657
1021,-24.404786990813044,27.875787215568657
1021,-24.404786990813044,27.875787215568657
1021,-24.404786990813044,27.875787215568657
1021,-24.404786990813044,27.875787215568657
1021,-24.404786990813044,27.875787215568657
1022,-24.411572757211026,27.87978533928935
1022,-24.411572757211026,27.87978533928935
1022,-24.411572757211026,27.87978533928935
1022,-24.411572757211026,27.87978533928935
1022,-24.411572757211026,27.87978533928935
1022,-24.411572757211026,27.87978533928935
1022,-24.411572757211026,27.87978533928935
1023,-24.90041333567157,27.87825161506026
1023,-24.90041333567157,27.87825161506026
1023,-24.90041333567157,27.87825161506026
1023,-24.90041333567157,27.87825161506026
1023,-24.90041333567157,27.87825161506026
1023,-24.90041333567157,27.87825161506026
1023,-24.90041333567157,27.87825161506026
1024,-24.789969042949437,26.672372007649155
1024,-24.789969042949437,26.672372007649155
1024,-24.789969042949437,26.672372007649155
1024,-24.789969042949437,26.672372007649155
1024,-24.789969042949437,26.672372007649155
1024,-24.789969042949437,26.672372007649155
1024,-24.789969042949437,26.672372007649155
1025,-23.586596926680087,27.894610585062722
1025,-23.586596926680087,27.894610585062722
1025,-23.586596926680087,27.894610585062722
1025,-23.586596926680087,27.894610585062722
1025,-23.586596926680087,27.894610585062722
1025,-23.586596926680087,27.894610585062722
1025,-23.586596926680087,27.894610585062722
1026,-24.426538839593277,27.895345003534732
1026,-24.426538839593277,27.895345003534732
1026,-24.426538839593277,27.895345003534732
1026,-24.426538839593277,27.895345003534732
1026,-24.426538839593277,27.895345003534732
1026,-24.426538839593277,27.895345003534732
1026,-24.426538839593277,27.895345003534732
1027,-24.661165758620783,27.992078492107026
1027,-24.661165758620783,27.992078492107026
1027,-24.661165758620783,27.992078492107026
1027,-24.661165758620783,27.992078492107026
1027,-24.661165758620783,27.992078492107026
1027,-24.661165758620783,27.992078492107026
1027,-24.661165758620783,27.992078492107026
1028,-24.69263002044605,27.67743256936212
1028,-24.69263002044605,27.67743256936212
1028,-24.69263002044605,27.67743256936212
1028,-24.69263002044605,27.67743256936212
1028,-24.69263002044605,27.67743256936212
1028,-24.69263002044605,27.67743256936212
1028,-24.69263002044605,27.67743256936212
1029,-25.17752463750565,29.89230788381008
1029,-25.17752463750565,29.89230788381008
1029,-25.17752463750565,29.89230788381008
1029,-25.17752463750565,29.89230788381008
1029,-25.17752463750565,29.89230788381008
1029,-25.17752463750565,29.89230788381008
1029,-25.17752463750565,29.89230788381008
1030,-23.83560733488971,27.481602365298716
1030,-23.83560733488971,27.481602365298716
1030,-23.83560733488971,27.481602365298716
1030,-23.83560733488971,27.481602365298716
1030,-23.83560733488971,27.481602365298716
1030,-23.83560733488971,27.481602365298716
1030,-23.83560733488971,27.481602365298716
1031,-24.930105801398728,27.424329972189174
1031,-24.930105801398728,27.424329972189174
1031,-24.930105801398728,27.424329972189174
1031,-24.930105801398728,27.424329972189174
1031,-24.930105801398728,27.424329972189174
1031,-24.930105801398728,27.424329972189174
1031,-24.930105801398728,27.424329972189174
1032,-24.554524348237194,28.01090186160109
1032,-24.554524348237194,28.01090186160109
1032,-24.554524348237194,28.01090186160109
1032,-24.554524348237194,28.01090186160109
1032,-24.554524348237194,28.01090186160109
1032,-24.554524348237194,28.01090186160109
1032,-24.554524348237194,28.01090186160109
1033,-24.984548538329392,27.696455237771033
1033,-24.984548538329392,27.696455237771033
1033,-24.984548538329392,27.696455237771033
1033,-24.984548538329392,27.696455237771033
1033,-24.984548538329392,27.696455237771033
1033,-24.984548538329392,27.696455237771033
1033,-24.984548538329392,27.696455237771033
1034,-23.482265372694602,27.676313049052865
1034,-23.482265372694602,27.676313049052865
1034,-23.482265372694602,27.676313049052865
1034,-23.482265372694602,27.676313049052865
1034,-23.482265372694602,27.676313049052865
1034,-23.482265372694602,27.676313049052865
1034,-23.482265372694602,27.676313049052865
1035,-24.231576265078562,27.085257361174836
1035,-24.231576265078562,27.085257361174836
1035,-24.231576265078562,27.085257361174836
1035,-24.231576265078562,27.085257361174836
1035,-24.231576265078562,27.085257361174836
1035,-24.231576265078562,27.085257361174836
1035,-24.231576265078562,27.085257361174836
1036,-23.98880458607435,27.426375995842566
1036,-23.98880458607435,27.426375995842566
1036,-23.98880458607435,27.426375995842566
1036,-23.98880458607435,27.426375995842566
1036,-23.98880458607435,27.426375995842566
1036,-23.98880458607435,27.426375995842566
1036,-23.98880458607435,27.426375995842566
1037,-24.8054559250491,26.86589428245309
1037,-24.8054559250491,26.86589428245309
1037,-24.8054559250491,26.86589428245309
1037,-24.8054559250491,26.86589428245309
1037,-24.8054559250491,26.86589428245309
1037,-24.8054559250491,26.86589428245309
1037,-24.8054559250491,26.86589428245309
1038,-24.107664336829238,27.875787215568657
1038,-24.107664336829238,27.875787215568657
1038,-24.107664336829238,27.875787215568657
1038,-24.107664336829238,27.875787215568657
1038,-24.107664336829238,27.875787215568657
1038,-24.107664336829238,27.875787215568657
1038,-24.107664336829238,27.875787215568657
1039,-24.73947899447277,29.89230788381008
1039,-24.73947899447277,29.89230788381008
1039,-24.73947899447277,29.89230788381008
1039,-24.73947899447277,29.89230788381008
1039,-24.73947899447277,29.89230788381008
1039,-24.73947899447277,29.89230788381008
1039,-24.73947899447277,29.89230788381008
1040,-24.438285084801954,27.677228997603702
1040,-24.438285084801954,27.677228997603702
1040,-24.438285084801954,27.677228997603702
1040,-24.438285084801954,27.677228997603702
1040,-24.438285084801954,27.677228997603702
1040,-24.438285084801954,27.677228997603702
1040,-24.438285084801954,27.677228997603702
1041,-24.76197603686234,27.894610585062722
1041,-24.76197603686234,27.894610585062722
1041,-24.76197603686234,27.894610585062722
1041,-24.76197603686234,27.894610585062722
1041,-24.76197603686234,27.894610585062722
1041,-24.76197603686234,27.894610585062722
1041,-24.76197603686234,27.894610585062722
1042,-24.189548561590037,27.984942300737714
1042,-24.189548561590037,27.984942300737714
1042,-24.189548561590037,27.984942300737714
1042,-24.189548561590037,27.984942300737714
1042,-24.189548561590037,27.984942300737714
1042,-24.189548561590037,27.984942300737714
1042,-24.189548561590037,27.984942300737714
1043,-23.945803204572936,27.678536602140245
1043,-23.945803204572936,27.678536602140245
1043,-23.945803204572936,27.678536602140245
1043,-23.945803204572936,27.678536602140245
1043,-23.945803204572936,27.678536602140245
1043,-23.945803204572936,27.678536602140245
1043,-23.945803204572936,27.678536602140245
1044,-24.194717371910578,29.89230788381008
1044,-24.194717371910578,29.89230788381008
1044,-24.194717371910578,29.89230788381008
1044,-24.194717371910578,29.89230788381008
1044,-24.194717371910578,29.89230788381008
1044,-24.194717371910578,29.89230788381008
1044,-24.194717371910578,29.89230788381008
1045,-24.46056200035277,27.678536602140245
1045,-24.46056200035277,27.678536602140245
1045,-24.46056200035277,27.678536602140245
1045,-24.46056200035277,27.678536602140245
1045,-24.46056200035277,27.678536602140245
1045,-24.46056200035277,27.678536602140245
1045,-24.46056200035277,27.678536602140245
1046,-24.63712741269852,27.985086460602844
1046,-24.63712741269852,27.985086460602844
1046,-24.63712741269852,27.985086460602844
1046,-24.63712741269852,27.985086460602844
1046,-24.63712741269852,27.985086460602844
1046,-24.63712741269852,27.985086460602844
1046,-24.63712741269852,27.985086460602844
1047,-23.921052658431837,28.01090186160109
1047,-23.921052658431837,28.01090186160109
1047,-23.921052658431837,28.01090186160109
1047,-23.921052658431837,28.01090186160109
1047,-23.921052658431837,28.01090186160109
1047,-23.921052658431837,28.01090186160109
1047,-23.921052658431837,28.01090186160109
1048,-23.78225968964013,27.9240620991225
1048,-23.78225968964013,27.9240620991225
1048,-23.78225968964013,27.9240620991225
1048,-23.78225968964013,27.9240620991225
1048,-23.78225968964013,27.9240620991225
1048,-23.78225968964013,27.9240620991225
1048,-23.78225968964013,27.9240620991225
1049,-24.3399606174201,27.082078519410814
1049,-24.3399606174201,27.082078519410814
1049,-24.3399606174201,27.082078519410814
1049,-24.3399606174201,27.082078519410814
1049,-24.3399606174201,27.082078519410814
1049,-24.3399606174201,27.082078519410814
1049,-24.3399606174201,27.082078519410814
1050,-24.62854485614623,27.87832224164111
1050,-24.62854485614623,27.87832224164111
1050,-24.62854485614623,27.87832224164111
1050,-24.62854485614623,27.87832224164111
1050,-24.62854485614623,27.87832224164111
1050,-24.62854485614623,27.87832224164111
1050,-24.62854485614623,27.87832224164111
1051,-23.350010383316814,27.316441719418187
1051,-23.350010383316814,27.316441719418187
1051,-23.350010383316814,27.316441719418187
1051,-23.350010383316814,27.316441719418187
1051,-23.350010383316814,27.316441719418187
1051,-23.350010383316814,27.316441719418187
1051,-23.350010383316814,27.316441719418187
1052,-24.85726574700525,29.888676983214843
1052,-24.85726574700525,29.888676983214843
1052,-24.85726574700525,29.888676983214843
1052,-24.85726574700525,29.888676983214843
1052,-24.85726574700525,29.888676983214843
1052,-24.85726574700525,29.888676983214843
1052,-24.85726574700525,29.888676983214843
1053,-23.910791107844013,27.29740356347814
1053,-23.910791107844013,27.29740356347814
1053,-23.910791107844013,27.29740356347814
1053,-23.910791107844013,27.29740356347814
1053,-23.910791107844013,27.29740356347814
1053,-23.910791107844013,27.29740356347814
1053,-23.910791107844013,27.29740356347814
1054,-23.4138761606781,27.266067705992917
1054,-23.4138761606781,27.266067705992917
1054,-23.4138761606781,27.266067705992917
1054,-23.4138761606781,27.266067705992917
1054,-23.4138761606781,27.266067705992917
1054,-23.4138761606781,27.266067705992917
1054,-23.4138761606781,27.266067705992917
1055,-24.07279478005388,26.834147784201008
1055,-24.07279478005388,26.834147784201008
1055,-24.07279478005388,26.834147784201008
1055,-24.07279478005388,26.834147784201008
1055,-24.07279478005388,26.834147784201008
1055,-24.07279478005388,26.834147784201008
1055,-24.07279478005388,26.834147784201008
1056,-24.26491143048648,27.44647634331239
1056,-24.26491143048648,27.44647634331239
1056,-24.26491143048648,27.44647634331239
1056,-24.26491143048648,27.44647634331239
1056,-24.26491143048648,27.44647634331239
1056,-24.26491143048648,27.44647634331239
1056,-24.26491143048648,27.44647634331239
1057,-24.16177187834354,27.084124543064206
1057,-24.16177187834354,27.084124543064206
1057,-24.16177187834354,27.084124543064206
1057,-24.16177187834354,27.084124543064206
1057,-24.16177187834354,27.084124543064206
1057,-24.16177187834354,27.084124543064206
1057,-24.16177187834354,27.084124543064206
1058,-23.98208186643855,29.89230788381008
1058,-23.98208186643855,29.89230788381008
1058,-23.98208186643855,29.89230788381008
1058,-23.98208186643855,29.89230788381008
1058,-23.98208186643855,29.89230788381008
1058,-23.98208186643855,29.89230788381008
1058,-23.98208186643855,29.89230788381008
1059,-24.33593824232538,27.87825161506026
1059,-24.33593824232538,27.87825161506026
1059,-24.33593824232538,27.87825161506026
1059,-24.33593824232538,27.87825161506026
1059,-24.33593824232538,27.87825161506026
1059,-24.33593824232538,27.87825161506026
1059,-24.33593824232538,27.87825161506026
1060,-24.606198756324307,27.874495458828772
1060,-24.606198756324307,27.874495458828772
1060,-24.606198756324307,27.874495458828772
1060,-24.606198756324307,27.874495458828772
1060,-24.606198756324307,27.874495458828772
1060,-24.606198756324307,27.874495458828772
1060,-24.606198756324307,27.874495458828772
1061,-24.103159003886052,27.67745963184634
1061,-24.103159003886052,27.67745963184634
1061,-24.103159003886052,27.67745963184634
1061,-24.103159003886052,27.67745963184634
1061,-24.103159003886052,27.67745963184634
1061,-24.103159003886052,27.67745963184634
1061,-24.103159003886052,27.67745963184634
1062,-24.50839105019973,28.028794303898714
1062,-24.50839105019973,28.028794303898714
1062,-24.50839105019973,28.028794303898714
1062,-24.50839105019973,28.028794303898714
1062,-24.50839105019973,28.028794303898714
1062,-24.50839105019973,28.028794303898714
1062,-24.50839105019973,28.028794303898714
1063,-24.4467628839488,28.01090186160109
1063,-24.4467628839488,28.01090186160109
1063,-24.4467628839488,28.01090186160109
1063,-24.4467628839488,28.01090186160109
1063,-24.4467628839488,28.01090186160109
1063,-24.4467628839488,28.01090186160109
1063,-24.4467628839488,28.01090186160109
1064,-24.467087528399997,27.427652973818326
1064,-24.467087528399997,27.427652973818326
1064,-24.467087528399997,27.427652973818326
1064,-24.467087528399997,27.427652973818326
1064,-24.467087528399997,27.427652973818326
1064,-24.467087528399997,27.427652973818326
1064,-24.467087528399997,27.427652973818326
1065,-24.956860358421906,28.00635031875487
1065,-24.956860358421906,28.00635031875487
1065,-24.956860358421906,28.00635031875487
1065,-24.956860358421906,28.00635031875487
1065,-24.956860358421906,28.00635031875487
1065,-24.956860358421906,28.00635031875487
1065,-24.956860358421906,28.00635031875487
1066,-24.93901727444443,28.011636280073102
1066,-24.93901727444443,28.011636280073102
1066,-24.93901727444443,28.011636280073102
1066,-24.93901727444443,28.011636280073102
1066,-24.93901727444443,28.011636280073102
1066,-24.93901727444443,28.011636280073102
1066,-24.93901727444443,28.011636280073102
1067,-24.663711159708424,28.84589208901554
1067,-24.663711159708424,28.84589208901554
1067,-24.663711159708424,28.84589208901554
1067,-24.663711159708424,28.84589208901554
1067,-24.663711159708424,28.84589208901554
1067,-24.663711159708424,28.84589208901554
1067,-24.663711159708424,28.84589208901554
1068,-24.296115009291338,27.079108821599036
1068,-24.296115009291338,27.079108821599036
1068,-24.296115009291338,27.079108821599036
1068,-24.296115009291338,27.079108821599036
1068,-24.296115009291338,27.079108821599036
1068,-24.296115009291338,27.079108821599036
1068,-24.296115009291338,27.079108821599036
1069,-23.303327367995834,26.64021245767163
1069,-23.303327367995834,26.64021245767163
1069,-23.303327367995834,26.64021245767163
1069,-23.303327367995834,26.64021245767163
1069,-23.303327367995834,26.64021245767163
1069,-23.303327367995834,26.64021245767163
1069,-23.303327367995834,26.64021245767163
1070,-24.02045775341783,27.985086460602844
1070,-24.02045775341783,27.985086460602844
1070,-24.02045775341783,27.985086460602844
1070,-24.02045775341783,27.985086460602844
1070,-24.02045775341783,27.985086460602844
1070,-24.02045775341783,27.985086460602844
1070,-24.02045775341783,27.985086460602844
1071,-23.68961284139592,27.87846640150624
1071,-23.68961284139592,27.87846640150624
1071,-23.68961284139592,27.87846640150624
1071,-23.68961284139592,27.87846640150624
1071,-23.68961284139592,27.87846640150624
1071,-23.68961284139592,27.87846640150624
1071,-23.68961284139592,27.87846640150624
1072,-24.025324698807044,28.025173688248934
1072,-24.025324698807044,28.025173688248934
1072,-24.025324698807044,28.025173688248934
1072,-24.025324698807044,28.025173688248934
1072,-24.025324698807044,28.025173688248934
1072,-24.025324698807044,28.025173688248934
1072,-24.025324698807044,28.025173688248934
1073,-24.189643983807333,28.00390972620857
1073,-24.189643983807333,28.00390972620857
1073,-24.189643983807333,28.00390972620857
1073,-24.189643983807333,28.00390972620857
1073,-24.189643983807333,28.00390972620857
1073,-24.189643983807333,28.00390972620857
1073,-24.189643983807333,28.00390972620857
1074,-24.790942720073414,27.085401521039966
1074,-24.790942720073414,27.085401521039966
1074,-24.790942720073414,27.085401521039966
1074,-24.790942720073414,27.085401521039966
1074,-24.790942720073414,27.085401521039966
1074,-24.790942720073414,27.085401521039966
1074,-24.790942720073414,27.085401521039966
1075,-24.793159171608504,27.8982312007125
1075,-24.793159171608504,27.8982312007125
1075,-24.793159171608504,27.8982312007125
1075,-24.793159171608504,27.8982312007125
1075,-24.793159171608504,27.8982312007125
1075,-24.793159171608504,27.8982312007125
1075,-24.793159171608504,27.8982312007125
1076,-24.01354426829307,27.676340111537083
1076,-24.01354426829307,27.676340111537083
1076,-24.01354426829307,27.676340111537083
1076,-24.01354426829307,27.676340111537083
1076,-24.01354426829307,27.676340111537083
1076,-24.01354426829307,27.676340111537083
1076,-24.01354426829307,27.676340111537083
1077,-24.757294464911276,27.38205425487885
1077,-24.757294464911276,27.38205425487885
1077,-24.757294464911276,27.38205425487885
1077,-24.757294464911276,27.38205425487885
1077,-24.757294464911276,27.38205425487885
1077,-24.757294464911276,27.38205425487885
1077,-24.757294464911276,27.38205425487885
1078,-24.915332776752347,27.29629953070002
1078,-24.915332776752347,27.29629953070002
1078,-24.915332776752347,27.29629953070002
1078,-24.915332776752347,27.29629953070002
1078,-24.915332776752347,27.29629953070002
1078,-24.915332776752347,27.29629953070002
1078,-24.915332776752347,27.29629953070002
1079,-24.43531097774277,27.678536602140245
1079,-24.43531097774277,27.678536602140245
1079,-24.43531097774277,27.678536602140245
1079,-24.43531097774277,27.678536602140245
1079,-24.43531097774277,27.678536602140245
1079,-24.43531097774277,27.678536602140245
1079,-24.43531097774277,27.678536602140245
1080,-23.482715502887018,27.427652973818326
1080,-23.482715502887018,27.427652973818326
1080,-23.482715502887018,27.427652973818326
1080,-23.482715502887018,27.427652973818326
1080,-23.482715502887018,27.427652973818326
1080,-23.482715502887018,27.427652973818326
1080,-23.482715502887018,27.427652973818326
1081,-24.780685052565545,27.992078492107026
1081,-24.780685052565545,27.992078492107026
1081,-24.780685052565545,27.992078492107026
1081,-24.780685052565545,27.992078492107026
1081,-24.780685052565545,27.992078492107026
1081,-24.780685052565545,27.992078492107026
1081,-24.780685052565545,27.992078492107026
1082,-24.406914996169775,27.678536602140245
1082,-24.406914996169775,27.678536602140245
1082,-24.406914996169775,27.678536602140245
1082,-24.406914996169775,27.678536602140245
1082,-24.406914996169775,27.678536602140245
1082,-24.406914996169775,27.678536602140245
1082,-24.406914996169775,27.678536602140245
1083,-23.08289480263747,28.01090186160109
1083,-23.08289480263747,28.01090186160109
1083,-23.08289480263747,28.01090186160109
1083,-23.08289480263747,28.01090186160109
1083,-23.08289480263747,28.01090186160109
1083,-23.08289480263747,28.01090186160109
1083,-23.08289480263747,28.01090186160109
1084,-24.63325931492963,28.00753044574669
1084,-24.63325931492963,28.00753044574669
1084,-24.63325931492963,28.00753044574669
1084,-24.63325931492963,28.00753044574669
1084,-24.63325931492963,28.00753044574669
1084,-24.63325931492963,28.00753044574669
1084,-24.63325931492963,28.00753044574669
1085,-24.425876969888304,27.450096958962174
1085,-24.425876969888304,27.450096958962174
1085,-24.425876969888304,27.450096958962174
1085,-24.425876969888304,27.450096958962174
1085,-24.425876969888304,27.450096958962174
1085,-24.425876969888304,27.450096958962174
1085,-24.425876969888304,27.450096958962174
1086,-23.77464327754707,28.00390983009691
1086,-23.77464327754707,28.00390983009691
1086,-23.77464327754707,28.00390983009691
1086,-23.77464327754707,28.00390983009691
1086,-23.77464327754707,28.00390983009691
1086,-23.77464327754707,28.00390983009691
1086,-23.77464327754707,28.00390983009691
1087,-24.600030433740617,27.42636121707844
1087,-24.600030433740617,27.42636121707844
1087,-24.600030433740617,27.42636121707844
1087,-24.600030433740617,27.42636121707844
1087,-24.600030433740617,27.42636121707844
1087,-24.600030433740617,27.42636121707844
1087,-24.600030433740617,27.42636121707844
1088,-23.594188364701623,27.67763186827697
1088,-23.594188364701623,27.67763186827697
1088,-23.594188364701623,27.67763186827697
1088,-23.594188364701623,27.67763186827697
1088,-23.594188364701623,27.67763186827697
1088,-23.594188364701623,27.67763186827697
1088,-23.594188364701623,27.67763186827697
1089,-24.887843922061723,27.875643055703527
1089,-24.887843922061723,27.875643055703527
1089,-24.887843922061723,27.875643055703527
1089,-24.887843922061723,27.875643055703527
1089,-24.887843922061723,27.875643055703527
1089,-24.887843922061723,27.875643055703527
1089,-24.887843922061723,27.875643055703527
1090,-24.29668148576438,27.18626159103315
1090,-24.29668148576438,27.18626159103315
1090,-24.29668148576438,27.18626159103315
1090,-24.29668148576438,27.18626159103315
1090,-24.29668148576438,27.18626159103315
1090,-24.29668148576438,27.18626159103315
1090,-24.29668148576438,27.18626159103315
1091,-24.45536461007076,29.89230788381008
1091,-24.45536461007076,29.89230788381008
1091,-24.45536461007076,29.89230788381008
1091,-24.45536461007076,29.89230788381008
1091,-24.45536461007076,29.89230788381008
1091,-24.45536461007076,29.89230788381008
1091,-24.45536461007076,29.89230788381008
1092,-24.207629228710665,28.00390983009691
1092,-24.207629228710665,28.00390983009691
1092,-24.207629228710665,28.00390983009691
1092,-24.207629228710665,28.00390983009691
1092,-24.207629228710665,28.00390983009691
1092,-24.207629228710665,28.00390983009691
1092,-24.207629228710665,28.00390983009691
1093,-24.504409408348923,27.984942300737714
1093,-24.504409408348923,27.984942300737714
1093,-24.504409408348923,27.984942300737714
1093,-24.504409408348923,27.984942300737714
1093,-24.504409408348923,27.984942300737714
1093,-24.504409408348923,27.984942300737714
1093,-24.504409408348923,27.984942300737714
1094,-24.482569236345427,29.89230788381008
1094,-24.482569236345427,29.89230788381008
1094,-24.482569236345427,29.89230788381008
1094,-24.482569236345427,29.89230788381008
1094,-24.482569236345427,29.89230788381008
1094,-24.482569236345427,29.89230788381008
1094,-24.482569236345427,29.89230788381008
1095,-23.961922206782102,29.89230788381008
1095,-23.961922206782102,29.89230788381008
1095,-23.961922206782102,29.89230788381008
1095,-23.961922206782102,29.89230788381008
1095,-23.961922206782102,29.89230788381008
1095,-23.961922206782102,29.89230788381008
1095,-23.961922206782102,29.89230788381008
1096,-24.17811086730796,26.643123176419795
1096,-24.17811086730796,26.643123176419795
1096,-24.17811086730796,26.643123176419795
1096,-24.17811086730796,26.643123176419795
1096,-24.17811086730796,26.643123176419795
1096,-24.17811086730796,26.643123176419795
1096,-24.17811086730796,26.643123176419795
1097,-23.59309783454958,27.677228997603702
1097,-23.59309783454958,27.677228997603702
1097,-23.59309783454958,27.677228997603702
1097,-23.59309783454958,27.677228997603702
1097,-23.59309783454958,27.677228997603702
1097,-23.59309783454958,27.677228997603702
1097,-23.59309783454958,27.677228997603702
1098,-23.941034976029798,26.77603772885376
1098,-23.941034976029798,26.77603772885376
1098,-23.941034976029798,26.77603772885376
1098,-23.941034976029798,26.77603772885376
1098,-23.941034976029798,26.77603772885376
1098,-23.941034976029798,26.77603772885376
1098,-23.941034976029798,26.77603772885376
1099,-23.73668494916104,29.89230788381008
1099,-23.73668494916104,29.89230788381008
1099,-23.73668494916104,29.89230788381008
1099,-23.73668494916104,29.89230788381008
1099,-23.73668494916104,29.89230788381008
1099,-23.73668494916104,29.89230788381008
1099,-23.73668494916104,29.89230788381008
1100,-24.296041525191512,27.0820811326513
1100,-24.296041525191512,27.0820811326513
1100,-24.296041525191512,27.0820811326513
1100,-24.296041525191512,27.0820811326513
1100,-24.296041525191512,27.0820811326513
1100,-24.296041525191512,27.0820811326513
1100,-24.296041525191512,27.0820811326513
1101,-24.50001015566202,27.166801353536513
1101,-24.50001015566202,27.166801353536513
1101,-24.50001015566202,27.166801353536513
1101,-24.50001015566202,27.166801353536513
1101,-24.50001015566202,27.166801353536513
1101,-24.50001015566202,27.166801353536513
1101,-24.50001015566202,27.166801353536513
1102,-24.550830760480792,27.67605433824473
1102,-24.550830760480792,27.67605433824473
1102,-24.550830760480792,27.67605433824473
1102,-24.550830760480792,27.67605433824473
1102,-24.550830760480792,27.67605433824473
1102,-24.550830760480792,27.67605433824473
1102,-24.550830760480792,27.67605433824473
1103,-24.045970168778798,27.185814319318855
1103,-24.045970168778798,27.185814319318855
1103,-24.045970168778798,27.185814319318855
1103,-24.045970168778798,27.185814319318855
1103,-24.045970168778798,27.185814319318855
1103,-24.045970168778798,27.185814319318855
1103,-24.045970168778798,27.185814319318855
1104,-23.48344848577978,27.67745963184634
1104,-23.48344848577978,27.67745963184634
1104,-23.48344848577978,27.67745963184634
1104,-23.48344848577978,27.67745963184634
1104,-23.48344848577978,27.67745963184634
1104,-23.48344848577978,27.67745963184634
1104,-23.48344848577978,27.67745963184634
1105,-24.57589834418292,27.426334154594223
1105,-24.57589834418292,27.426334154594223
1105,-24.57589834418292,27.426334154594223
1105,-24.57589834418292,27.426334154594223
1105,-24.57589834418292,27.426334154594223
1105,-24.57589834418292,27.426334154594223
1105,-24.57589834418292,27.426334154594223
1106,-24.09015628004183,29.89230788381008
1106,-24.09015628004183,29.89230788381008
1106,-24.09015628004183,29.89230788381008
1106,-24.09015628004183,29.89230788381008
1106,-24.09015628004183,29.89230788381008
1106,-24.09015628004183,29.89230788381008
1106,-24.09015628004183,29.89230788381008
1107,-24.391793244964397,27.677373157468832
1107,-24.391793244964397,27.677373157468832
1107,-24.391793244964397,27.677373157468832
1107,-24.391793244964397,27.677373157468832
1107,-24.391793244964397,27.677373157468832
1107,-24.391793244964397,27.677373157468832
1107,-24.391793244964397,27.677373157468832
1108,-25.045411392022142,27.986010404738735
1108,-25.045411392022142,27.986010404738735
1108,-25.045411392022142,27.986010404738735
1108,-25.045411392022142,27.986010404738735
1108,-25.045411392022142,27.986010404738735
1108,-25.045411392022142,27.986010404738735
1108,-25.045411392022142,27.986010404738735
1109,-24.563147131413512,27.18464246465855
1109,-24.563147131413512,27.18464246465855
1109,-24.563147131413512,27.18464246465855
1109,-24.563147131413512,27.18464246465855
1109,-24.563147131413512,27.18464246465855
1109,-24.563147131413512,27.18464246465855
1109,-24.563147131413512,27.18464246465855
1110,-24.304936207246083,27.0820811326513
1110,-24.304936207246083,27.0820811326513
1110,-24.304936207246083,27.0820811326513
1110,-24.304936207246083,27.0820811326513
1110,-24.304936207246083,27.0820811326513
1110,-24.304936207246083,27.0820811326513
1110,-24.304936207246083,27.0820811326513
1111,-24.979451767094453,29.912421405155442
1111,-24.979451767094453,29.912421405155442
1111,-24.979451767094453,29.912421405155442
1111,-24.979451767094453,29.912421405155442
1111,-24.979451767094453,29.912421405155442
1111,-24.979451767094453,29.912421405155442
1111,-24.979451767094453,29.912421405155442
1112,-24.57317769913964,27.8982312007125
1112,-24.57317769913964,27.8982312007125
1112,-24.57317769913964,27.8982312007125
1112,-24.57317769913964,27.8982312007125
1112,-24.57317769913964,27.8982312007125
1112,-24.57317769913964,27.8982312007125
1112,-24.57317769913964,27.8982312007125
1113,-24.347679576428877,27.67605433824473
1113,-24.347679576428877,27.67605433824473
1113,-24.347679576428877,27.67605433824473
1113,-24.347679576428877,27.67605433824473
1113,-24.347679576428877,27.67605433824473
1113,-24.347679576428877,27.67605433824473
1113,-24.347679576428877,27.67605433824473
1114,-24.67024190694542,27.42636121707844
1114,-24.67024190694542,27.42636121707844
1114,-24.67024190694542,27.42636121707844
1114,-24.67024190694542,27.42636121707844
1114,-24.67024190694542,27.42636121707844
1114,-24.67024190694542,27.42636121707844
1114,-24.67024190694542,27.42636121707844
1115,-25.09527349142236,26.64021245767163
1115,-25.09527349142236,26.64021245767163
1115,-25.09527349142236,26.64021245767163
1115,-25.09527349142236,26.64021245767163
1115,-25.09527349142236,26.64021245767163
1115,-25.09527349142236,26.64021245767163
1115,-25.09527349142236,26.64021245767163
1116,-24.552910652917948,27.678607228721095
1116,-24.552910652917948,27.678607228721095
1116,-24.552910652917948,27.678607228721095
1116,-24.552910652917948,27.678607228721095
1116,-24.552910652917948,27.678607228721095
1116,-24.552910652917948,27.678607228721095
1116,-24.552910652917948,27.678607228721095
1117,-24.28313286497119,30.262667576815144
1117,-24.28313286497119,30.262667576815144
1117,-24.28313286497119,30.262667576815144
1117,-24.28313286497119,30.262667576815144
1117,-24.28313286497119,30.262667576815144
1117,-24.28313286497119,30.262667576815144
1117,-24.28313286497119,30.262667576815144
1118,-24.56535560157467,27.891820622488524
1118,-24.56535560157467,27.891820622488524
1118,-24.56535560157467,27.891820622488524
1118,-24.56535560157467,27.891820622488524
1118,-24.56535560157467,27.891820622488524
1118,-24.56535560157467,27.891820622488524
1118,-24.56535560157467,27.891820622488524
1119,-24.251490135148956,27.984942300737714
1119,-24.251490135148956,27.984942300737714
1119,-24.251490135148956,27.984942300737714
1119,-24.251490135148956,27.984942300737714
1119,-24.251490135148956,27.984942300737714
1119,-24.251490135148956,27.984942300737714
1119,-24.251490135148956,27.984942300737714
1120,-24.918528957905895,27.67544230848351
1120,-24.918528957905895,27.67544230848351
1120,-24.918528957905895,27.67544230848351
1120,-24.918528957905895,27.67544230848351
1120,-24.918528957905895,27.67544230848351
1120,-24.918528957905895,27.67544230848351
1120,-24.918528957905895,27.67544230848351
1121,-24.41539607736128,28.011636280073102
1121,-24.41539607736128,28.011636280073102
1121,-24.41539607736128,28.011636280073102
1121,-24.41539607736128,28.011636280073102
1121,-24.41539607736128,28.011636280073102
1121,-24.41539607736128,28.011636280073102
1121,-24.41539607736128,28.011636280073102
1122,-24.849374033152994,27.87978533928935
1122,-24.849374033152994,27.87978533928935
1122,-24.849374033152994,27.87978533928935
1122,-24.849374033152994,27.87978533928935
1122,-24.849374033152994,27.87978533928935
1122,-24.849374033152994,27.87978533928935
1122,-24.849374033152994,27.87978533928935
1123,-24.448857650136393,27.481602365298716
1123,-24.448857650136393,27.481602365298716
1123,-24.448857650136393,27.481602365298716
1123,-24.448857650136393,27.481602365298716
1123,-24.448857650136393,27.481602365298716
1123,-24.448857650136393,27.481602365298716
1123,-24.448857650136393,27.481602365298716
1124,-24.33246806983613,27.484922753687385
1124,-24.33246806983613,27.484922753687385
1124,-24.33246806983613,27.484922753687385
1124,-24.33246806983613,27.484922753687385
1124,-24.33246806983613,27.484922753687385
1124,-24.33246806983613,27.484922753687385
1124,-24.33246806983613,27.484922753687385
1125,-24.360801583115794,28.00635031875487
1125,-24.360801583115794,28.00635031875487
1125,-24.360801583115794,28.00635031875487
1125,-24.360801583115794,28.00635031875487
1125,-24.360801583115794,28.00635031875487
1125,-24.360801583115794,28.00635031875487
1125,-24.360801583115794,28.00635031875487
1126,-24.255856303749475,29.888687268160297
1126,-24.255856303749475,29.888687268160297
1126,-24.255856303749475,29.888687268160297
1126,-24.255856303749475,29.888687268160297
1126,-24.255856303749475,29.888687268160297
1126,-24.255856303749475,29.888687268160297
1126,-24.255856303749475,29.888687268160297
1127,-24.36156392191328,26.783196637629832
1127,-24.36156392191328,26.783196637629832
1127,-24.36156392191328,26.783196637629832
1127,-24.36156392191328,26.783196637629832
1127,-24.36156392191328,26.783196637629832
1127,-24.36156392191328,26.783196637629832
1127,-24.36156392191328,26.783196637629832
1128,-24.67114667449515,27.877174644766356
1128,-24.67114667449515,27.877174644766356
1128,-24.67114667449515,27.877174644766356
1128,-24.67114667449515,27.877174644766356
1128,-24.67114667449515,27.877174644766356
1128,-24.67114667449515,27.877174644766356
1128,-24.67114667449515,27.877174644766356
1129,-23.72370507018564,28.028794303898714
1129,-23.72370507018564,28.028794303898714
1129,-23.72370507018564,28.028794303898714
1129,-23.72370507018564,28.028794303898714
1129,-23.72370507018564,28.028794303898714
1129,-23.72370507018564,28.028794303898714
1129,-23.72370507018564,28.028794303898714
1130,-24.79064032516432,27.677474410610465
1130,-24.79064032516432,27.677474410610465
1130,-24.79064032516432,27.677474410610465
1130,-24.79064032516432,27.677474410610465
1130,-24.79064032516432,27.677474410610465
1130,-24.79064032516432,27.677474410610465
1130,-24.79064032516432,27.677474410610465
1131,-25.000531467145052,28.00390972620857
1131,-25.000531467145052,28.00390972620857
1131,-25.000531467145052,28.00390972620857
1131,-25.000531467145052,28.00390972620857
1131,-25.000531467145052,28.00390972620857
1131,-25.000531467145052,28.00390972620857
1131,-25.000531467145052,28.00390972620857
1132,-24.109997101769963,27.267359462732802
1132,-24.109997101769963,27.267359462732802
1132,-24.109997101769963,27.267359462732802
1132,-24.109997101769963,27.267359462732802
1132,-24.109997101769963,27.267359462732802
1132,-24.109997101769963,27.267359462732802
1132,-24.109997101769963,27.267359462732802
1133,-23.668605693259373,27.897289771000306
1133,-23.668605693259373,27.897289771000306
1133,-23.668605693259373,27.897289771000306
1133,-23.668605693259373,27.897289771000306
1133,-23.668605693259373,27.897289771000306
1133,-23.668605693259373,27.897289771000306
1133,-23.668605693259373,27.897289771000306
1134,-24.706443492410454,29.888676983214843
1134,-24.706443492410454,29.888676983214843
1134,-24.706443492410454,29.888676983214843
1134,-24.706443492410454,29.888676983214843
1134,-24.706443492410454,29.888676983214843
1134,-24.706443492410454,29.888676983214843
1134,-24.706443492410454,29.888676983214843
1135,-24.579478219109742,27.874495458828772
1135,-24.579478219109742,27.874495458828772
1135,-24.579478219109742,27.874495458828772
1135,-24.579478219109742,27.874495458828772
1135,-24.579478219109742,27.874495458828772
1135,-24.579478219109742,27.874495458828772
1135,-24.579478219109742,27.874495458828772
1136,-23.654338214417162,28.028794303898714
1136,-23.654338214417162,28.028794303898714
1136,-23.654338214417162,28.028794303898714
1136,-23.654338214417162,28.028794303898714
1136,-23.654338214417162,28.028794303898714
1136,-23.654338214417162,28.028794303898714
1136,-23.654338214417162,28.028794303898714
1137,-24.525359290541182,27.875572429122677
1137,-24.525359290541182,27.875572429122677
1137,-24.525359290541182,27.875572429122677
1137,-24.525359290541182,27.875572429122677
1137,-24.525359290541182,27.875572429122677
1137,-24.525359290541182,27.875572429122677
1137,-24.525359290541182,27.875572429122677
1138,-24.253089519919868,26.677964902629792
1138,-24.253089519919868,26.677964902629792
1138,-24.253089519919868,26.677964902629792
1138,-24.253089519919868,26.677964902629792
1138,-24.253089519919868,26.677964902629792
1138,-24.253089519919868,26.677964902629792
1138,-24.253089519919868,26.677964902629792
1139,-24.352312376090662,28.01119755076543
1139,-24.352312376090662,28.01119755076543
1139,-24.352312376090662,28.01119755076543
1139,-24.352312376090662,28.01119755076543
1139,-24.352312376090662,28.01119755076543
1139,-24.352312376090662,28.01119755076543
1139,-24.352312376090662,28.01119755076543
1140,-24.304073280486985,27.884141183311705
1140,-24.304073280486985,27.884141183311705
1140,-24.304073280486985,27.884141183311705
1140,-24.304073280486985,27.884141183311705
1140,-24.304073280486985,27.884141183311705
1140,-24.304073280486985,27.884141183311705
1140,-24.304073280486985,27.884141183311705
1141,-24.336762277294692,27.677474410610465
1141,-24.336762277294692,27.677474410610465
1141,-24.336762277294692,27.677474410610465
1141,-24.336762277294692,27.677474410610465
1141,-24.336762277294692,27.677474410610465
1141,-24.336762277294692,27.677474410610465
1141,-24.336762277294692,27.677474410610465
1142,-24.059462762125534,26.677750116183812
1142,-24.059462762125534,26.677750116183812
1142,-24.059462762125534,26.677750116183812
1142,-24.059462762125534,26.677750116183812
1142,-24.059462762125534,26.677750116183812
1142,-24.059462762125534,26.677750116183812
1142,-24.059462762125534,26.677750116183812
1143,-23.90055160955754,27.984871674156864
1143,-23.90055160955754,27.984871674156864
1143,-23.90055160955754,27.984871674156864
1143,-23.90055160955754,27.984871674156864
1143,-23.90055160955754,27.984871674156864
1143,-23.90055160955754,27.984871674156864
1143,-23.90055160955754,27.984871674156864
1144,-24.479948557058815,26.6662184377667
1144,-24.479948557058815,26.6662184377667
1144,-24.479948557058815,26.6662184377667
1144,-24.479948557058815,26.6662184377667
1144,-24.479948557058815,26.6662184377667
1144,-24.479948557058815,26.6662184377667
1144,-24.479948557058815,26.6662184377667
1145,-24.32093905198108,27.297474190058995
1145,-24.32093905198108,27.297474190058995
1145,-24.32093905198108,27.297474190058995
1145,-24.32093905198108,27.297474190058995
1145,-24.32093905198108,27.297474190058995
1145,-24.32093905198108,27.297474190058995
1145,-24.32093905198108,27.297474190058995
1146,-24.3615605597914,27.8982312007125
1146,-24.3615605597914,27.8982312007125
1146,-24.3615605597914,27.8982312007125
1146,-24.3615605597914,27.8982312007125
1146,-24.3615605597914,27.8982312007125
1146,-24.3615605597914,27.8982312007125
1146,-24.3615605597914,27.8982312007125
1147,-24.521175248110545,27.918740759463045
1147,-24.521175248110545,27.918740759463045
1147,-24.521175248110545,27.918740759463045
1147,-24.521175248110545,27.918740759463045
1147,-24.521175248110545,27.918740759463045
1147,-24.521175248110545,27.918740759463045
1147,-24.521175248110545,27.918740759463045
1148,-24.69828280497745,27.89875286864854
1148,-24.69828280497745,27.89875286864854
1148,-24.69828280497745,27.89875286864854
1148,-24.69828280497745,27.89875286864854
1148,-24.69828280497745,27.89875286864854
1148,-24.69828280497745,27.89875286864854
1148,-24.69828280497745,27.89875286864854
1149,-24.61614268172871,26.647267342132363
1149,-24.61614268172871,26.647267342132363
1149,-24.61614268172871,26.647267342132363
1149,-24.61614268172871,26.647267342132363
1149,-24.61614268172871,26.647267342132363
1149,-24.61614268172871,26.647267342132363
1149,-24.61614268172871,26.647267342132363
1150,-24.425462202191557,27.99945220684347
1150,-24.425462202191557,27.99945220684347
1150,-24.425462202191557,27.99945220684347
1150,-24.425462202191557,27.99945220684347
1150,-24.425462202191557,27.99945220684347
1150,-24.425462202191557,27.99945220684347
1150,-24.425462202191557,27.99945220684347
1151,-24.329192301367794,27.166801353536513
1151,-24.329192301367794,27.166801353536513
1151,-24.329192301367794,27.166801353536513
1151,-24.329192301367794,27.166801353536513
1151,-24.329192301367794,27.166801353536513
1151,-24.329192301367794,27.166801353536513
1151,-24.329192301367794,27.166801353536513
1152,-24.97512318770495,28.01090186160109
1152,-24.97512318770495,28.01090186160109
1152,-24.97512318770495,28.01090186160109
1152,-24.97512318770495,28.01090186160109
1152,-24.97512318770495,28.01090186160109
1152,-24.97512318770495,28.01090186160109
1152,-24.97512318770495,28.01090186160109
1153,-24.104343201064044,29.888676983214843
1153,-24.104343201064044,29.888676983214843
1153,-24.104343201064044,29.888676983214843
1153,-24.104343201064044,29.888676983214843
1153,-24.104343201064044,29.888676983214843
1153,-24.104343201064044,29.888676983214843
1153,-24.104343201064044,29.888676983214843
1154,-24.503226991597344,27.8982312007125
1154,-24.503226991597344,27.8982312007125
1154,-24.503226991597344,27.8982312007125
1154,-24.503226991597344,27.8982312007125
1154,-24.503226991597344,27.8982312007125
1154,-24.503226991597344,27.8982312007125
1154,-24.503226991597344,27.8982312007125
1155,-23.561425365300956,27.67745963184634
1155,-23.561425365300956,27.67745963184634
1155,-23.561425365300956,27.67745963184634
1155,-23.561425365300956,27.67745963184634
1155,-23.561425365300956,27.67745963184634
1155,-23.561425365300956,27.67745963184634
1155,-23.561425365300956,27.67745963184634
1156,-23.025611553285668,27.87846640150624
1156,-23.025611553285668,27.87846640150624
1156,-23.025611553285668,27.87846640150624
1156,-23.025611553285668,27.87846640150624
1156,-23.025611553285668,27.87846640150624
1156,-23.025611553285668,27.87846640150624
1156,-23.025611553285668,27.87846640150624
1157,-23.93741213766566,27.874510237592897
1157,-23.93741213766566,27.874510237592897
1157,-23.93741213766566,27.874510237592897
1157,-23.93741213766566,27.874510237592897
1157,-23.93741213766566,27.874510237592897
1157,-23.93741213766566,27.874510237592897
1157,-23.93741213766566,27.874510237592897
1158,-24.059663826456003,29.584303796446243
1158,-24.059663826456003,29.584303796446243
1158,-24.059663826456003,29.584303796446243
1158,-24.059663826456003,29.584303796446243
1158,-24.059663826456003,29.584303796446243
1158,-24.059663826456003,29.584303796446243
1158,-24.059663826456003,29.584303796446243
1159,-24.18471468129883,27.87832224164111
1159,-24.18471468129883,27.87832224164111
1159,-24.18471468129883,27.87832224164111
1159,-24.18471468129883,27.87832224164111
1159,-24.18471468129883,27.87832224164111
1159,-24.18471468129883,27.87832224164111
1159,-24.18471468129883,27.87832224164111
1160,-24.089019233361288,27.26405038263009
1160,-24.089019233361288,27.26405038263009
1160,-24.089019233361288,27.26405038263009
1160,-24.089019233361288,27.26405038263009
1160,-24.089019233361288,27.26405038263009
1160,-24.089019233361288,27.26405038263009
1160,-24.089019233361288,27.26405038263009
1161,-23.863317605008618,29.146552503597963
1161,-23.863317605008618,29.146552503597963
1161,-23.863317605008618,29.146552503597963
1161,-23.863317605008618,29.146552503597963
1161,-23.863317605008618,29.146552503597963
1161,-23.863317605008618,29.146552503597963
1161,-23.863317605008618,29.146552503597963
1162,-24.026169734433488,27.503746123181447
1162,-24.026169734433488,27.503746123181447
1162,-24.026169734433488,27.503746123181447
1162,-24.026169734433488,27.503746123181447
1162,-24.026169734433488,27.503746123181447
1162,-24.026169734433488,27.503746123181447
1162,-24.026169734433488,27.503746123181447
1163,-24.055834861500106,30.282797259594165
1163,-24.055834861500106,30.282797259594165
1163,-24.055834861500106,30.282797259594165
1163,-24.055834861500106,30.282797259594165
1163,-24.055834861500106,30.282797259594165
1163,-24.055834861500106,30.282797259594165
1163,-24.055834861500106,30.282797259594165
1164,-24.22904339017303,28.00464424856892
1164,-24.22904339017303,28.00464424856892
1164,-24.22904339017303,28.00464424856892
1164,-24.22904339017303,28.00464424856892
1164,-24.22904339017303,28.00464424856892
1164,-24.22904339017303,28.00464424856892
1164,-24.22904339017303,28.00464424856892
1165,-23.92618966842047,28.025173584360594
1165,-23.92618966842047,28.025173584360594
1165,-23.92618966842047,28.025173584360594
1165,-23.92618966842047,28.025173584360594
1165,-23.92618966842047,28.025173584360594
1165,-23.92618966842047,28.025173584360594
1165,-23.92618966842047,28.025173584360594
1166,-24.454197731959827,29.911075578669934
1166,-24.454197731959827,29.911075578669934
1166,-24.454197731959827,29.911075578669934
1166,-24.454197731959827,29.911075578669934
1166,-24.454197731959827,29.911075578669934
1166,-24.454197731959827,29.911075578669934
1166,-24.454197731959827,29.911075578669934
1167,-24.6681666315904,27.29429534829497
1167,-24.6681666315904,27.29429534829497
1167,-24.6681666315904,27.29429534829497
1167,-24.6681666315904,27.29429534829497
1167,-24.6681666315904,27.29429534829497
1167,-24.6681666315904,27.29429534829497
1167,-24.6681666315904,27.29429534829497
1168,-25.150486478874488,27.87832224164111
1168,-25.150486478874488,27.87832224164111
1168,-25.150486478874488,27.87832224164111
1168,-25.150486478874488,27.87832224164111
1168,-25.150486478874488,27.87832224164111
1168,-25.150486478874488,27.87832224164111
1168,-25.150486478874488,27.87832224164111
1169,-24.683712843332952,27.875643055703527
1169,-24.683712843332952,27.875643055703527
1169,-24.683712843332952,27.875643055703527
1169,-24.683712843332952,27.875643055703527
1169,-24.683712843332952,27.875643055703527
1169,-24.683712843332952,27.875643055703527
1169,-24.683712843332952,27.875643055703527
1170,-24.151377419756205,26.96423717685427
1170,-24.151377419756205,26.96423717685427
1170,-24.151377419756205,26.96423717685427
1170,-24.151377419756205,26.96423717685427
1170,-24.151377419756205,26.96423717685427
1170,-24.151377419756205,26.96423717685427
1170,-24.151377419756205,26.96423717685427
1171,-24.683660507648536,27.471477085165855
1171,-24.683660507648536,27.471477085165855
1171,-24.683660507648536,27.471477085165855
1171,-24.683660507648536,27.471477085165855
1171,-24.683660507648536,27.471477085165855
1171,-24.683660507648536,27.471477085165855
1171,-24.683660507648536,27.471477085165855
1172,-24.63152714100564,27.701195373730073
1172,-24.63152714100564,27.701195373730073
1172,-24.63152714100564,27.701195373730073
1172,-24.63152714100564,27.701195373730073
1172,-24.63152714100564,27.701195373730073
1172,-24.63152714100564,27.701195373730073
1172,-24.63152714100564,27.701195373730073
1173,-24.387065389420627,27.894610585062722
1173,-24.387065389420627,27.894610585062722
1173,-24.387065389420627,27.894610585062722
1173,-24.387065389420627,27.894610585062722
1173,-24.387065389420627,27.894610585062722
1173,-24.387065389420627,27.894610585062722
1173,-24.387065389420627,27.894610585062722
1174,-24.132675123915497,27.87825161506026
1174,-24.132675123915497,27.87825161506026
1174,-24.132675123915497,27.87825161506026
1174,-24.132675123915497,27.87825161506026
1174,-24.132675123915497,27.87825161506026
1174,-24.132675123915497,27.87825161506026
1174,-24.132675123915497,27.87825161506026
1175,-23.12421649989717,27.08410976430008
1175,-23.12421649989717,27.08410976430008
1175,-23.12421649989717,27.08410976430008
1175,-23.12421649989717,27.08410976430008
1175,-23.12421649989717,27.08410976430008
1175,-23.12421649989717,27.08410976430008
1175,-23.12421649989717,27.08410976430008
1176,-24.312161960076065,27.91819586767121
1176,-24.312161960076065,27.91819586767121
1176,-24.312161960076065,27.91819586767121
1176,-24.312161960076065,27.91819586767121
1176,-24.312161960076065,27.91819586767121
1176,-24.312161960076065,27.91819586767121
1176,-24.312161960076065,27.91819586767121
1177,-24.154271420819992,27.077176841242032
1177,-24.154271420819992,27.077176841242032
1177,-24.154271420819992,27.077176841242032
1177,-24.154271420819992,27.077176841242032
1177,-24.154271420819992,27.077176841242032
1177,-24.154271420819992,27.077176841242032
1177,-24.154271420819992,27.077176841242032
1178,-23.310091237579417,27.8982312007125
1178,-23.310091237579417,27.8982312007125
1178,-23.310091237579417,27.8982312007125
1178,-23.310091237579417,27.8982312007125
1178,-23.310091237579417,27.8982312007125
1178,-23.310091237579417,27.8982312007125
1178,-23.310091237579417,27.8982312007125
1179,-24.659870361483637,27.874495458828772
1179,-24.659870361483637,27.874495458828772
1179,-24.659870361483637,27.874495458828772
1179,-24.659870361483637,27.874495458828772
1179,-24.659870361483637,27.874495458828772
1179,-24.659870361483637,27.874495458828772
1179,-24.659870361483637,27.874495458828772
1180,-24.444349823148453,28.025173688248934
1180,-24.444349823148453,28.025173688248934
1180,-24.444349823148453,28.025173688248934
1180,-24.444349823148453,28.025173688248934
1180,-24.444349823148453,28.025173688248934
1180,-24.444349823148453,28.025173688248934
1180,-24.444349823148453,28.025173688248934
1181,-24.579979409179455,26.636893158922703
1181,-24.579979409179455,26.636893158922703
1181,-24.579979409179455,26.636893158922703
1181,-24.579979409179455,26.636893158922703
1181,-24.579979409179455,26.636893158922703
1181,-24.579979409179455,26.636893158922703
1181,-24.579979409179455,26.636893158922703
1182,-24.287452977277244,27.894610585062722
1182,-24.287452977277244,27.894610585062722
1182,-24.287452977277244,27.894610585062722
1182,-24.287452977277244,27.894610585062722
1182,-24.287452977277244,27.894610585062722
1182,-24.287452977277244,27.894610585062722
1182,-24.287452977277244,27.894610585062722
1183,-24.141798358992816,27.985086460602844
1183,-24.141798358992816,27.985086460602844
1183,-24.141798358992816,27.985086460602844
1183,-24.141798358992816,27.985086460602844
1183,-24.141798358992816,27.985086460602844
1183,-24.141798358992816,27.985086460602844
1183,-24.141798358992816,27.985086460602844
1184,-24.79151442573885,26.648978126241957
1184,-24.79151442573885,26.648978126241957
1184,-24.79151442573885,26.648978126241957
1184,-24.79151442573885,26.648978126241957
1184,-24.79151442573885,26.648978126241957
1184,-24.79151442573885,26.648978126241957
1184,-24.79151442573885,26.648978126241957
1185,-24.604715775781255,27.89875286864854
1185,-24.604715775781255,27.89875286864854
1185,-24.604715775781255,27.89875286864854
1185,-24.604715775781255,27.89875286864854
1185,-24.604715775781255,27.89875286864854
1185,-24.604715775781255,27.89875286864854
1185,-24.604715775781255,27.89875286864854
1186,-24.874699226446975,26.779887557527115
1186,-24.874699226446975,26.779887557527115
1186,-24.874699226446975,26.779887557527115
1186,-24.874699226446975,26.779887557527115
1186,-24.874699226446975,26.779887557527115
1186,-24.874699226446975,26.779887557527115
1186,-24.874699226446975,26.779887557527115
1187,-24.216579249774796,27.69757475808029
1187,-24.216579249774796,27.69757475808029
1187,-24.216579249774796,27.69757475808029
1187,-24.216579249774796,27.69757475808029
1187,-24.216579249774796,27.69757475808029
1187,-24.216579249774796,27.69757475808029
1187,-24.216579249774796,27.69757475808029
1188,-24.5181126361519,28.05616243159755
1188,-24.5181126361519,28.05616243159755
1188,-24.5181126361519,28.05616243159755
1188,-24.5181126361519,28.05616243159755
1188,-24.5181126361519,28.05616243159755
1188,-24.5181126361519,28.05616243159755
1188,-24.5181126361519,28.05616243159755
1189,-23.715116192399396,27.316441719418187
1189,-23.715116192399396,27.316441719418187
1189,-23.715116192399396,27.316441719418187
1189,-23.715116192399396,27.316441719418187
1189,-23.715116192399396,27.316441719418187
1189,-23.715116192399396,27.316441719418187
1189,-23.715116192399396,27.316441719418187
1190,-24.01952890394835,27.084082701815863
1190,-24.01952890394835,27.084082701815863
1190,-24.01952890394835,27.084082701815863
1190,-24.01952890394835,27.084082701815863
1190,-24.01952890394835,27.084082701815863
1190,-24.01952890394835,27.084082701815863
1190,-24.01952890394835,27.084082701815863
1191,-24.375781350064845,27.402930862069027
1191,-24.375781350064845,27.402930862069027
1191,-24.375781350064845,27.402930862069027
1191,-24.375781350064845,27.402930862069027
1191,-24.375781350064845,27.402930862069027
1191,-24.375781350064845,27.402930862069027
1191,-24.375781350064845,27.402930862069027
1192,-24.4443290472521,27.87992949915448
1192,-24.4443290472521,27.87992949915448
1192,-24.4443290472521,27.87992949915448
1192,-24.4443290472521,27.87992949915448
1192,-24.4443290472521,27.87992949915448
1192,-24.4443290472521,27.87992949915448
1192,-24.4443290472521,27.87992949915448
1193,-24.285141970305926,27.37752764637632
1193,-24.285141970305926,27.37752764637632
1193,-24.285141970305926,27.37752764637632
1193,-24.285141970305926,27.37752764637632
1193,-24.285141970305926,27.37752764637632
1193,-24.285141970305926,27.37752764637632
1193,-24.285141970305926,27.37752764637632
1194,-24.119147607263802,29.89230788381008
1194,-24.119147607263802,29.89230788381008
1194,-24.119147607263802,29.89230788381008
1194,-24.119147607263802,29.89230788381008
1194,-24.119147607263802,29.89230788381008
1194,-24.119147607263802,29.89230788381008
1194,-24.119147607263802,29.89230788381008
1195,-24.215586427523007,27.87992949915448
1195,-24.215586427523007,27.87992949915448
1195,-24.215586427523007,27.87992949915448
1195,-24.215586427523007,27.87992949915448
1195,-24.215586427523007,27.87992949915448
1195,-24.215586427523007,27.87992949915448
1195,-24.215586427523007,27.87992949915448
1196,-23.956954341968743,27.191470150757212
1196,-23.956954341968743,27.191470150757212
1196,-23.956954341968743,27.191470150757212
1196,-23.956954341968743,27.191470150757212
1196,-23.956954341968743,27.191470150757212
1196,-23.956954341968743,27.191470150757212
1196,-23.956954341968743,27.191470150757212
1197,-24.067721885606964,27.87978533928935
1197,-24.067721885606964,27.87978533928935
1197,-24.067721885606964,27.87978533928935
1197,-24.067721885606964,27.87978533928935
1197,-24.067721885606964,27.87978533928935
1197,-24.067721885606964,27.87978533928935
1197,-24.067721885606964,27.87978533928935
1198,-23.703935606827514,27.874495458828772
1198,-23.703935606827514,27.874495458828772
1198,-23.703935606827514,27.874495458828772
1198,-23.703935606827514,27.874495458828772
1198,-23.703935606827514,27.874495458828772
1198,-23.703935606827514,27.874495458828772
1198,-23.703935606827514,27.874495458828772
1199,-24.7042236657389,27.985086460602844
1199,-24.7042236657389,27.985086460602844
1199,-24.7042236657389,27.985086460602844
1199,-24.7042236657389,27.985086460602844
1199,-24.7042236657389,27.985086460602844
1199,-24.7042236657389,27.985086460602844
1199,-24.7042236657389,27.985086460602844
1200,-24.983049440445207,28.01452247725087
1200,-24.983049440445207,28.01452247725087
1200,-24.983049440445207,28.01452247725087
1200,-24.983049440445207,28.01452247725087
1200,-24.983049440445207,28.01452247725087
1200,-24.983049440445207,28.01452247725087
1200,-24.983049440445207,28.01452247725087
1201,-24.04844572587813,27.88821958401071
1201,-24.04844572587813,27.88821958401071
1201,-24.04844572587813,27.88821958401071
1201,-24.04844572587813,27.88821958401071
1201,-24.04844572587813,27.88821958401071
1201,-24.04844572587813,27.88821958401071
1201,-24.04844572587813,27.88821958401071
1202,-24.01883121100402,27.875643055703527
1202,-24.01883121100402,27.875643055703527
1202,-24.01883121100402,27.875643055703527
1202,-24.01883121100402,27.875643055703527
1202,-24.01883121100402,27.875643055703527
1202,-24.01883121100402,27.875643055703527
1202,-24.01883121100402,27.875643055703527
1203,-22.59167156692563,26.642313967348276
1203,-22.59167156692563,26.642313967348276
1203,-22.59167156692563,26.642313967348276
1203,-22.59167156692563,26.642313967348276
1203,-22.59167156692563,26.642313967348276
1203,-22.59167156692563,26.642313967348276
1203,-22.59167156692563,26.642313967348276
1204,-23.63490869598464,27.874510237592897
1204,-23.63490869598464,27.874510237592897
1204,-23.63490869598464,27.874510237592897
1204,-23.63490869598464,27.874510237592897
1204,-23.63490869598464,27.874510237592897
1204,-23.63490869598464,27.874510237592897
1204,-23.63490869598464,27.874510237592897
1205,-25.304661446095537,27.89875286864854
1205,-25.304661446095537,27.89875286864854
1205,-25.304661446095537,27.89875286864854
1205,-25.304661446095537,27.89875286864854
1205,-25.304661446095537,27.89875286864854
1205,-25.304661446095537,27.89875286864854
1205,-25.304661446095537,27.89875286864854
1206,-24.271565261937084,28.00464424856892
1206,-24.271565261937084,28.00464424856892
1206,-24.271565261937084,28.00464424856892
1206,-24.271565261937084,28.00464424856892
1206,-24.271565261937084,28.00464424856892
1206,-24.271565261937084,28.00464424856892
1206,-24.271565261937084,28.00464424856892
1207,-23.787184681885822,27.875643055703527
1207,-23.787184681885822,27.875643055703527
1207,-23.787184681885822,27.875643055703527
1207,-23.787184681885822,27.875643055703527
1207,-23.787184681885822,27.875643055703527
1207,-23.787184681885822,27.875643055703527
1207,-23.787184681885822,27.875643055703527
1208,-24.04980587214397,26.882807284998762
1208,-24.04980587214397,26.882807284998762
1208,-24.04980587214397,26.882807284998762
1208,-24.04980587214397,26.882807284998762
1208,-24.04980587214397,26.882807284998762
1208,-24.04980587214397,26.882807284998762
1208,-24.04980587214397,26.882807284998762
1209,-24.114515935189726,26.643879880017657
1209,-24.114515935189726,26.643879880017657
1209,-24.114515935189726,26.643879880017657
1209,-24.114515935189726,26.643879880017657
1209,-24.114515935189726,26.643879880017657
1209,-24.114515935189726,26.643879880017657
1209,-24.114515935189726,26.643879880017657
1210,-24.039804536391152,27.902373484298323
1210,-24.039804536391152,27.902373484298323
1210,-24.039804536391152,27.902373484298323
1210,-24.039804536391152,27.902373484298323
1210,-24.039804536391152,27.902373484298323
1210,-24.039804536391152,27.902373484298323
1210,-24.039804536391152,27.902373484298323
1211,-24.516735499203605,28.00753044574669
1211,-24.516735499203605,28.00753044574669
1211,-24.516735499203605,28.00753044574669
1211,-24.516735499203605,28.00753044574669
1211,-24.516735499203605,28.00753044574669
1211,-24.516735499203605,28.00753044574669
1211,-24.516735499203605,28.00753044574669
1212,-24.588509138342232,27.696196526962897
1212,-24.588509138342232,27.696196526962897
1212,-24.588509138342232,27.696196526962897
1212,-24.588509138342232,27.696196526962897
1212,-24.588509138342232,27.696196526962897
1212,-24.588509138342232,27.696196526962897
1212,-24.588509138342232,27.696196526962897
1213,-24.064342581469244,27.985086460602844
1213,-24.064342581469244,27.985086460602844
1213,-24.064342581469244,27.985086460602844
1213,-24.064342581469244,27.985086460602844
1213,-24.064342581469244,27.985086460602844
1213,-24.064342581469244,27.985086460602844
1213,-24.064342581469244,27.985086460602844
1214,-23.785846527607852,28.01452247725087
1214,-23.785846527607852,28.01452247725087
1214,-23.785846527607852,28.01452247725087
1214,-23.785846527607852,28.01452247725087
1214,-23.785846527607852,28.01452247725087
1214,-23.785846527607852,28.01452247725087
1214,-23.785846527607852,28.01452247725087
1215,-23.989383148824164,27.984942300737714
1215,-23.989383148824164,27.984942300737714
1215,-23.989383148824164,27.984942300737714
1215,-23.989383148824164,27.984942300737714
1215,-23.989383148824164,27.984942300737714
1215,-23.989383148824164,27.984942300737714
1215,-23.989383148824164,27.984942300737714
1216,-25.207227386443133,28.01090175771275
1216,-25.207227386443133,28.01090175771275
1216,-25.207227386443133,28.01090175771275
1216,-25.207227386443133,28.01090175771275
1216,-25.207227386443133,28.01090175771275
1216,-25.207227386443133,28.01090175771275
1216,-25.207227386443133,28.01090175771275
1217,-23.510705908114463,27.701195373730073
1217,-23.510705908114463,27.701195373730073
1217,-23.510705908114463,27.701195373730073
1217,-23.510705908114463,27.701195373730073
1217,-23.510705908114463,27.701195373730073
1217,-23.510705908114463,27.701195373730073
1217,-23.510705908114463,27.701195373730073
1218,-24.618460236261807,27.67763186827697
1218,-24.618460236261807,27.67763186827697
1218,-24.618460236261807,27.67763186827697
1218,-24.618460236261807,27.67763186827697
1218,-24.618460236261807,27.67763186827697
1218,-24.618460236261807,27.67763186827697
1218,-24.618460236261807,27.67763186827697
1219,-25.074440931470622,28.00753044574669
1219,-25.074440931470622,28.00753044574669
1219,-25.074440931470622,28.00753044574669
1219,-25.074440931470622,28.00753044574669
1219,-25.074440931470622,28.00753044574669
1219,-25.074440931470622,28.00753044574669
1219,-25.074440931470622,28.00753044574669
1220,-24.604206622542527,26.991481690313453
1220,-24.604206622542527,26.991481690313453
1220,-24.604206622542527,26.991481690313453
1220,-24.604206622542527,26.991481690313453
1220,-24.604206622542527,26.991481690313453
1220,-24.604206622542527,26.991481690313453
1220,-24.604206622542527,26.991481690313453
1221,-24.726977591024067,27.4895007056613
1221,-24.726977591024067,27.4895007056613
1221,-24.726977591024067,27.4895007056613
1221,-24.726977591024067,27.4895007056613
1221,-24.726977591024067,27.4895007056613
1221,-24.726977591024067,27.4895007056613
1221,-24.726977591024067,27.4895007056613
1222,-24.15022013555658,28.025173688248934
1222,-24.15022013555658,28.025173688248934
1222,-24.15022013555658,28.025173688248934
1222,-24.15022013555658,28.025173688248934
1222,-24.15022013555658,28.025173688248934
1222,-24.15022013555658,28.025173688248934
1222,-24.15022013555658,28.025173688248934
1223,-23.597352649854994,27.449330714042635
1223,-23.597352649854994,27.449330714042635
1223,-23.597352649854994,27.449330714042635
1223,-23.597352649854994,27.449330714042635
1223,-23.597352649854994,27.449330714042635
1223,-23.597352649854994,27.449330714042635
1223,-23.597352649854994,27.449330714042635
1224,-24.14709351305135,29.89230788381008
1224,-24.14709351305135,29.89230788381008
1224,-24.14709351305135,29.89230788381008
1224,-24.14709351305135,29.89230788381008
1224,-24.14709351305135,29.89230788381008
1224,-24.14709351305135,29.89230788381008
1224,-24.14709351305135,29.89230788381008
1225,-24.464624974850246,28.00753044574669
1225,-24.464624974850246,28.00753044574669
1225,-24.464624974850246,28.00753044574669
1225,-24.464624974850246,28.00753044574669
1225,-24.464624974850246,28.00753044574669
1225,-24.464624974850246,28.00753044574669
1225,-24.464624974850246,28.00753044574669
1226,-24.403409966702366,28.025173584360594
1226,-24.403409966702366,28.025173584360594
1226,-24.403409966702366,28.025173584360594
1226,-24.403409966702366,28.025173584360594
1226,-24.403409966702366,28.025173584360594
1226,-24.403409966702366,28.025173584360594
1226,-24.403409966702366,28.025173584360594
1227,-24.27300597021558,27.67406407736612
1227,-24.27300597021558,27.67406407736612
1227,-24.27300597021558,27.67406407736612
1227,-24.27300597021558,27.67406407736612
1227,-24.27300597021558,27.67406407736612
1227,-24.27300597021558,27.67406407736612
1227,-24.27300597021558,27.67406407736612
1228,-23.76816677587083,27.084124543064206
1228,-23.76816677587083,27.084124543064206
1228,-23.76816677587083,27.084124543064206
1228,-23.76816677587083,27.084124543064206
1228,-23.76816677587083,27.084124543064206
1228,-23.76816677587083,27.084124543064206
1228,-23.76816677587083,27.084124543064206
1229,-24.495742427182243,27.67743256936212
1229,-24.495742427182243,27.67743256936212
1229,-24.495742427182243,27.67743256936212
1229,-24.495742427182243,27.67743256936212
1229,-24.495742427182243,27.67743256936212
1229,-24.495742427182243,27.67743256936212
1229,-24.495742427182243,27.67743256936212
1230,-24.53085243925355,28.01090186160109
1230,-24.53085243925355,28.01090186160109
1230,-24.53085243925355,28.01090186160109
1230,-24.53085243925355,28.01090186160109
1230,-24.53085243925355,28.01090186160109
1230,-24.53085243925355,28.01090186160109
1230,-24.53085243925355,28.01090186160109
1231,-24.48217159441331,29.89230788381008
1231,-24.48217159441331,29.89230788381008
1231,-24.48217159441331,29.89230788381008
1231,-24.48217159441331,29.89230788381008
1231,-24.48217159441331,29.89230788381008
1231,-24.48217159441331,29.89230788381008
1231,-24.48217159441331,29.89230788381008
1232,-24.598674295273135,27.875787215568657
1232,-24.598674295273135,27.875787215568657
1232,-24.598674295273135,27.875787215568657
1232,-24.598674295273135,27.875787215568657
1232,-24.598674295273135,27.875787215568657
1232,-24.598674295273135,27.875787215568657
1232,-24.598674295273135,27.875787215568657
1233,-24.84619721270706,27.992078492107026
1233,-24.84619721270706,27.992078492107026
1233,-24.84619721270706,27.992078492107026
1233,-24.84619721270706,27.992078492107026
1233,-24.84619721270706,27.992078492107026
1233,-24.84619721270706,27.992078492107026
1233,-24.84619721270706,27.992078492107026
1234,-24.805957907965563,27.87978533928935
1234,-24.805957907965563,27.87978533928935
1234,-24.805957907965563,27.87978533928935
1234,-24.805957907965563,27.87978533928935
1234,-24.805957907965563,27.87978533928935
1234,-24.805957907965563,27.87978533928935
1234,-24.805957907965563,27.87978533928935
1235,-24.34393018198307,27.08410976430008
1235,-24.34393018198307,27.08410976430008
1235,-24.34393018198307,27.08410976430008
1235,-24.34393018198307,27.08410976430008
1235,-24.34393018198307,27.08410976430008
1235,-24.34393018198307,27.08410976430008
1235,-24.34393018198307,27.08410976430008
1236,-24.634155712380625,27.42636121707844
1236,-24.634155712380625,27.42636121707844
1236,-24.634155712380625,27.42636121707844
1236,-24.634155712380625,27.42636121707844
1236,-24.634155712380625,27.42636121707844
1236,-24.634155712380625,27.42636121707844
1236,-24.634155712380625,27.42636121707844
1237,-24.46125082852062,27.67741708183099
1237,-24.46125082852062,27.67741708183099
1237,-24.46125082852062,27.67741708183099
1237,-24.46125082852062,27.67741708183099
1237,-24.46125082852062,27.67741708183099
1237,-24.46125082852062,27.67741708183099
1237,-24.46125082852062,27.67741708183099
1238,-23.7340837337117,27.169337701160433
1238,-23.7340837337117,27.169337701160433
1238,-23.7340837337117,27.169337701160433
1238,-23.7340837337117,27.169337701160433
1238,-23.7340837337117,27.169337701160433
1238,-23.7340837337117,27.169337701160433
1238,-23.7340837337117,27.169337701160433
1239,-24.730195280362008,28.00753044574669
1239,-24.730195280362008,28.00753044574669
1239,-24.730195280362008,28.00753044574669
1239,-24.730195280362008,28.00753044574669
1239,-24.730195280362008,28.00753044574669
1239,-24.730195280362008,28.00753044574669
1239,-24.730195280362008,28.00753044574669
1240,-24.04802490700562,27.383158287656972
1240,-24.04802490700562,27.383158287656972
1240,-24.04802490700562,27.383158287656972
1240,-24.04802490700562,27.383158287656972
1240,-24.04802490700562,27.383158287656972
1240,-24.04802490700562,27.383158287656972
1240,-24.04802490700562,27.383158287656972
1241,-25.206724495801545,28.028794303898714
1241,-25.206724495801545,28.028794303898714
1241,-25.206724495801545,28.028794303898714
1241,-25.206724495801545,28.028794303898714
1241,-25.206724495801545,28.028794303898714
1241,-25.206724495801545,28.028794303898714
1241,-25.206724495801545,28.028794303898714
1242,-24.217500662236912,27.89875286864854
1242,-24.217500662236912,27.89875286864854
1242,-24.217500662236912,27.89875286864854
1242,-24.217500662236912,27.89875286864854
1242,-24.217500662236912,27.89875286864854
1242,-24.217500662236912,27.89875286864854
1242,-24.217500662236912,27.89875286864854
1243,-24.701425050013903,27.696196526962897
1243,-24.701425050013903,27.696196526962897
1243,-24.701425050013903,27.696196526962897
1243,-24.701425050013903,27.696196526962897
1243,-24.701425050013903,27.696196526962897
1243,-24.701425050013903,27.696196526962897
1243,-24.701425050013903,27.696196526962897
1244,-24.2776225873926,27.984942300737714
1244,-24.2776225873926,27.984942300737714
1244,-24.2776225873926,27.984942300737714
1244,-24.2776225873926,27.984942300737714
1244,-24.2776225873926,27.984942300737714
1244,-24.2776225873926,27.984942300737714
1244,-24.2776225873926,27.984942300737714
1245,-24.793951018118896,27.8982312007125
1245,-24.793951018118896,27.8982312007125
1245,-24.793951018118896,27.8982312007125
1245,-24.793951018118896,27.8982312007125
1245,-24.793951018118896,27.8982312007125
1245,-24.793951018118896,27.8982312007125
1245,-24.793951018118896,27.8982312007125
1246,-24.872069857926558,27.172502621398017
1246,-24.872069857926558,27.172502621398017
1246,-24.872069857926558,27.172502621398017
1246,-24.872069857926558,27.172502621398017
1246,-24.872069857926558,27.172502621398017
1246,-24.872069857926558,27.172502621398017
1246,-24.872069857926558,27.172502621398017
1247,-24.39330819385823,28.00390983009691
1247,-24.39330819385823,28.00390983009691
1247,-24.39330819385823,28.00390983009691
1247,-24.39330819385823,28.00390983009691
1247,-24.39330819385823,28.00390983009691
1247,-24.39330819385823,28.00390983009691
1247,-24.39330819385823,28.00390983009691
1248,-23.917320886328163,29.922483734492396
1248,-23.917320886328163,29.922483734492396
1248,-23.917320886328163,29.922483734492396
1248,-23.917320886328163,29.922483734492396
1248,-23.917320886328163,29.922483734492396
1248,-23.917320886328163,29.922483734492396
1248,-23.917320886328163,29.922483734492396
1249,-24.140256080468806,27.897289771000306
1249,-24.140256080468806,27.897289771000306
1249,-24.140256080468806,27.897289771000306
1249,-24.140256080468806,27.897289771000306
1249,-24.140256080468806,27.897289771000306
1249,-24.140256080468806,27.897289771000306
1249,-24.140256080468806,27.897289771000306
1250,-23.90718199532539,27.427438187372346
1250,-23.90718199532539,27.427438187372346
1250,-23.90718199532539,27.427438187372346
1250,-23.90718199532539,27.427438187372346
1250,-23.90718199532539,27.427438187372346
1250,-23.90718199532539,27.427438187372346
1250,-23.90718199532539,27.427438187372346
1251,-24.314339960495364,27.87825161506026
1251,-24.314339960495364,27.87825161506026
1251,-24.314339960495364,27.87825161506026
1251,-24.314339960495364,27.87825161506026
1251,-24.314339960495364,27.87825161506026
1251,-24.314339960495364,27.87825161506026
1251,-24.314339960495364,27.87825161506026
1252,-23.83669668987609,27.902373484298323
1252,-23.83669668987609,27.902373484298323
1252,-23.83669668987609,27.902373484298323
1252,-23.83669668987609,27.902373484298323
1252,-23.83669668987609,27.902373484298323
1252,-23.83669668987609,27.902373484298323
1252,-23.83669668987609,27.902373484298323
1253,-24.170837968983093,29.89230788381008
1253,-24.170837968983093,29.89230788381008
1253,-24.170837968983093,29.89230788381008
1253,-24.170837968983093,29.89230788381008
1253,-24.170837968983093,29.89230788381008
1253,-24.170837968983093,29.89230788381008
1253,-24.170837968983093,29.89230788381008
1254,-24.47479380973037,26.638841265657938
1254,-24.47479380973037,26.638841265657938
1254,-24.47479380973037,26.638841265657938
1254,-24.47479380973037,26.638841265657938
1254,-24.47479380973037,26.638841265657938
1254,-24.47479380973037,26.638841265657938
1254,-24.47479380973037,26.638841265657938
1255,-24.58015061743408,27.875572429122677
1255,-24.58015061743408,27.875572429122677
1255,-24.58015061743408,27.875572429122677
1255,-24.58015061743408,27.875572429122677
1255,-24.58015061743408,27.875572429122677
1255,-24.58015061743408,27.875572429122677
1255,-24.58015061743408,27.875572429122677
1256,-23.801659024764614,27.894610585062722
1256,-23.801659024764614,27.894610585062722
1256,-23.801659024764614,27.894610585062722
1256,-23.801659024764614,27.894610585062722
1256,-23.801659024764614,27.894610585062722
1256,-23.801659024764614,27.894610585062722
1256,-23.801659024764614,27.894610585062722
1257,-24.260360964130893,28.025908106720944
1257,-24.260360964130893,28.025908106720944
1257,-24.260360964130893,28.025908106720944
1257,-24.260360964130893,28.025908106720944
1257,-24.260360964130893,28.025908106720944
1257,-24.260360964130893,28.025908106720944
1257,-24.260360964130893,28.025908106720944
1258,-24.460745945602277,28.043368099597153
1258,-24.460745945602277,28.043368099597153
1258,-24.460745945602277,28.043368099597153
1258,-24.460745945602277,28.043368099597153
1258,-24.460745945602277,28.043368099597153
1258,-24.460745945602277,28.043368099597153
1258,-24.460745945602277,28.043368099597153
1259,-24.814645941167374,27.701195373730073
1259,-24.814645941167374,27.701195373730073
1259,-24.814645941167374,27.701195373730073
1259,-24.814645941167374,27.701195373730073
1259,-24.814645941167374,27.701195373730073
1259,-24.814645941167374,27.701195373730073
1259,-24.814645941167374,27.701195373730073
1260,-24.37838718524972,29.89230788381008
1260,-24.37838718524972,29.89230788381008
1260,-24.37838718524972,29.89230788381008
1260,-24.37838718524972,29.89230788381008
1260,-24.37838718524972,29.89230788381008
1260,-24.37838718524972,29.89230788381008
1260,-24.37838718524972,29.89230788381008
1261,-24.328048187846196,29.89230788381008
1261,-24.328048187846196,29.89230788381008
1261,-24.328048187846196,29.89230788381008
1261,-24.328048187846196,29.89230788381008
1261,-24.328048187846196,29.89230788381008
1261,-24.328048187846196,29.89230788381008
1261,-24.328048187846196,29.89230788381008
1262,-24.718998756834978,27.67745963184634
1262,-24.718998756834978,27.67745963184634
1262,-24.718998756834978,27.67745963184634
1262,-24.718998756834978,27.67745963184634
1262,-24.718998756834978,27.67745963184634
1262,-24.718998756834978,27.67745963184634
1262,-24.718998756834978,27.67745963184634
1263,-24.443390683053487,28.025908106720944
1263,-24.443390683053487,28.025908106720944
1263,-24.443390683053487,28.025908106720944
1263,-24.443390683053487,28.025908106720944
1263,-24.443390683053487,28.025908106720944
1263,-24.443390683053487,28.025908106720944
1263,-24.443390683053487,28.025908106720944
1264,-24.985425839673507,27.875572429122677
1264,-24.985425839673507,27.875572429122677
1264,-24.985425839673507,27.875572429122677
1264,-24.985425839673507,27.875572429122677
1264,-24.985425839673507,27.875572429122677
1264,-24.985425839673507,27.875572429122677
1264,-24.985425839673507,27.875572429122677
1265,-23.790950787635047,26.64021245767163
1265,-23.790950787635047,26.64021245767163
1265,-23.790950787635047,26.64021245767163
1265,-23.790950787635047,26.64021245767163
1265,-23.790950787635047,26.64021245767163
1265,-23.790950787635047,26.64021245767163
1265,-23.790950787635047,26.64021245767163
1266,-24.296483430035245,27.67406407736612
1266,-24.296483430035245,27.67406407736612
1266,-24.296483430035245,27.67406407736612
1266,-24.296483430035245,27.67406407736612
1266,-24.296483430035245,27.67406407736612
1266,-24.296483430035245,27.67406407736612
1266,-24.296483430035245,27.67406407736612
1267,-23.284038006751704,27.172431994817167
1267,-23.284038006751704,27.172431994817167
1267,-23.284038006751704,27.172431994817167
1267,-23.284038006751704,27.172431994817167
1267,-23.284038006751704,27.172431994817167
1267,-23.284038006751704,27.172431994817167
1267,-23.284038006751704,27.172431994817167
1268,-24.697907910254738,27.991934332241897
1268,-24.697907910254738,27.991934332241897
1268,-24.697907910254738,27.991934332241897
1268,-24.697907910254738,27.991934332241897
1268,-24.697907910254738,27.991934332241897
1268,-24.697907910254738,27.991934332241897
1268,-24.697907910254738,27.991934332241897
1269,-24.20557080567268,26.836291388533173
1269,-24.20557080567268,26.836291388533173
1269,-24.20557080567268,26.836291388533173
1269,-24.20557080567268,26.836291388533173
1269,-24.20557080567268,26.836291388533173
1269,-24.20557080567268,26.836291388533173
1269,-24.20557080567268,26.836291388533173
1270,-24.207604201038876,27.21093028436551
1270,-24.207604201038876,27.21093028436551
1270,-24.207604201038876,27.21093028436551
1270,-24.207604201038876,27.21093028436551
1270,-24.207604201038876,27.21093028436551
1270,-24.207604201038876,27.21093028436551
1270,-24.207604201038876,27.21093028436551
1271,-23.96344498194,27.31644161552985
1271,-23.96344498194,27.31644161552985
1271,-23.96344498194,27.31644161552985
1271,-23.96344498194,27.31644161552985
1271,-23.96344498194,27.31644161552985
1271,-23.96344498194,27.31644161552985
1271,-23.96344498194,27.31644161552985
1272,-24.23597628941117,27.985086460602844
1272,-24.23597628941117,27.985086460602844
1272,-24.23597628941117,27.985086460602844
1272,-24.23597628941117,27.985086460602844
1272,-24.23597628941117,27.985086460602844
1272,-24.23597628941117,27.985086460602844
1272,-24.23597628941117,27.985086460602844
1273,-24.062936217590046,27.678536602140245
1273,-24.062936217590046,27.678536602140245
1273,-24.062936217590046,27.678536602140245
1273,-24.062936217590046,27.678536602140245
1273,-24.062936217590046,27.678536602140245
1273,-24.062936217590046,27.678536602140245
1273,-24.062936217590046,27.678536602140245
1274,-23.02996047692226,28.01090186160109
1274,-23.02996047692226,28.01090186160109
1274,-23.02996047692226,28.01090186160109
1274,-23.02996047692226,28.01090186160109
1274,-23.02996047692226,28.01090186160109
1274,-23.02996047692226,28.01090186160109
1274,-23.02996047692226,28.01090186160109
1275,-24.694884839858457,29.889421686632307
1275,-24.694884839858457,29.889421686632307
1275,-24.694884839858457,29.889421686632307
1275,-24.694884839858457,29.889421686632307
1275,-24.694884839858457,29.889421686632307
1275,-24.694884839858457,29.889421686632307
1275,-24.694884839858457,29.889421686632307
1276,-24.367750546189686,26.649295973781147
1276,-24.367750546189686,26.649295973781147
1276,-24.367750546189686,26.649295973781147
1276,-24.367750546189686,26.649295973781147
1276,-24.367750546189686,26.649295973781147
1276,-24.367750546189686,26.649295973781147
1276,-24.367750546189686,26.649295973781147
1277,-25.281251398422125,27.894610481174382
1277,-25.281251398422125,27.894610481174382
1277,-25.281251398422125,27.894610481174382
1277,-25.281251398422125,27.894610481174382
1277,-25.281251398422125,27.894610481174382
1277,-25.281251398422125,27.894610481174382
1277,-25.281251398422125,27.894610481174382
1278,-24.347741904944634,28.01452247725087
1278,-24.347741904944634,28.01452247725087
1278,-24.347741904944634,28.01452247725087
1278,-24.347741904944634,28.01452247725087
1278,-24.347741904944634,28.01452247725087
1278,-24.347741904944634,28.01452247725087
1278,-24.347741904944634,28.01452247725087
1279,-23.868765578313518,27.67743256936212
1279,-23.868765578313518,27.67743256936212
1279,-23.868765578313518,27.67743256936212
1279,-23.868765578313518,27.67743256936212
1279,-23.868765578313518,27.67743256936212
1279,-23.868765578313518,27.67743256936212
1279,-23.868765578313518,27.67743256936212
1280,-22.516335268108413,28.01090186160109
1280,-22.516335268108413,28.01090186160109
1280,-22.516335268108413,28.01090186160109
1280,-22.516335268108413,28.01090186160109
1280,-22.516335268108413,28.01090186160109
1280,-22.516335268108413,28.01090186160109
1280,-22.516335268108413,28.01090186160109
1281,-24.459348951018704,27.481602365298716
1281,-24.459348951018704,27.481602365298716
1281,-24.459348951018704,27.481602365298716
1281,-24.459348951018704,27.481602365298716
1281,-24.459348951018704,27.481602365298716
1281,-24.459348951018704,27.481602365298716
1281,-24.459348951018704,27.481602365298716
1282,-25.09355166298164,28.00390983009691
1282,-25.09355166298164,28.00390983009691
1282,-25.09355166298164,28.00390983009691
1282,-25.09355166298164,28.00390983009691
1282,-25.09355166298164,28.00390983009691
1282,-25.09355166298164,28.00390983009691
1282,-25.09355166298164,28.00390983009691
1283,-23.76663907057249,27.898752764760204
1283,-23.76663907057249,27.898752764760204
1283,-23.76663907057249,27.898752764760204
1283,-23.76663907057249,27.898752764760204
1283,-23.76663907057249,27.898752764760204
1283,-23.76663907057249,27.898752764760204
1283,-23.76663907057249,27.898752764760204
1284,-24.43502415458889,28.07737588745077
1284,-24.43502415458889,28.07737588745077
1284,-24.43502415458889,28.07737588745077
1284,-24.43502415458889,28.07737588745077
1284,-24.43502415458889,28.07737588745077
1284,-24.43502415458889,28.07737588745077
1284,-24.43502415458889,28.07737588745077
1285,-23.957891727532605,27.984942300737714
1285,-23.957891727532605,27.984942300737714
1285,-23.957891727532605,27.984942300737714
1285,-23.957891727532605,27.984942300737714
1285,-23.957891727532605,27.984942300737714
1285,-23.957891727532605,27.984942300737714
1285,-23.957891727532605,27.984942300737714
1286,-23.169927440001228,27.696196526962897
1286,-23.169927440001228,27.696196526962897
1286,-23.169927440001228,27.696196526962897
1286,-23.169927440001228,27.696196526962897
1286,-23.169927440001228,27.696196526962897
1286,-23.169927440001228,27.696196526962897
1286,-23.169927440001228,27.696196526962897
1287,-24.359334992901246,26.860148513408937
1287,-24.359334992901246,26.860148513408937
1287,-24.359334992901246,26.860148513408937
1287,-24.359334992901246,26.860148513408937
1287,-24.359334992901246,26.860148513408937
1287,-24.359334992901246,26.860148513408937
1287,-24.359334992901246,26.860148513408937
1288,-24.26006595884037,27.085401521039966
1288,-24.26006595884037,27.085401521039966
1288,-24.26006595884037,27.085401521039966
1288,-24.26006595884037,27.085401521039966
1288,-24.26006595884037,27.085401521039966
1288,-24.26006595884037,27.085401521039966
1288,-24.26006595884037,27.085401521039966
1289,-24.183629094148024,27.484922753687385
1289,-24.183629094148024,27.484922753687385
1289,-24.183629094148024,27.484922753687385
1289,-24.183629094148024,27.484922753687385
1289,-24.183629094148024,27.484922753687385
1289,-24.183629094148024,27.484922753687385
1289,-24.183629094148024,27.484922753687385
1290,-24.430550197018228,27.082092440937252
1290,-24.430550197018228,27.082092440937252
1290,-24.430550197018228,27.082092440937252
1290,-24.430550197018228,27.082092440937252
1290,-24.430550197018228,27.082092440937252
1290,-24.430550197018228,27.082092440937252
1290,-24.430550197018228,27.082092440937252
1291,-24.00658088548554,28.00390972620857
1291,-24.00658088548554,28.00390972620857
1291,-24.00658088548554,28.00390972620857
1291,-24.00658088548554,28.00390972620857
1291,-24.00658088548554,28.00390972620857
1291,-24.00658088548554,28.00390972620857
1291,-24.00658088548554,28.00390972620857
1292,-24.5471266150282,27.674311479888303
1292,-24.5471266150282,27.674311479888303
1292,-24.5471266150282,27.674311479888303
1292,-24.5471266150282,27.674311479888303
1292,-24.5471266150282,27.674311479888303
1292,-24.5471266150282,27.674311479888303
1292,-24.5471266150282,27.674311479888303
1293,-24.500796140067038,27.426334154594223
1293,-24.500796140067038,27.426334154594223
1293,-24.500796140067038,27.426334154594223
1293,-24.500796140067038,27.426334154594223
1293,-24.500796140067038,27.426334154594223
1293,-24.500796140067038,27.426334154594223
1293,-24.500796140067038,27.426334154594223
1294,-23.838354910906126,27.696196526962897
1294,-23.838354910906126,27.696196526962897
1294,-23.838354910906126,27.696196526962897
1294,-23.838354910906126,27.696196526962897
1294,-23.838354910906126,27.696196526962897
1294,-23.838354910906126,27.696196526962897
1294,-23.838354910906126,27.696196526962897
1295,-24.573603544942376,26.777351209903195
1295,-24.573603544942376,26.777351209903195
1295,-24.573603544942376,26.777351209903195
1295,-24.573603544942376,26.777351209903195
1295,-24.573603544942376,26.777351209903195
1295,-24.573603544942376,26.777351209903195
1295,-24.573603544942376,26.777351209903195
1296,-24.529152496836673,28.025173688248934
1296,-24.529152496836673,28.025173688248934
1296,-24.529152496836673,28.025173688248934
1296,-24.529152496836673,28.025173688248934
1296,-24.529152496836673,28.025173688248934
1296,-24.529152496836673,28.025173688248934
1296,-24.529152496836673,28.025173688248934
1297,-23.628770907260336,27.427438187372346
1297,-23.628770907260336,27.427438187372346
1297,-23.628770907260336,27.427438187372346
1297,-23.628770907260336,27.427438187372346
1297,-23.628770907260336,27.427438187372346
1297,-23.628770907260336,27.427438187372346
1297,-23.628770907260336,27.427438187372346
1298,-23.830050245718926,26.642998614762877
1298,-23.830050245718926,26.642998614762877
1298,-23.830050245718926,26.642998614762877
1298,-23.830050245718926,26.642998614762877
1298,-23.830050245718926,26.642998614762877
1298,-23.830050245718926,26.642998614762877
1298,-23.830050245718926,26.642998614762877
1299,-24.995143415078704,27.261066763291872
1299,-24.995143415078704,27.261066763291872
1299,-24.995143415078704,27.261066763291872
1299,-24.995143415078704,27.261066763291872
1299,-24.995143415078704,27.261066763291872
1299,-24.995143415078704,27.261066763291872
1299,-24.995143415078704,27.261066763291872
1300,-23.964273776036567,27.424329972189174
1300,-23.964273776036567,27.424329972189174
1300,-23.964273776036567,27.424329972189174
1300,-23.964273776036567,27.424329972189174
1300,-23.964273776036567,27.424329972189174
1300,-23.964273776036567,27.424329972189174
1300,-23.964273776036567,27.424329972189174
1301,-24.085682294283732,27.18879793865707
1301,-24.085682294283732,27.18879793865707
1301,-24.085682294283732,27.18879793865707
1301,-24.085682294283732,27.18879793865707
1301,-24.085682294283732,27.18879793865707
1301,-24.085682294283732,27.18879793865707
1301,-24.085682294283732,27.18879793865707
1302,-23.486576360506934,27.895345003534732
1302,-23.486576360506934,27.895345003534732
1302,-23.486576360506934,27.895345003534732
1302,-23.486576360506934,27.895345003534732
1302,-23.486576360506934,27.895345003534732
1302,-23.486576360506934,27.895345003534732
1302,-23.486576360506934,27.895345003534732
1303,-24.24566808459807,26.643123176419795
1303,-24.24566808459807,26.643123176419795
1303,-24.24566808459807,26.643123176419795
1303,-24.24566808459807,26.643123176419795
1303,-24.24566808459807,26.643123176419795
1303,-24.24566808459807,26.643123176419795
1303,-24.24566808459807,26.643123176419795
1304,-24.22598648709511,27.677228997603702
1304,-24.22598648709511,27.677228997603702
1304,-24.22598648709511,27.677228997603702
1304,-24.22598648709511,27.677228997603702
1304,-24.22598648709511,27.677228997603702
1304,-24.22598648709511,27.677228997603702
1304,-24.22598648709511,27.677228997603702
1305,-25.09565072801035,28.028794303898714
1305,-25.09565072801035,28.028794303898714
1305,-25.09565072801035,28.028794303898714
1305,-25.09565072801035,28.028794303898714
1305,-25.09565072801035,28.028794303898714
1305,-25.09565072801035,28.028794303898714
1305,-25.09565072801035,28.028794303898714
1306,-24.70077059377995,29.982074602105442
1306,-24.70077059377995,29.982074602105442
1306,-24.70077059377995,29.982074602105442
1306,-24.70077059377995,29.982074602105442
1306,-24.70077059377995,29.982074602105442
1306,-24.70077059377995,29.982074602105442
1306,-24.70077059377995,29.982074602105442
1307,-25.069765104368106,27.992078492107026
1307,-25.069765104368106,27.992078492107026
1307,-25.069765104368106,27.992078492107026
1307,-25.069765104368106,27.992078492107026
1307,-25.069765104368106,27.992078492107026
1307,-25.069765104368106,27.992078492107026
1307,-25.069765104368106,27.992078492107026
1308,-24.86279332366378,27.67743256936212
1308,-24.86279332366378,27.67743256936212
1308,-24.86279332366378,27.67743256936212
1308,-24.86279332366378,27.67743256936212
1308,-24.86279332366378,27.67743256936212
1308,-24.86279332366378,27.67743256936212
1308,-24.86279332366378,27.67743256936212
1309,-23.79009196028593,27.67748770841184
1309,-23.79009196028593,27.67748770841184
1309,-23.79009196028593,27.67748770841184
1309,-23.79009196028593,27.67748770841184
1309,-23.79009196028593,27.67748770841184
1309,-23.79009196028593,27.67748770841184
1309,-23.79009196028593,27.67748770841184
1310,-25.302853288756165,28.01090186160109
1310,-25.302853288756165,28.01090186160109
1310,-25.302853288756165,28.01090186160109
1310,-25.302853288756165,28.01090186160109
1310,-25.302853288756165,28.01090186160109
1310,-25.302853288756165,28.01090186160109
1310,-25.302853288756165,28.01090186160109
1311,-23.65651469190073,27.874510237592897
1311,-23.65651469190073,27.874510237592897
1311,-23.65651469190073,27.874510237592897
1311,-23.65651469190073,27.874510237592897
1311,-23.65651469190073,27.874510237592897
1311,-23.65651469190073,27.874510237592897
1311,-23.65651469190073,27.874510237592897
1312,-24.296014850925093,27.87846640150624
1312,-24.296014850925093,27.87846640150624
1312,-24.296014850925093,27.87846640150624
1312,-24.296014850925093,27.87846640150624
1312,-24.296014850925093,27.87846640150624
1312,-24.296014850925093,27.87846640150624
1312,-24.296014850925093,27.87846640150624
1313,-23.478396701513795,27.89875286864854
1313,-23.478396701513795,27.89875286864854
1313,-23.478396701513795,27.89875286864854
1313,-23.478396701513795,27.89875286864854
1313,-23.478396701513795,27.89875286864854
1313,-23.478396701513795,27.89875286864854
1313,-23.478396701513795,27.89875286864854
1314,-24.006269069800286,27.677158371022852
1314,-24.006269069800286,27.677158371022852
1314,-24.006269069800286,27.677158371022852
1314,-24.006269069800286,27.677158371022852
1314,-24.006269069800286,27.677158371022852
1314,-24.006269069800286,27.677158371022852
1314,-24.006269069800286,27.677158371022852
1315,-24.993907543486397,27.169323779633995
1315,-24.993907543486397,27.169323779633995
1315,-24.993907543486397,27.169323779633995
1315,-24.993907543486397,27.169323779633995
1315,-24.993907543486397,27.169323779633995
1315,-24.993907543486397,27.169323779633995
1315,-24.993907543486397,27.169323779633995
1316,-23.65763778256951,28.025173688248934
1316,-23.65763778256951,28.025173688248934
1316,-23.65763778256951,28.025173688248934
1316,-23.65763778256951,28.025173688248934
1316,-23.65763778256951,28.025173688248934
1316,-23.65763778256951,28.025173688248934
1316,-23.65763778256951,28.025173688248934
1317,-24.330153868522512,27.67743256936212
1317,-24.330153868522512,27.67743256936212
1317,-24.330153868522512,27.67743256936212
1317,-24.330153868522512,27.67743256936212
1317,-24.330153868522512,27.67743256936212
1317,-24.330153868522512,27.67743256936212
1317,-24.330153868522512,27.67743256936212
1318,-23.179456302143556,26.636893158922703
1318,-23.179456302143556,26.636893158922703
1318,-23.179456302143556,26.636893158922703
1318,-23.179456302143556,26.636893158922703
1318,-23.179456302143556,26.636893158922703
1318,-23.179456302143556,26.636893158922703
1318,-23.179456302143556,26.636893158922703
1319,-24.748987028367868,27.87718942353048
1319,-24.748987028367868,27.87718942353048
1319,-24.748987028367868,27.87718942353048
1319,-24.748987028367868,27.87718942353048
1319,-24.748987028367868,27.87718942353048
1319,-24.748987028367868,27.87718942353048
1319,-24.748987028367868,27.87718942353048
1320,-24.18269661910313,28.01090186160109
1320,-24.18269661910313,28.01090186160109
1320,-24.18269661910313,28.01090186160109
1320,-24.18269661910313,28.01090186160109
1320,-24.18269661910313,28.01090186160109
1320,-24.18269661910313,28.01090186160109
1320,-24.18269661910313,28.01090186160109
1321,-25.380786958314093,28.01090186160109
1321,-25.380786958314093,28.01090186160109
1321,-25.380786958314093,28.01090186160109
1321,-25.380786958314093,28.01090186160109
1321,-25.380786958314093,28.01090186160109
1321,-25.380786958314093,28.01090186160109
1321,-25.380786958314093,28.01090186160109
1322,-24.628147532844523,26.650443570655902
1322,-24.628147532844523,26.650443570655902
1322,-24.628147532844523,26.650443570655902
1322,-24.628147532844523,26.650443570655902
1322,-24.628147532844523,26.650443570655902
1322,-24.628147532844523,26.650443570655902
1322,-24.628147532844523,26.650443570655902
1323,-24.830985207740056,27.484707967241405
1323,-24.830985207740056,27.484707967241405
1323,-24.830985207740056,27.484707967241405
1323,-24.830985207740056,27.484707967241405
1323,-24.830985207740056,27.484707967241405
1323,-24.830985207740056,27.484707967241405
1323,-24.830985207740056,27.484707967241405
1324,-24.196450315832013,29.889421686632307
1324,-24.196450315832013,29.889421686632307
1324,-24.196450315832013,29.889421686632307
1324,-24.196450315832013,29.889421686632307
1324,-24.196450315832013,29.889421686632307
1324,-24.196450315832013,29.889421686632307
1324,-24.196450315832013,29.889421686632307
1325,-23.796200267819085,27.426334154594223
1325,-23.796200267819085,27.426334154594223
1325,-23.796200267819085,27.426334154594223
1325,-23.796200267819085,27.426334154594223
1325,-23.796200267819085,27.426334154594223
1325,-23.796200267819085,27.426334154594223
1325,-23.796200267819085,27.426334154594223
1326,-24.8552191140189,27.894610585062722
1326,-24.8552191140189,27.894610585062722
1326,-24.8552191140189,27.894610585062722
1326,-24.8552191140189,27.894610585062722
1326,-24.8552191140189,27.894610585062722
1326,-24.8552191140189,27.894610585062722
1326,-24.8552191140189,27.894610585062722
1327,-24.535346665219222,28.025173688248934
1327,-24.535346665219222,28.025173688248934
1327,-24.535346665219222,28.025173688248934
1327,-24.535346665219222,28.025173688248934
1327,-24.535346665219222,28.025173688248934
1327,-24.535346665219222,28.025173688248934
1327,-24.535346665219222,28.025173688248934
1328,-23.021076159854086,27.8982312007125
1328,-23.021076159854086,27.8982312007125
1328,-23.021076159854086,27.8982312007125
1328,-23.021076159854086,27.8982312007125
1328,-23.021076159854086,27.8982312007125
1328,-23.021076159854086,27.8982312007125
1328,-23.021076159854086,27.8982312007125
1329,-24.558979322865536,28.00635031875487
1329,-24.558979322865536,28.00635031875487
1329,-24.558979322865536,28.00635031875487
1329,-24.558979322865536,28.00635031875487
1329,-24.558979322865536,28.00635031875487
1329,-24.558979322865536,28.00635031875487
1329,-24.558979322865536,28.00635031875487
1330,-24.384406432897112,27.289803447876647
1330,-24.384406432897112,27.289803447876647
1330,-24.384406432897112,27.289803447876647
1330,-24.384406432897112,27.289803447876647
1330,-24.384406432897112,27.289803447876647
1330,-24.384406432897112,27.289803447876647
1330,-24.384406432897112,27.289803447876647
1331,-23.870458045643918,27.29740356347814
1331,-23.870458045643918,27.29740356347814
1331,-23.870458045643918,27.29740356347814
1331,-23.870458045643918,27.29740356347814
1331,-23.870458045643918,27.29740356347814
1331,-23.870458045643918,27.29740356347814
1331,-23.870458045643918,27.29740356347814
1332,-24.932695377178135,27.676081400728947
1332,-24.932695377178135,27.676081400728947
1332,-24.932695377178135,27.676081400728947
1332,-24.932695377178135,27.676081400728947
1332,-24.932695377178135,27.676081400728947
1332,-24.932695377178135,27.676081400728947
1332,-24.932695377178135,27.676081400728947
1333,-23.61366362962538,27.894610585062722
1333,-23.61366362962538,27.894610585062722
1333,-23.61366362962538,27.894610585062722
1333,-23.61366362962538,27.894610585062722
1333,-23.61366362962538,27.894610585062722
1333,-23.61366362962538,27.894610585062722
1333,-23.61366362962538,27.894610585062722
1334,-23.96445761970144,28.025173688248934
1334,-23.96445761970144,28.025173688248934
1334,-23.96445761970144,28.025173688248934
1334,-23.96445761970144,28.025173688248934
1334,-23.96445761970144,28.025173688248934
1334,-23.96445761970144,28.025173688248934
1334,-23.96445761970144,28.025173688248934
1335,-24.743853259028374,30.250748833138275
1335,-24.743853259028374,30.250748833138275
1335,-24.743853259028374,30.250748833138275
1335,-24.743853259028374,30.250748833138275
1335,-24.743853259028374,30.250748833138275
1335,-24.743853259028374,30.250748833138275
1335,-24.743853259028374,30.250748833138275
1336,-24.19068456704778,27.697574654191953
1336,-24.19068456704778,27.697574654191953
1336,-24.19068456704778,27.697574654191953
1336,-24.19068456704778,27.697574654191953
1336,-24.19068456704778,27.697574654191953
1336,-24.19068456704778,27.697574654191953
1336,-24.19068456704778,27.697574654191953
1337,-24.27519565408665,28.00390983009691
1337,-24.27519565408665,28.00390983009691
1337,-24.27519565408665,28.00390983009691
1337,-24.27519565408665,28.00390983009691
1337,-24.27519565408665,28.00390983009691
1337,-24.27519565408665,28.00390983009691
1337,-24.27519565408665,28.00390983009691
1338,-23.34337931578226,30.250748833138275
1338,-23.34337931578226,30.250748833138275
1338,-23.34337931578226,30.250748833138275
1338,-23.34337931578226,30.250748833138275
1338,-23.34337931578226,30.250748833138275
1338,-23.34337931578226,30.250748833138275
1338,-23.34337931578226,30.250748833138275
1339,-23.79024164002292,26.6447423027944
1339,-23.79024164002292,26.6447423027944
1339,-23.79024164002292,26.6447423027944
1339,-23.79024164002292,26.6447423027944
1339,-23.79024164002292,26.6447423027944
1339,-23.79024164002292,26.6447423027944
1339,-23.79024164002292,26.6447423027944
1340,-23.94120861810237,27.38205425487885
1340,-23.94120861810237,27.38205425487885
1340,-23.94120861810237,27.38205425487885
1340,-23.94120861810237,27.38205425487885
1340,-23.94120861810237,27.38205425487885
1340,-23.94120861810237,27.38205425487885
1340,-23.94120861810237,27.38205425487885
1341,-24.122972761921414,27.87992949915448
1341,-24.122972761921414,27.87992949915448
1341,-24.122972761921414,27.87992949915448
1341,-24.122972761921414,27.87992949915448
1341,-24.122972761921414,27.87992949915448
1341,-24.122972761921414,27.87992949915448
1341,-24.122972761921414,27.87992949915448
1342,-23.86974492992592,28.025173584360594
1342,-23.86974492992592,28.025173584360594
1342,-23.86974492992592,28.025173584360594
1342,-23.86974492992592,28.025173584360594
1342,-23.86974492992592,28.025173584360594
1342,-23.86974492992592,28.025173584360594
1342,-23.86974492992592,28.025173584360594
1343,-25.43462400870672,28.29183873231801
1343,-25.43462400870672,28.29183873231801
1343,-25.43462400870672,28.29183873231801
1343,-25.43462400870672,28.29183873231801
1343,-25.43462400870672,28.29183873231801
1343,-25.43462400870672,28.29183873231801
1343,-25.43462400870672,28.29183873231801
1344,-24.346734427258138,27.382081317363067
1344,-24.346734427258138,27.382081317363067
1344,-24.346734427258138,27.382081317363067
1344,-24.346734427258138,27.382081317363067
1344,-24.346734427258138,27.382081317363067
1344,-24.346734427258138,27.382081317363067
1344,-24.346734427258138,27.382081317363067
1345,-24.392932509714882,27.29740356347814
1345,-24.392932509714882,27.29740356347814
1345,-24.392932509714882,27.29740356347814
1345,-24.392932509714882,27.29740356347814
1345,-24.392932509714882,27.29740356347814
1345,-24.392932509714882,27.29740356347814
1345,-24.392932509714882,27.29740356347814
1346,-24.309247489829335,28.00390972620857
1346,-24.309247489829335,28.00390972620857
1346,-24.309247489829335,28.00390972620857
1346,-24.309247489829335,28.00390972620857
1346,-24.309247489829335,28.00390972620857
1346,-24.309247489829335,28.00390972620857
1346,-24.309247489829335,28.00390972620857
1347,-24.65302680377236,27.42433258542966
1347,-24.65302680377236,27.42433258542966
1347,-24.65302680377236,27.42433258542966
1347,-24.65302680377236,27.42433258542966
1347,-24.65302680377236,27.42433258542966
1347,-24.65302680377236,27.42433258542966
1347,-24.65302680377236,27.42433258542966
1348,-24.12703723586952,27.078242612263896
1348,-24.12703723586952,27.078242612263896
1348,-24.12703723586952,27.078242612263896
1348,-24.12703723586952,27.078242612263896
1348,-24.12703723586952,27.078242612263896
1348,-24.12703723586952,27.078242612263896
1348,-24.12703723586952,27.078242612263896
1349,-24.336725476330656,28.00390983009691
1349,-24.336725476330656,28.00390983009691
1349,-24.336725476330656,28.00390983009691
1349,-24.336725476330656,28.00390983009691
1349,-24.336725476330656,28.00390983009691
1349,-24.336725476330656,28.00390983009691
1349,-24.336725476330656,28.00390983009691
1350,-24.40581038386867,30.01000565167291
1350,-24.40581038386867,30.01000565167291
1350,-24.40581038386867,30.01000565167291
1350,-24.40581038386867,30.01000565167291
1350,-24.40581038386867,30.01000565167291
1350,-24.40581038386867,30.01000565167291
1350,-24.40581038386867,30.01000565167291
1351,-24.523607713556636,27.87978533928935
1351,-24.523607713556636,27.87978533928935
1351,-24.523607713556636,27.87978533928935
1351,-24.523607713556636,27.87978533928935
1351,-24.523607713556636,27.87978533928935
1351,-24.523607713556636,27.87978533928935
1351,-24.523607713556636,27.87978533928935
1352,-24.46012171457526,27.875572429122677
1352,-24.46012171457526,27.875572429122677
1352,-24.46012171457526,27.875572429122677
1352,-24.46012171457526,27.875572429122677
1352,-24.46012171457526,27.875572429122677
1352,-24.46012171457526,27.875572429122677
1352,-24.46012171457526,27.875572429122677
1353,-23.43560799639631,27.10422489053403
1353,-23.43560799639631,27.10422489053403
1353,-23.43560799639631,27.10422489053403
1353,-23.43560799639631,27.10422489053403
1353,-23.43560799639631,27.10422489053403
1353,-23.43560799639631,27.10422489053403
1353,-23.43560799639631,27.10422489053403
1354,-24.514906269076988,27.874468396344554
1354,-24.514906269076988,27.874468396344554
1354,-24.514906269076988,27.874468396344554
1354,-24.514906269076988,27.874468396344554
1354,-24.514906269076988,27.874468396344554
1354,-24.514906269076988,27.874468396344554
1354,-24.514906269076988,27.874468396344554
1355,-24.579614482474103,26.857042911466248
1355,-24.579614482474103,26.857042911466248
1355,-24.579614482474103,26.857042911466248
1355,-24.579614482474103,26.857042911466248
1355,-24.579614482474103,26.857042911466248
1355,-24.579614482474103,26.857042911466248
1355,-24.579614482474103,26.857042911466248
1356,-23.925418672851432,27.191962858894655
1356,-23.925418672851432,27.191962858894655
1356,-23.925418672851432,27.191962858894655
1356,-23.925418672851432,27.191962858894655
1356,-23.925418672851432,27.191962858894655
1356,-23.925418672851432,27.191962858894655
1356,-23.925418672851432,27.191962858894655
1357,-24.290007151629098,27.8833089602306
1357,-24.290007151629098,27.8833089602306
1357,-24.290007151629098,27.8833089602306
1357,-24.290007151629098,27.8833089602306
1357,-24.290007151629098,27.8833089602306
1357,-24.290007151629098,27.8833089602306
1357,-24.290007151629098,27.8833089602306
1358,-24.38041429036842,27.42433258542966
1358,-24.38041429036842,27.42433258542966
1358,-24.38041429036842,27.42433258542966
1358,-24.38041429036842,27.42433258542966
1358,-24.38041429036842,27.42433258542966
1358,-24.38041429036842,27.42433258542966
1358,-24.38041429036842,27.42433258542966
1359,-24.56437769428099,26.641517590271615
1359,-24.56437769428099,26.641517590271615
1359,-24.56437769428099,26.641517590271615
1359,-24.56437769428099,26.641517590271615
1359,-24.56437769428099,26.641517590271615
1359,-24.56437769428099,26.641517590271615
1359,-24.56437769428099,26.641517590271615
1360,-24.20948104675761,27.426334154594223
1360,-24.20948104675761,27.426334154594223
1360,-24.20948104675761,27.426334154594223
1360,-24.20948104675761,27.426334154594223
1360,-24.20948104675761,27.426334154594223
1360,-24.20948104675761,27.426334154594223
1360,-24.20948104675761,27.426334154594223
1361,-24.12249469488937,28.028794303898714
1361,-24.12249469488937,28.028794303898714
1361,-24.12249469488937,28.028794303898714
1361,-24.12249469488937,28.028794303898714
1361,-24.12249469488937,28.028794303898714
1361,-24.12249469488937,28.028794303898714
1361,-24.12249469488937,28.028794303898714
1362,-23.676099037506564,27.87992949915448
1362,-23.676099037506564,27.87992949915448
1362,-23.676099037506564,27.87992949915448
1362,-23.676099037506564,27.87992949915448
1362,-23.676099037506564,27.87992949915448
1362,-23.676099037506564,27.87992949915448
1362,-23.676099037506564,27.87992949915448
1363,-24.81551673842042,27.8797147127085
1363,-24.81551673842042,27.8797147127085
1363,-24.81551673842042,27.8797147127085
1363,-24.81551673842042,27.8797147127085
1363,-24.81551673842042,27.8797147127085
1363,-24.81551673842042,27.8797147127085
1363,-24.81551673842042,27.8797147127085
1364,-24.144342226020832,27.266067705992917
1364,-24.144342226020832,27.266067705992917
1364,-24.144342226020832,27.266067705992917
1364,-24.144342226020832,27.266067705992917
1364,-24.144342226020832,27.266067705992917
1364,-24.144342226020832,27.266067705992917
1364,-24.144342226020832,27.266067705992917
1365,-24.036635998052407,26.636893158922703
1365,-24.036635998052407,26.636893158922703
1365,-24.036635998052407,26.636893158922703
1365,-24.036635998052407,26.636893158922703
1365,-24.036635998052407,26.636893158922703
1365,-24.036635998052407,26.636893158922703
1365,-24.036635998052407,26.636893158922703
1366,-23.59921386773729,27.894610585062722
1366,-23.59921386773729,27.894610585062722
1366,-23.59921386773729,27.894610585062722
1366,-23.59921386773729,27.894610585062722
1366,-23.59921386773729,27.894610585062722
1366,-23.59921386773729,27.894610585062722
1366,-23.59921386773729,27.894610585062722
1367,-24.0283723895602,27.895345003534732
1367,-24.0283723895602,27.895345003534732
1367,-24.0283723895602,27.895345003534732
1367,-24.0283723895602,27.895345003534732
1367,-24.0283723895602,27.895345003534732
1367,-24.0283723895602,27.895345003534732
1367,-24.0283723895602,27.895345003534732
1368,-24.323557841899277,28.00753044574669
1368,-24.323557841899277,28.00753044574669
1368,-24.323557841899277,28.00753044574669
1368,-24.323557841899277,28.00753044574669
1368,-24.323557841899277,28.00753044574669
1368,-24.323557841899277,28.00753044574669
1368,-24.323557841899277,28.00753044574669
1369,-25.057694885968516,28.00753044574669
1369,-25.057694885968516,28.00753044574669
1369,-25.057694885968516,28.00753044574669
1369,-25.057694885968516,28.00753044574669
1369,-25.057694885968516,28.00753044574669
1369,-25.057694885968516,28.00753044574669
1369,-25.057694885968516,28.00753044574669
1370,-23.839882367270892,28.01452247725087
1370,-23.839882367270892,28.01452247725087
1370,-23.839882367270892,28.01452247725087
1370,-23.839882367270892,28.01452247725087
1370,-23.839882367270892,28.01452247725087
1370,-23.839882367270892,28.01452247725087
1370,-23.839882367270892,28.01452247725087
1371,-24.560441210745676,27.897289771000306
1371,-24.560441210745676,27.897289771000306
1371,-24.560441210745676,27.897289771000306
1371,-24.560441210745676,27.897289771000306
1371,-24.560441210745676,27.897289771000306
1371,-24.560441210745676,27.897289771000306
1371,-24.560441210745676,27.897289771000306
1372,-24.251277983550214,28.00390983009691
1372,-24.251277983550214,28.00390983009691
1372,-24.251277983550214,28.00390983009691
1372,-24.251277983550214,28.00390983009691
1372,-24.251277983550214,28.00390983009691
1372,-24.251277983550214,28.00390983009691
1372,-24.251277983550214,28.00390983009691
1373,-24.42885705354061,28.025173584360594
1373,-24.42885705354061,28.025173584360594
1373,-24.42885705354061,28.025173584360594
1373,-24.42885705354061,28.025173584360594
1373,-24.42885705354061,28.025173584360594
1373,-24.42885705354061,28.025173584360594
1373,-24.42885705354061,28.025173584360594
1374,-24.10675937802812,27.696196526962897
1374,-24.10675937802812,27.696196526962897
1374,-24.10675937802812,27.696196526962897
1374,-24.10675937802812,27.696196526962897
1374,-24.10675937802812,27.696196526962897
1374,-24.10675937802812,27.696196526962897
1374,-24.10675937802812,27.696196526962897
1375,-24.583637644266723,27.38205425487885
1375,-24.583637644266723,27.38205425487885
1375,-24.583637644266723,27.38205425487885
1375,-24.583637644266723,27.38205425487885
1375,-24.583637644266723,27.38205425487885
1375,-24.583637644266723,27.38205425487885
1375,-24.583637644266723,27.38205425487885
1376,-24.095913534454784,27.895345003534732
1376,-24.095913534454784,27.895345003534732
1376,-24.095913534454784,27.895345003534732
1376,-24.095913534454784,27.895345003534732
1376,-24.095913534454784,27.895345003534732
1376,-24.095913534454784,27.895345003534732
1376,-24.095913534454784,27.895345003534732
1377,-23.808627822298366,27.902373484298323
1377,-23.808627822298366,27.902373484298323
1377,-23.808627822298366,27.902373484298323
1377,-23.808627822298366,27.902373484298323
1377,-23.808627822298366,27.902373484298323
1377,-23.808627822298366,27.902373484298323
1377,-23.808627822298366,27.902373484298323
1378,-24.05382310087421,29.96918817693246
1378,-24.05382310087421,29.96918817693246
1378,-24.05382310087421,29.96918817693246
1378,-24.05382310087421,29.96918817693246
1378,-24.05382310087421,29.96918817693246
1378,-24.05382310087421,29.96918817693246
1378,-24.05382310087421,29.96918817693246
1379,-24.6109359705342,27.984942300737714
1379,-24.6109359705342,27.984942300737714
1379,-24.6109359705342,27.984942300737714
1379,-24.6109359705342,27.984942300737714
1379,-24.6109359705342,27.984942300737714
1379,-24.6109359705342,27.984942300737714
1379,-24.6109359705342,27.984942300737714
1380,-23.843013434755566,27.87978533928935
1380,-23.843013434755566,27.87978533928935
1380,-23.843013434755566,27.87978533928935
1380,-23.843013434755566,27.87978533928935
1380,-23.843013434755566,27.87978533928935
1380,-23.843013434755566,27.87978533928935
1380,-23.843013434755566,27.87978533928935
1381,-24.983215968446647,27.992078492107026
1381,-24.983215968446647,27.992078492107026
1381,-24.983215968446647,27.992078492107026
1381,-24.983215968446647,27.992078492107026
1381,-24.983215968446647,27.992078492107026
1381,-24.983215968446647,27.992078492107026
1381,-24.983215968446647,27.992078492107026
1382,-24.276098573986197,27.90399901111487
1382,-24.276098573986197,27.90399901111487
1382,-24.276098573986197,27.90399901111487
1382,-24.276098573986197,27.90399901111487
1382,-24.276098573986197,27.90399901111487
1382,-24.276098573986197,27.90399901111487
1382,-24.276098573986197,27.90399901111487
1383,-23.643912595828432,27.984942300737714
1383,-23.643912595828432,27.984942300737714
1383,-23.643912595828432,27.984942300737714
1383,-23.643912595828432,27.984942300737714
1383,-23.643912595828432,27.984942300737714
1383,-23.643912595828432,27.984942300737714
1383,-23.643912595828432,27.984942300737714
1384,-24.27748994003482,27.900910386650086
1384,-24.27748994003482,27.900910386650086
1384,-24.27748994003482,27.900910386650086
1384,-24.27748994003482,27.900910386650086
1384,-24.27748994003482,27.900910386650086
1384,-24.27748994003482,27.900910386650086
1384,-24.27748994003482,27.900910386650086
1385,-24.22826203166414,26.641517590271615
1385,-24.22826203166414,26.641517590271615
1385,-24.22826203166414,26.641517590271615
1385,-24.22826203166414,26.641517590271615
1385,-24.22826203166414,26.641517590271615
1385,-24.22826203166414,26.641517590271615
1385,-24.22826203166414,26.641517590271615
1386,-24.603741866033243,30.250748833138275
1386,-24.603741866033243,30.250748833138275
1386,-24.603741866033243,30.250748833138275
1386,-24.603741866033243,30.250748833138275
1386,-24.603741866033243,30.250748833138275
1386,-24.603741866033243,30.250748833138275
1386,-24.603741866033243,30.250748833138275
1387,-24.36583549559105,28.028794303898714
1387,-24.36583549559105,28.028794303898714
1387,-24.36583549559105,28.028794303898714
1387,-24.36583549559105,28.028794303898714
1387,-24.36583549559105,28.028794303898714
1387,-24.36583549559105,28.028794303898714
1387,-24.36583549559105,28.028794303898714
1388,-24.14069484401081,27.894610481174382
1388,-24.14069484401081,27.894610481174382
1388,-24.14069484401081,27.894610481174382
1388,-24.14069484401081,27.894610481174382
1388,-24.14069484401081,27.894610481174382
1388,-24.14069484401081,27.894610481174382
1388,-24.14069484401081,27.894610481174382
1389,-23.78563423174566,27.894610585062722
1389,-23.78563423174566,27.894610585062722
1389,-23.78563423174566,27.894610585062722
1389,-23.78563423174566,27.894610585062722
1389,-23.78563423174566,27.894610585062722
1389,-23.78563423174566,27.894610585062722
1389,-23.78563423174566,27.894610585062722
1390,-24.544845493496368,29.888676983214843
1390,-24.544845493496368,29.888676983214843
1390,-24.544845493496368,29.888676983214843
1390,-24.544845493496368,29.888676983214843
1390,-24.544845493496368,29.888676983214843
1390,-24.544845493496368,29.888676983214843
1390,-24.544845493496368,29.888676983214843
1391,-24.65054892612391,27.8797147127085
1391,-24.65054892612391,27.8797147127085
1391,-24.65054892612391,27.8797147127085
1391,-24.65054892612391,27.8797147127085
1391,-24.65054892612391,27.8797147127085
1391,-24.65054892612391,27.8797147127085
1391,-24.65054892612391,27.8797147127085
1392,-24.198133817389827,27.875572429122677
1392,-24.198133817389827,27.875572429122677
1392,-24.198133817389827,27.875572429122677
1392,-24.198133817389827,27.875572429122677
1392,-24.198133817389827,27.875572429122677
1392,-24.198133817389827,27.875572429122677
1392,-24.198133817389827,27.875572429122677
1393,-24.296289333918466,27.079556093313332
1393,-24.296289333918466,27.079556093313332
1393,-24.296289333918466,27.079556093313332
1393,-24.296289333918466,27.079556093313332
1393,-24.296289333918466,27.079556093313332
1393,-24.296289333918466,27.079556093313332
1393,-24.296289333918466,27.079556093313332
1394,-23.579464988398378,28.025173688248934
1394,-23.579464988398378,28.025173688248934
1394,-23.579464988398378,28.025173688248934
1394,-23.579464988398378,28.025173688248934
1394,-23.579464988398378,28.025173688248934
1394,-23.579464988398378,28.025173688248934
1394,-23.579464988398378,28.025173688248934
1395,-24.38804302955576,26.676673145889907
1395,-24.38804302955576,26.676673145889907
1395,-24.38804302955576,26.676673145889907
1395,-24.38804302955576,26.676673145889907
1395,-24.38804302955576,26.676673145889907
1395,-24.38804302955576,26.676673145889907
1395,-24.38804302955576,26.676673145889907
1396,-24.2438952841198,27.87825161506026
1396,-24.2438952841198,27.87825161506026
1396,-24.2438952841198,27.87825161506026
1396,-24.2438952841198,27.87825161506026
1396,-24.2438952841198,27.87825161506026
1396,-24.2438952841198,27.87825161506026
1396,-24.2438952841198,27.87825161506026
1397,-24.47594661600748,27.875787215568657
1397,-24.47594661600748,27.875787215568657
1397,-24.47594661600748,27.875787215568657
1397,-24.47594661600748,27.875787215568657
1397,-24.47594661600748,27.875787215568657
1397,-24.47594661600748,27.875787215568657
1397,-24.47594661600748,27.875787215568657
1398,-24.51089102833178,27.894610585062722
1398,-24.51089102833178,27.894610585062722
1398,-24.51089102833178,27.894610585062722
1398,-24.51089102833178,27.894610585062722
1398,-24.51089102833178,27.894610585062722
1398,-24.51089102833178,27.894610585062722
1398,-24.51089102833178,27.894610585062722
1399,-23.50681622512278,27.164422101465213
1399,-23.50681622512278,27.164422101465213
1399,-23.50681622512278,27.164422101465213
1399,-23.50681622512278,27.164422101465213
1399,-23.50681622512278,27.164422101465213
1399,-23.50681622512278,27.164422101465213
1399,-23.50681622512278,27.164422101465213
1400,-23.847039279836622,26.842173319333483
1400,-23.847039279836622,26.842173319333483
1400,-23.847039279836622,26.842173319333483
1400,-23.847039279836622,26.842173319333483
1400,-23.847039279836622,26.842173319333483
1400,-23.847039279836622,26.842173319333483
1400,-23.847039279836622,26.842173319333483
1401,-24.600980409767534,26.67695821087654
1401,-24.600980409767534,26.67695821087654
1401,-24.600980409767534,26.67695821087654
1401,-24.600980409767534,26.67695821087654
1401,-24.600980409767534,26.67695821087654
1401,-24.600980409767534,26.67695821087654
1401,-24.600980409767534,26.67695821087654
1402,-25.092515186695927,28.01452247725087
1402,-25.092515186695927,28.01452247725087
1402,-25.092515186695927,28.01452247725087
1402,-25.092515186695927,28.01452247725087
1402,-25.092515186695927,28.01452247725087
1402,-25.092515186695927,28.01452247725087
1402,-25.092515186695927,28.01452247725087
1403,-23.80570697267043,27.991934332241897
1403,-23.80570697267043,27.991934332241897
1403,-23.80570697267043,27.991934332241897
1403,-23.80570697267043,27.991934332241897
1403,-23.80570697267043,27.991934332241897
1403,-23.80570697267043,27.991934332241897
1403,-23.80570697267043,27.991934332241897
1404,-24.238672056891335,27.42433258542966
1404,-24.238672056891335,27.42433258542966
1404,-24.238672056891335,27.42433258542966
1404,-24.238672056891335,27.42433258542966
1404,-24.238672056891335,27.42433258542966
1404,-24.238672056891335,27.42433258542966
1404,-24.238672056891335,27.42433258542966
1405,-23.72292988692393,27.894610481174382
1405,-23.72292988692393,27.894610481174382
1405,-23.72292988692393,27.894610481174382
1405,-23.72292988692393,27.894610481174382
1405,-23.72292988692393,27.894610481174382
1405,-23.72292988692393,27.894610481174382
1405,-23.72292988692393,27.894610481174382
1406,-23.134594599601087,27.874510237592897
1406,-23.134594599601087,27.874510237592897
1406,-23.134594599601087,27.874510237592897
1406,-23.134594599601087,27.874510237592897
1406,-23.134594599601087,27.874510237592897
1406,-23.134594599601087,27.874510237592897
1406,-23.134594599601087,27.874510237592897
1407,-24.158216205966838,27.426375995842566
1407,-24.158216205966838,27.426375995842566
1407,-24.158216205966838,27.426375995842566
1407,-24.158216205966838,27.426375995842566
1407,-24.158216205966838,27.426375995842566
1407,-24.158216205966838,27.426375995842566
1407,-24.158216205966838,27.426375995842566
1408,-24.557500023581973,27.696196526962897
1408,-24.557500023581973,27.696196526962897
1408,-24.557500023581973,27.696196526962897
1408,-24.557500023581973,27.696196526962897
1408,-24.557500023581973,27.696196526962897
1408,-24.557500023581973,27.696196526962897
1408,-24.557500023581973,27.696196526962897
1409,-25.088379644515445,27.894610585062722
1409,-25.088379644515445,27.894610585062722
1409,-25.088379644515445,27.894610585062722
1409,-25.088379644515445,27.894610585062722
1409,-25.088379644515445,27.894610585062722
1409,-25.088379644515445,27.894610585062722
1409,-25.088379644515445,27.894610585062722
1410,-23.460412499796377,27.383158287656972
1410,-23.460412499796377,27.383158287656972
1410,-23.460412499796377,27.383158287656972
1410,-23.460412499796377,27.383158287656972
1410,-23.460412499796377,27.383158287656972
1410,-23.460412499796377,27.383158287656972
1410,-23.460412499796377,27.383158287656972
1411,-24.322662031835904,28.00390972620857
1411,-24.322662031835904,28.00390972620857
1411,-24.322662031835904,28.00390972620857
1411,-24.322662031835904,28.00390972620857
1411,-24.322662031835904,28.00390972620857
1411,-24.322662031835904,28.00390972620857
1411,-24.322662031835904,28.00390972620857
1412,-24.20342055068979,27.084082701815863
1412,-24.20342055068979,27.084082701815863
1412,-24.20342055068979,27.084082701815863
1412,-24.20342055068979,27.084082701815863
1412,-24.20342055068979,27.084082701815863
1412,-24.20342055068979,27.084082701815863
1412,-24.20342055068979,27.084082701815863
1413,-23.94005648724185,27.297618349924125
1413,-23.94005648724185,27.297618349924125
1413,-23.94005648724185,27.297618349924125
1413,-23.94005648724185,27.297618349924125
1413,-23.94005648724185,27.297618349924125
1413,-23.94005648724185,27.297618349924125
1413,-23.94005648724185,27.297618349924125
1414,-24.61190981034448,27.382081317363067
1414,-24.61190981034448,27.382081317363067
1414,-24.61190981034448,27.382081317363067
1414,-24.61190981034448,27.382081317363067
1414,-24.61190981034448,27.382081317363067
1414,-24.61190981034448,27.382081317363067
1414,-24.61190981034448,27.382081317363067
1415,-24.450228131569784,28.025173688248934
1415,-24.450228131569784,28.025173688248934
1415,-24.450228131569784,28.025173688248934
1415,-24.450228131569784,28.025173688248934
1415,-24.450228131569784,28.025173688248934
1415,-24.450228131569784,28.025173688248934
1415,-24.450228131569784,28.025173688248934
1416,-24.298851802888088,27.87825161506026
1416,-24.298851802888088,27.87825161506026
1416,-24.298851802888088,27.87825161506026
1416,-24.298851802888088,27.87825161506026
1416,-24.298851802888088,27.87825161506026
1416,-24.298851802888088,27.87825161506026
1416,-24.298851802888088,27.87825161506026
1417,-23.918398761855553,27.875643055703527
1417,-23.918398761855553,27.875643055703527
1417,-23.918398761855553,27.875643055703527
1417,-23.918398761855553,27.875643055703527
1417,-23.918398761855553,27.875643055703527
1417,-23.918398761855553,27.875643055703527
1417,-23.918398761855553,27.875643055703527
1418,-24.648546082320223,27.67544230848351
1418,-24.648546082320223,27.67544230848351
1418,-24.648546082320223,27.67544230848351
1418,-24.648546082320223,27.67544230848351
1418,-24.648546082320223,27.67544230848351
1418,-24.648546082320223,27.67544230848351
1418,-24.648546082320223,27.67544230848351
1419,-23.86888051932973,28.01090186160109
1419,-23.86888051932973,28.01090186160109
1419,-23.86888051932973,28.01090186160109
1419,-23.86888051932973,28.01090186160109
1419,-23.86888051932973,28.01090186160109
1419,-23.86888051932973,28.01090186160109
1419,-23.86888051932973,28.01090186160109
1420,-24.270419166141313,28.0522836826509
1420,-24.270419166141313,28.0522836826509
1420,-24.270419166141313,28.0522836826509
1420,-24.270419166141313,28.0522836826509
1420,-24.270419166141313,28.0522836826509
1420,-24.270419166141313,28.0522836826509
1420,-24.270419166141313,28.0522836826509
1421,-24.013548940812132,27.67743256936212
1421,-24.013548940812132,27.67743256936212
1421,-24.013548940812132,27.67743256936212
1421,-24.013548940812132,27.67743256936212
1421,-24.013548940812132,27.67743256936212
1421,-24.013548940812132,27.67743256936212
1421,-24.013548940812132,27.67743256936212
1422,-23.837721294787745,27.678607228721095
1422,-23.837721294787745,27.678607228721095
1422,-23.837721294787745,27.678607228721095
1422,-23.837721294787745,27.678607228721095
1422,-23.837721294787745,27.678607228721095
1422,-23.837721294787745,27.678607228721095
1422,-23.837721294787745,27.678607228721095
1423,-24.515831752112298,27.895345003534732
1423,-24.515831752112298,27.895345003534732
1423,-24.515831752112298,27.895345003534732
1423,-24.515831752112298,27.895345003534732
1423,-24.515831752112298,27.895345003534732
1423,-24.515831752112298,27.895345003534732
1423,-24.515831752112298,27.895345003534732
1424,-23.589940065107996,27.427652973818326
1424,-23.589940065107996,27.427652973818326
1424,-23.589940065107996,27.427652973818326
1424,-23.589940065107996,27.427652973818326
1424,-23.589940065107996,27.427652973818326
1424,-23.589940065107996,27.427652973818326
1424,-23.589940065107996,27.427652973818326
1425,-24.684644192362434,27.67741708183099
1425,-24.684644192362434,27.67741708183099
1425,-24.684644192362434,27.67741708183099
1425,-24.684644192362434,27.67741708183099
1425,-24.684644192362434,27.67741708183099
1425,-24.684644192362434,27.67741708183099
1425,-24.684644192362434,27.67741708183099
1426,-23.890638955514774,27.678607228721095
1426,-23.890638955514774,27.678607228721095
1426,-23.890638955514774,27.678607228721095
1426,-23.890638955514774,27.678607228721095
1426,-23.890638955514774,27.678607228721095
1426,-23.890638955514774,27.678607228721095
1426,-23.890638955514774,27.678607228721095
1427,-23.59129743939469,26.63901210406749
1427,-23.59129743939469,26.63901210406749
1427,-23.59129743939469,26.63901210406749
1427,-23.59129743939469,26.63901210406749
1427,-23.59129743939469,26.63901210406749
1427,-23.59129743939469,26.63901210406749
1427,-23.59129743939469,26.63901210406749
1428,-24.15180505668283,26.670805993853723
1428,-24.15180505668283,26.670805993853723
1428,-24.15180505668283,26.670805993853723
1428,-24.15180505668283,26.670805993853723
1428,-24.15180505668283,26.670805993853723
1428,-24.15180505668283,26.670805993853723
1428,-24.15180505668283,26.670805993853723
1429,-24.512482432344925,27.677474410610465
1429,-24.512482432344925,27.677474410610465
1429,-24.512482432344925,27.677474410610465
1429,-24.512482432344925,27.677474410610465
1429,-24.512482432344925,27.677474410610465
1429,-24.512482432344925,27.677474410610465
1429,-24.512482432344925,27.677474410610465
1430,-24.35966463565679,27.8797147127085
1430,-24.35966463565679,27.8797147127085
1430,-24.35966463565679,27.8797147127085
1430,-24.35966463565679,27.8797147127085
1430,-24.35966463565679,27.8797147127085
1430,-24.35966463565679,27.8797147127085
1430,-24.35966463565679,27.8797147127085
1431,-24.146277925453795,27.264039074344137
1431,-24.146277925453795,27.264039074344137
1431,-24.146277925453795,27.264039074344137
1431,-24.146277925453795,27.264039074344137
1431,-24.146277925453795,27.264039074344137
1431,-24.146277925453795,27.264039074344137
1431,-24.146277925453795,27.264039074344137
1432,-24.32302096345604,27.875643055703527
1432,-24.32302096345604,27.875643055703527
1432,-24.32302096345604,27.875643055703527
1432,-24.32302096345604,27.875643055703527
1432,-24.32302096345604,27.875643055703527
1432,-24.32302096345604,27.875643055703527
1432,-24.32302096345604,27.875643055703527
1433,-23.978129259650036,27.875643055703527
1433,-23.978129259650036,27.875643055703527
1433,-23.978129259650036,27.875643055703527
1433,-23.978129259650036,27.875643055703527
1433,-23.978129259650036,27.875643055703527
1433,-23.978129259650036,27.875643055703527
1433,-23.978129259650036,27.875643055703527
1434,-23.386903561808623,27.984942300737714
1434,-23.386903561808623,27.984942300737714
1434,-23.386903561808623,27.984942300737714
1434,-23.386903561808623,27.984942300737714
1434,-23.386903561808623,27.984942300737714
1434,-23.386903561808623,27.984942300737714
1434,-23.386903561808623,27.984942300737714
1435,-24.884174084995397,27.67605433824473
1435,-24.884174084995397,27.67605433824473
1435,-24.884174084995397,27.67605433824473
1435,-24.884174084995397,27.67605433824473
1435,-24.884174084995397,27.67605433824473
1435,-24.884174084995397,27.67605433824473
1435,-24.884174084995397,27.67605433824473
1436,-24.248245106405683,27.678607228721095
1436,-24.248245106405683,27.678607228721095
1436,-24.248245106405683,27.678607228721095
1436,-24.248245106405683,27.678607228721095
1436,-24.248245106405683,27.678607228721095
1436,-24.248245106405683,27.678607228721095
1436,-24.248245106405683,27.678607228721095
1437,-24.564701081354293,28.00390972620857
1437,-24.564701081354293,28.00390972620857
1437,-24.564701081354293,28.00390972620857
1437,-24.564701081354293,28.00390972620857
1437,-24.564701081354293,28.00390972620857
1437,-24.564701081354293,28.00390972620857
1437,-24.564701081354293,28.00390972620857
1438,-24.660594303965613,27.424343893715612
1438,-24.660594303965613,27.424343893715612
1438,-24.660594303965613,27.424343893715612
1438,-24.660594303965613,27.424343893715612
1438,-24.660594303965613,27.424343893715612
1438,-24.660594303965613,27.424343893715612
1438,-24.660594303965613,27.424343893715612
1439,-23.99012839800033,27.89875286864854
1439,-23.99012839800033,27.89875286864854
1439,-23.99012839800033,27.89875286864854
1439,-23.99012839800033,27.89875286864854
1439,-23.99012839800033,27.89875286864854
1439,-23.99012839800033,27.89875286864854
1439,-23.99012839800033,27.89875286864854
1440,-23.94458789024294,28.025173688248934
1440,-23.94458789024294,28.025173688248934
1440,-23.94458789024294,28.025173688248934
1440,-23.94458789024294,28.025173688248934
1440,-23.94458789024294,28.025173688248934
1440,-23.94458789024294,28.025173688248934
1440,-23.94458789024294,28.025173688248934
1441,-24.262621197980557,26.65098230864701
1441,-24.262621197980557,26.65098230864701
1441,-24.262621197980557,26.65098230864701
1441,-24.262621197980557,26.65098230864701
1441,-24.262621197980557,26.65098230864701
1441,-24.262621197980557,26.65098230864701
1441,-24.262621197980557,26.65098230864701
1442,-24.712399981831755,27.8797147127085
1442,-24.712399981831755,27.8797147127085
1442,-24.712399981831755,27.8797147127085
1442,-24.712399981831755,27.8797147127085
1442,-24.712399981831755,27.8797147127085
1442,-24.712399981831755,27.8797147127085
1442,-24.712399981831755,27.8797147127085
1443,-24.09198893438463,27.87978533928935
1443,-24.09198893438463,27.87978533928935
1443,-24.09198893438463,27.87978533928935
1443,-24.09198893438463,27.87978533928935
1443,-24.09198893438463,27.87978533928935
1443,-24.09198893438463,27.87978533928935
1443,-24.09198893438463,27.87978533928935
1444,-23.78025541095646,26.651958922534725
1444,-23.78025541095646,26.651958922534725
1444,-23.78025541095646,26.651958922534725
1444,-23.78025541095646,26.651958922534725
1444,-23.78025541095646,26.651958922534725
1444,-23.78025541095646,26.651958922534725
1444,-23.78025541095646,26.651958922534725
1445,-24.33738758171949,26.777351209903195
1445,-24.33738758171949,26.777351209903195
1445,-24.33738758171949,26.777351209903195
1445,-24.33738758171949,26.777351209903195
1445,-24.33738758171949,26.777351209903195
1445,-24.33738758171949,26.777351209903195
1445,-24.33738758171949,26.777351209903195
1446,-23.535094613219698,27.188784017130633
1446,-23.535094613219698,27.188784017130633
1446,-23.535094613219698,27.188784017130633
1446,-23.535094613219698,27.188784017130633
1446,-23.535094613219698,27.188784017130633
1446,-23.535094613219698,27.188784017130633
1446,-23.535094613219698,27.188784017130633
1447,-24.802595987884015,28.027251917517237
1447,-24.802595987884015,28.027251917517237
1447,-24.802595987884015,28.027251917517237
1447,-24.802595987884015,28.027251917517237
1447,-24.802595987884015,28.027251917517237
1447,-24.802595987884015,28.027251917517237
1447,-24.802595987884015,28.027251917517237
1448,-23.85465671658954,27.875572429122677
1448,-23.85465671658954,27.875572429122677
1448,-23.85465671658954,27.875572429122677
1448,-23.85465671658954,27.875572429122677
1448,-23.85465671658954,27.875572429122677
1448,-23.85465671658954,27.875572429122677
1448,-23.85465671658954,27.875572429122677
1449,-23.85232376187238,26.78298185118385
1449,-23.85232376187238,26.78298185118385
1449,-23.85232376187238,26.78298185118385
1449,-23.85232376187238,26.78298185118385
1449,-23.85232376187238,26.78298185118385
1449,-23.85232376187238,26.78298185118385
1449,-23.85232376187238,26.78298185118385
1450,-24.31199054987529,26.63819844595019
1450,-24.31199054987529,26.63819844595019
1450,-24.31199054987529,26.63819844595019
1450,-24.31199054987529,26.63819844595019
1450,-24.31199054987529,26.63819844595019
1450,-24.31199054987529,26.63819844595019
1450,-24.31199054987529,26.63819844595019
1451,-24.227135848922995,27.87846640150624
1451,-24.227135848922995,27.87846640150624
1451,-24.227135848922995,27.87846640150624
1451,-24.227135848922995,27.87846640150624
1451,-24.227135848922995,27.87846640150624
1451,-24.227135848922995,27.87846640150624
1451,-24.227135848922995,27.87846640150624
1452,-23.161876003833044,28.025173584360594
1452,-23.161876003833044,28.025173584360594
1452,-23.161876003833044,28.025173584360594
1452,-23.161876003833044,28.025173584360594
1452,-23.161876003833044,28.025173584360594
1452,-23.161876003833044,28.025173584360594
1452,-23.161876003833044,28.025173584360594
1453,-24.73709423416962,28.01452247725087
1453,-24.73709423416962,28.01452247725087
1453,-24.73709423416962,28.01452247725087
1453,-24.73709423416962,28.01452247725087
1453,-24.73709423416962,28.01452247725087
1453,-24.73709423416962,28.01452247725087
1453,-24.73709423416962,28.01452247725087
1454,-23.900373128499673,27.902373484298323
1454,-23.900373128499673,27.902373484298323
1454,-23.900373128499673,27.902373484298323
1454,-23.900373128499673,27.902373484298323
1454,-23.900373128499673,27.902373484298323
1454,-23.900373128499673,27.902373484298323
1454,-23.900373128499673,27.902373484298323
1455,-24.728359759288715,28.00390983009691
1455,-24.728359759288715,28.00390983009691
1455,-24.728359759288715,28.00390983009691
1455,-24.728359759288715,28.00390983009691
1455,-24.728359759288715,28.00390983009691
1455,-24.728359759288715,28.00390983009691
1455,-24.728359759288715,28.00390983009691
1456,-24.464481993715875,28.01452247725087
1456,-24.464481993715875,28.01452247725087
1456,-24.464481993715875,28.01452247725087
1456,-24.464481993715875,28.01452247725087
1456,-24.464481993715875,28.01452247725087
1456,-24.464481993715875,28.01452247725087
1456,-24.464481993715875,28.01452247725087
1457,-24.226831081542333,27.8797147127085
1457,-24.226831081542333,27.8797147127085
1457,-24.226831081542333,27.8797147127085
1457,-24.226831081542333,27.8797147127085
1457,-24.226831081542333,27.8797147127085
1457,-24.226831081542333,27.8797147127085
1457,-24.226831081542333,27.8797147127085
1458,-23.25161133153978,27.99743635442129
1458,-23.25161133153978,27.99743635442129
1458,-23.25161133153978,27.99743635442129
1458,-23.25161133153978,27.99743635442129
1458,-23.25161133153978,27.99743635442129
1458,-23.25161133153978,27.99743635442129
1458,-23.25161133153978,27.99743635442129
1459,-24.852796620898367,27.875787215568657
1459,-24.852796620898367,27.875787215568657
1459,-24.852796620898367,27.875787215568657
1459,-24.852796620898367,27.875787215568657
1459,-24.852796620898367,27.875787215568657
1459,-24.852796620898367,27.875787215568657
1459,-24.852796620898367,27.875787215568657
1460,-23.751304089921355,27.902373484298323
1460,-23.751304089921355,27.902373484298323
1460,-23.751304089921355,27.902373484298323
1460,-23.751304089921355,27.902373484298323
1460,-23.751304089921355,27.902373484298323
1460,-23.751304089921355,27.902373484298323
1460,-23.751304089921355,27.902373484298323
1461,-24.709134817230606,27.999473018772168
1461,-24.709134817230606,27.999473018772168
1461,-24.709134817230606,27.999473018772168
1461,-24.709134817230606,27.999473018772168
1461,-24.709134817230606,27.999473018772168
1461,-24.709134817230606,27.999473018772168
1461,-24.709134817230606,27.999473018772168
1462,-24.320480591028396,29.888676983214843
1462,-24.320480591028396,29.888676983214843
1462,-24.320480591028396,29.888676983214843
1462,-24.320480591028396,29.888676983214843
1462,-24.320480591028396,29.888676983214843
1462,-24.320480591028396,29.888676983214843
1462,-24.320480591028396,29.888676983214843
1463,-24.20722274230816,28.028794303898714
1463,-24.20722274230816,28.028794303898714
1463,-24.20722274230816,28.028794303898714
1463,-24.20722274230816,28.028794303898714
1463,-24.20722274230816,28.028794303898714
1463,-24.20722274230816,28.028794303898714
1463,-24.20722274230816,28.028794303898714
1464,-23.824306476788447,27.991934332241897
1464,-23.824306476788447,27.991934332241897
1464,-23.824306476788447,27.991934332241897
1464,-23.824306476788447,27.991934332241897
1464,-23.824306476788447,27.991934332241897
1464,-23.824306476788447,27.991934332241897
1464,-23.824306476788447,27.991934332241897
1465,-23.87247048667871,27.897289771000306
1465,-23.87247048667871,27.897289771000306
1465,-23.87247048667871,27.897289771000306
1465,-23.87247048667871,27.897289771000306
1465,-23.87247048667871,27.897289771000306
1465,-23.87247048667871,27.897289771000306
1465,-23.87247048667871,27.897289771000306
1466,-24.301595079501034,27.87992949915448
1466,-24.301595079501034,27.87992949915448
1466,-24.301595079501034,27.87992949915448
1466,-24.301595079501034,27.87992949915448
1466,-24.301595079501034,27.87992949915448
1466,-24.301595079501034,27.87992949915448
1466,-24.301595079501034,27.87992949915448
1467,-25.079067530932925,27.89875286864854
1467,-25.079067530932925,27.89875286864854
1467,-25.079067530932925,27.89875286864854
1467,-25.079067530932925,27.89875286864854
1467,-25.079067530932925,27.89875286864854
1467,-25.079067530932925,27.89875286864854
1467,-25.079067530932925,27.89875286864854
1468,-24.405440383726496,27.900910386650086
1468,-24.405440383726496,27.900910386650086
1468,-24.405440383726496,27.900910386650086
1468,-24.405440383726496,27.900910386650086
1468,-24.405440383726496,27.900910386650086
1468,-24.405440383726496,27.900910386650086
1468,-24.405440383726496,27.900910386650086
1469,-24.158216962410155,27.67406407736612
1469,-24.158216962410155,27.67406407736612
1469,-24.158216962410155,27.67406407736612
1469,-24.158216962410155,27.67406407736612
1469,-24.158216962410155,27.67406407736612
1469,-24.158216962410155,27.67406407736612
1469,-24.158216962410155,27.67406407736612
1470,-25.064443443172646,27.697574654191953
1470,-25.064443443172646,27.697574654191953
1470,-25.064443443172646,27.697574654191953
1470,-25.064443443172646,27.697574654191953
1470,-25.064443443172646,27.697574654191953
1470,-25.064443443172646,27.697574654191953
1470,-25.064443443172646,27.697574654191953
1471,-24.39381056972047,27.426334154594223
1471,-24.39381056972047,27.426334154594223
1471,-24.39381056972047,27.426334154594223
1471,-24.39381056972047,27.426334154594223
1471,-24.39381056972047,27.426334154594223
1471,-24.39381056972047,27.426334154594223
1471,-24.39381056972047,27.426334154594223
1472,-24.219763476254467,29.888676983214843
1472,-24.219763476254467,29.888676983214843
1472,-24.219763476254467,29.888676983214843
1472,-24.219763476254467,29.888676983214843
1472,-24.219763476254467,29.888676983214843
1472,-24.219763476254467,29.888676983214843
1472,-24.219763476254467,29.888676983214843
1473,-25.10756768897111,27.677158371022852
1473,-25.10756768897111,27.677158371022852
1473,-25.10756768897111,27.677158371022852
1473,-25.10756768897111,27.677158371022852
1473,-25.10756768897111,27.677158371022852
1473,-25.10756768897111,27.677158371022852
1473,-25.10756768897111,27.677158371022852
1474,-24.067797684059915,28.025173688248934
1474,-24.067797684059915,28.025173688248934
1474,-24.067797684059915,28.025173688248934
1474,-24.067797684059915,28.025173688248934
1474,-24.067797684059915,28.025173688248934
1474,-24.067797684059915,28.025173688248934
1474,-24.067797684059915,28.025173688248934
1475,-24.102828942398805,27.696455237771033
1475,-24.102828942398805,27.696455237771033
1475,-24.102828942398805,27.696455237771033
1475,-24.102828942398805,27.696455237771033
1475,-24.102828942398805,27.696455237771033
1475,-24.102828942398805,27.696455237771033
1475,-24.102828942398805,27.696455237771033
1476,-24.621741128781256,27.678536602140245
1476,-24.621741128781256,27.678536602140245
1476,-24.621741128781256,27.678536602140245
1476,-24.621741128781256,27.678536602140245
1476,-24.621741128781256,27.678536602140245
1476,-24.621741128781256,27.678536602140245
1476,-24.621741128781256,27.678536602140245
1477,-24.374413660570298,27.902373484298323
1477,-24.374413660570298,27.902373484298323
1477,-24.374413660570298,27.902373484298323
1477,-24.374413660570298,27.902373484298323
1477,-24.374413660570298,27.902373484298323
1477,-24.374413660570298,27.902373484298323
1477,-24.374413660570298,27.902373484298323
1478,-23.742883943167527,27.894610585062722
1478,-23.742883943167527,27.894610585062722
1478,-23.742883943167527,27.894610585062722
1478,-23.742883943167527,27.894610585062722
1478,-23.742883943167527,27.894610585062722
1478,-23.742883943167527,27.894610585062722
1478,-23.742883943167527,27.894610585062722
1479,-25.06049623074692,27.678751388586225
1479,-25.06049623074692,27.678751388586225
1479,-25.06049623074692,27.678751388586225
1479,-25.06049623074692,27.678751388586225
1479,-25.06049623074692,27.678751388586225
1479,-25.06049623074692,27.678751388586225
1479,-25.06049623074692,27.678751388586225
1480,-24.43035525209115,28.025908106720944
1480,-24.43035525209115,28.025908106720944
1480,-24.43035525209115,28.025908106720944
1480,-24.43035525209115,28.025908106720944
1480,-24.43035525209115,28.025908106720944
1480,-24.43035525209115,28.025908106720944
1480,-24.43035525209115,28.025908106720944
1481,-24.290208701128922,27.678751388586225
1481,-24.290208701128922,27.678751388586225
1481,-24.290208701128922,27.678751388586225
1481,-24.290208701128922,27.678751388586225
1481,-24.290208701128922,27.678751388586225
1481,-24.290208701128922,27.678751388586225
1481,-24.290208701128922,27.678751388586225
1482,-24.369532418543404,27.894610585062722
1482,-24.369532418543404,27.894610585062722
1482,-24.369532418543404,27.894610585062722
1482,-24.369532418543404,27.894610585062722
1482,-24.369532418543404,27.894610585062722
1482,-24.369532418543404,27.894610585062722
1482,-24.369532418543404,27.894610585062722
1483,-24.03806932448143,28.00390983009691
1483,-24.03806932448143,28.00390983009691
1483,-24.03806932448143,28.00390983009691
1483,-24.03806932448143,28.00390983009691
1483,-24.03806932448143,28.00390983009691
1483,-24.03806932448143,28.00390983009691
1483,-24.03806932448143,28.00390983009691
1484,-24.76443224832864,27.87978533928935
1484,-24.76443224832864,27.87978533928935
1484,-24.76443224832864,27.87978533928935
1484,-24.76443224832864,27.87978533928935
1484,-24.76443224832864,27.87978533928935
1484,-24.76443224832864,27.87978533928935
1484,-24.76443224832864,27.87978533928935
1485,-24.478174477363723,27.67635489030121
1485,-24.478174477363723,27.67635489030121
1485,-24.478174477363723,27.67635489030121
1485,-24.478174477363723,27.67635489030121
1485,-24.478174477363723,27.67635489030121
1485,-24.478174477363723,27.67635489030121
1485,-24.478174477363723,27.67635489030121
1486,-24.803742033348755,27.87825161506026
1486,-24.803742033348755,27.87825161506026
1486,-24.803742033348755,27.87825161506026
1486,-24.803742033348755,27.87825161506026
1486,-24.803742033348755,27.87825161506026
1486,-24.803742033348755,27.87825161506026
1486,-24.803742033348755,27.87825161506026
1487,-24.623501265536365,28.028794303898714
1487,-24.623501265536365,28.028794303898714
1487,-24.623501265536365,28.028794303898714
1487,-24.623501265536365,28.028794303898714
1487,-24.623501265536365,28.028794303898714
1487,-24.623501265536365,28.028794303898714
1487,-24.623501265536365,28.028794303898714
1488,-24.53570270805004,27.87832224164111
1488,-24.53570270805004,27.87832224164111
1488,-24.53570270805004,27.87832224164111
1488,-24.53570270805004,27.87832224164111
1488,-24.53570270805004,27.87832224164111
1488,-24.53570270805004,27.87832224164111
1488,-24.53570270805004,27.87832224164111
1489,-24.577036700258006,28.01090186160109
1489,-24.577036700258006,28.01090186160109
1489,-24.577036700258006,28.01090186160109
1489,-24.577036700258006,28.01090186160109
1489,-24.577036700258006,28.01090186160109
1489,-24.577036700258006,28.01090186160109
1489,-24.577036700258006,28.01090186160109
1490,-24.448538702931806,26.995102409851572
1490,-24.448538702931806,26.995102409851572
1490,-24.448538702931806,26.995102409851572
1490,-24.448538702931806,26.995102409851572
1490,-24.448538702931806,26.995102409851572
1490,-24.448538702931806,26.995102409851572
1490,-24.448538702931806,26.995102409851572
1491,-24.164381133872926,27.67544230848351
1491,-24.164381133872926,27.67544230848351
1491,-24.164381133872926,27.67544230848351
1491,-24.164381133872926,27.67544230848351
1491,-24.164381133872926,27.67544230848351
1491,-24.164381133872926,27.67544230848351
1491,-24.164381133872926,27.67544230848351
1492,-24.565064352360636,27.69757475808029
1492,-24.565064352360636,27.69757475808029
1492,-24.565064352360636,27.69757475808029
1492,-24.565064352360636,27.69757475808029
1492,-24.565064352360636,27.69757475808029
1492,-24.565064352360636,27.69757475808029
1492,-24.565064352360636,27.69757475808029
1493,-24.284925615087516,28.00753044574669
1493,-24.284925615087516,28.00753044574669
1493,-24.284925615087516,28.00753044574669
1493,-24.284925615087516,28.00753044574669
1493,-24.284925615087516,28.00753044574669
1493,-24.284925615087516,28.00753044574669
1493,-24.284925615087516,28.00753044574669
1494,-24.465551592499054,29.89230788381008
1494,-24.465551592499054,29.89230788381008
1494,-24.465551592499054,29.89230788381008
1494,-24.465551592499054,29.89230788381008
1494,-24.465551592499054,29.89230788381008
1494,-24.465551592499054,29.89230788381008
1494,-24.465551592499054,29.89230788381008
1495,-24.3740836137824,27.677158371022852
1495,-24.3740836137824,27.677158371022852
1495,-24.3740836137824,27.677158371022852
1495,-24.3740836137824,27.677158371022852
1495,-24.3740836137824,27.677158371022852
1495,-24.3740836137824,27.677158371022852
1495,-24.3740836137824,27.677158371022852
1496,-24.75003089561769,27.918740759463045
1496,-24.75003089561769,27.918740759463045
1496,-24.75003089561769,27.918740759463045
1496,-24.75003089561769,27.918740759463045
1496,-24.75003089561769,27.918740759463045
1496,-24.75003089561769,27.918740759463045
1496,-24.75003089561769,27.918740759463045
1497,-24.81800271791475,29.889421686632307
1497,-24.81800271791475,29.889421686632307
1497,-24.81800271791475,29.889421686632307
1497,-24.81800271791475,29.889421686632307
1497,-24.81800271791475,29.889421686632307
1497,-24.81800271791475,29.889421686632307
1497,-24.81800271791475,29.889421686632307
1498,-23.852001297439287,28.028794303898714
1498,-23.852001297439287,28.028794303898714
1498,-23.852001297439287,28.028794303898714
1498,-23.852001297439287,28.028794303898714
1498,-23.852001297439287,28.028794303898714
1498,-23.852001297439287,28.028794303898714
1498,-23.852001297439287,28.028794303898714
1499,-23.987610380973738,27.69757475808029
1499,-23.987610380973738,27.69757475808029
1499,-23.987610380973738,27.69757475808029
1499,-23.987610380973738,27.69757475808029
1499,-23.987610380973738,27.69757475808029
1499,-23.987610380973738,27.69757475808029
1499,-23.987610380973738,27.69757475808029
1500,-24.440023314119212,29.89230788381008
1500,-24.440023314119212,29.89230788381008
1500,-24.440023314119212,29.89230788381008
1500,-24.440023314119212,29.89230788381008
1500,-24.440023314119212,29.89230788381008
1500,-24.440023314119212,29.89230788381008
1500,-24.440023314119212,29.89230788381008
1501,-25.39542922090028,28.01090186160109
1501,-25.39542922090028,28.01090186160109
1501,-25.39542922090028,28.01090186160109
1501,-25.39542922090028,28.01090186160109
1501,-25.39542922090028,28.01090186160109
1501,-25.39542922090028,28.01090186160109
1501,-25.39542922090028,28.01090186160109
1502,-23.691378990182216,27.264039074344137
1502,-23.691378990182216,27.264039074344137
1502,-23.691378990182216,27.264039074344137
1502,-23.691378990182216,27.264039074344137
1502,-23.691378990182216,27.264039074344137
1502,-23.691378990182216,27.264039074344137
1502,-23.691378990182216,27.264039074344137
1503,-23.7392753186242,27.085186734593986
1503,-23.7392753186242,27.085186734593986
1503,-23.7392753186242,27.085186734593986
1503,-23.7392753186242,27.085186734593986
1503,-23.7392753186242,27.085186734593986
1503,-23.7392753186242,27.085186734593986
1503,-23.7392753186242,27.085186734593986
1504,-24.438228349415134,27.29629953070002
1504,-24.438228349415134,27.29629953070002
1504,-24.438228349415134,27.29629953070002
1504,-24.438228349415134,27.29629953070002
1504,-24.438228349415134,27.29629953070002
1504,-24.438228349415134,27.29629953070002
1504,-24.438228349415134,27.29629953070002
1505,-23.87415602547656,28.01090186160109
1505,-23.87415602547656,28.01090186160109
1505,-23.87415602547656,28.01090186160109
1505,-23.87415602547656,28.01090186160109
1505,-23.87415602547656,28.01090186160109
1505,-23.87415602547656,28.01090186160109
1505,-23.87415602547656,28.01090186160109
1506,-24.495513983745447,27.08410976430008
1506,-24.495513983745447,27.08410976430008
1506,-24.495513983745447,27.08410976430008
1506,-24.495513983745447,27.08410976430008
1506,-24.495513983745447,27.08410976430008
1506,-24.495513983745447,27.08410976430008
1506,-24.495513983745447,27.08410976430008
1507,-24.454841320099504,27.992078492107026
1507,-24.454841320099504,27.992078492107026
1507,-24.454841320099504,27.992078492107026
1507,-24.454841320099504,27.992078492107026
1507,-24.454841320099504,27.992078492107026
1507,-24.454841320099504,27.992078492107026
1507,-24.454841320099504,27.992078492107026
1508,-24.206645806707115,27.424343893715612
1508,-24.206645806707115,27.424343893715612
1508,-24.206645806707115,27.424343893715612
1508,-24.206645806707115,27.424343893715612
1508,-24.206645806707115,27.424343893715612
1508,-24.206645806707115,27.424343893715612
1508,-24.206645806707115,27.424343893715612
1509,-25.02053093155735,28.00753044574669
1509,-25.02053093155735,28.00753044574669
1509,-25.02053093155735,28.00753044574669
1509,-25.02053093155735,28.00753044574669
1509,-25.02053093155735,28.00753044574669
1509,-25.02053093155735,28.00753044574669
1509,-25.02053093155735,28.00753044574669
1510,-23.85391527908259,26.637169696014713
1510,-23.85391527908259,26.637169696014713
1510,-23.85391527908259,26.637169696014713
1510,-23.85391527908259,26.637169696014713
1510,-23.85391527908259,26.637169696014713
1510,-23.85391527908259,26.637169696014713
1510,-23.85391527908259,26.637169696014713
1511,-23.57158542734884,28.051705509855505
1511,-23.57158542734884,28.051705509855505
1511,-23.57158542734884,28.051705509855505
1511,-23.57158542734884,28.051705509855505
1511,-23.57158542734884,28.051705509855505
1511,-23.57158542734884,28.051705509855505
1511,-23.57158542734884,28.051705509855505
1512,-24.503456947395392,28.01204478918788
1512,-24.503456947395392,28.01204478918788
1512,-24.503456947395392,28.01204478918788
1512,-24.503456947395392,28.01204478918788
1512,-24.503456947395392,28.01204478918788
1512,-24.503456947395392,28.01204478918788
1512,-24.503456947395392,28.01204478918788
1513,-23.956678444729235,26.8570542197522
1513,-23.956678444729235,26.8570542197522
1513,-23.956678444729235,26.8570542197522
1513,-23.956678444729235,26.8570542197522
1513,-23.956678444729235,26.8570542197522
1513,-23.956678444729235,26.8570542197522
1513,-23.956678444729235,26.8570542197522
1514,-23.38916255815918,27.67763186827697
1514,-23.38916255815918,27.67763186827697
1514,-23.38916255815918,27.67763186827697
1514,-23.38916255815918,27.67763186827697
1514,-23.38916255815918,27.67763186827697
1514,-23.38916255815918,27.67763186827697
1514,-23.38916255815918,27.67763186827697
1515,-24.322399718025864,29.90093237779276
1515,-24.322399718025864,29.90093237779276
1515,-24.322399718025864,29.90093237779276
1515,-24.322399718025864,29.90093237779276
1515,-24.322399718025864,29.90093237779276
1515,-24.322399718025864,29.90093237779276
1515,-24.322399718025864,29.90093237779276
1516,-24.79545386184917,27.992078492107026
1516,-24.79545386184917,27.992078492107026
1516,-24.79545386184917,27.992078492107026
1516,-24.79545386184917,27.992078492107026
1516,-24.79545386184917,27.992078492107026
1516,-24.79545386184917,27.992078492107026
1516,-24.79545386184917,27.992078492107026
1517,-23.60935299897342,27.677158371022852
1517,-23.60935299897342,27.677158371022852
1517,-23.60935299897342,27.677158371022852
1517,-23.60935299897342,27.677158371022852
1517,-23.60935299897342,27.677158371022852
1517,-23.60935299897342,27.677158371022852
1517,-23.60935299897342,27.677158371022852
1518,-23.686605216551328,28.01090186160109
1518,-23.686605216551328,28.01090186160109
1518,-23.686605216551328,28.01090186160109
1518,-23.686605216551328,28.01090186160109
1518,-23.686605216551328,28.01090186160109
1518,-23.686605216551328,28.01090186160109
1518,-23.686605216551328,28.01090186160109
1519,-24.03286717244456,27.894610585062722
1519,-24.03286717244456,27.894610585062722
1519,-24.03286717244456,27.894610585062722
1519,-24.03286717244456,27.894610585062722
1519,-24.03286717244456,27.894610585062722
1519,-24.03286717244456,27.894610585062722
1519,-24.03286717244456,27.894610585062722
1520,-24.37577052388576,28.01090186160109
1520,-24.37577052388576,28.01090186160109
1520,-24.37577052388576,28.01090186160109
1520,-24.37577052388576,28.01090186160109
1520,-24.37577052388576,28.01090186160109
1520,-24.37577052388576,28.01090186160109
1520,-24.37577052388576,28.01090186160109
1521,-24.075975255545945,27.677228997603702
1521,-24.075975255545945,27.677228997603702
1521,-24.075975255545945,27.677228997603702
1521,-24.075975255545945,27.677228997603702
1521,-24.075975255545945,27.677228997603702
1521,-24.075975255545945,27.677228997603702
1521,-24.075975255545945,27.677228997603702
1522,-23.71868174222375,27.696455237771033
1522,-23.71868174222375,27.696455237771033
1522,-23.71868174222375,27.696455237771033
1522,-23.71868174222375,27.696455237771033
1522,-23.71868174222375,27.696455237771033
1522,-23.71868174222375,27.696455237771033
1522,-23.71868174222375,27.696455237771033
1523,-23.588057194428405,27.451334896447687
1523,-23.588057194428405,27.451334896447687
1523,-23.588057194428405,27.451334896447687
1523,-23.588057194428405,27.451334896447687
1523,-23.588057194428405,27.451334896447687
1523,-23.588057194428405,27.451334896447687
1523,-23.588057194428405,27.451334896447687
1524,-24.552822200400907,28.00390972620857
1524,-24.552822200400907,28.00390972620857
1524,-24.552822200400907,28.00390972620857
1524,-24.552822200400907,28.00390972620857
1524,-24.552822200400907,28.00390972620857
1524,-24.552822200400907,28.00390972620857
1524,-24.552822200400907,28.00390972620857
1525,-23.833718521641494,27.697574654191953
1525,-23.833718521641494,27.697574654191953
1525,-23.833718521641494,27.697574654191953
1525,-23.833718521641494,27.697574654191953
1525,-23.833718521641494,27.697574654191953
1525,-23.833718521641494,27.697574654191953
1525,-23.833718521641494,27.697574654191953
1526,-23.81036415497924,27.87978533928935
1526,-23.81036415497924,27.87978533928935
1526,-23.81036415497924,27.87978533928935
1526,-23.81036415497924,27.87978533928935
1526,-23.81036415497924,27.87978533928935
1526,-23.81036415497924,27.87978533928935
1526,-23.81036415497924,27.87978533928935
1527,-23.829789360174416,28.01090186160109
1527,-23.829789360174416,28.01090186160109
1527,-23.829789360174416,28.01090186160109
1527,-23.829789360174416,28.01090186160109
1527,-23.829789360174416,28.01090186160109
1527,-23.829789360174416,28.01090186160109
1527,-23.829789360174416,28.01090186160109
1528,-23.974009174153576,27.3800500724738
1528,-23.974009174153576,27.3800500724738
1528,-23.974009174153576,27.3800500724738
1528,-23.974009174153576,27.3800500724738
1528,-23.974009174153576,27.3800500724738
1528,-23.974009174153576,27.3800500724738
1528,-23.974009174153576,27.3800500724738
1529,-24.080022204948133,27.38205425487885
1529,-24.080022204948133,27.38205425487885
1529,-24.080022204948133,27.38205425487885
1529,-24.080022204948133,27.38205425487885
1529,-24.080022204948133,27.38205425487885
1529,-24.080022204948133,27.38205425487885
1529,-24.080022204948133,27.38205425487885
1530,-24.579281787874123,28.032496037088897
1530,-24.579281787874123,28.032496037088897
1530,-24.579281787874123,28.032496037088897
1530,-24.579281787874123,28.032496037088897
1530,-24.579281787874123,28.032496037088897
1530,-24.579281787874123,28.032496037088897
1530,-24.579281787874123,28.032496037088897
1531,-24.113259205902583,27.085401521039966
1531,-24.113259205902583,27.085401521039966
1531,-24.113259205902583,27.085401521039966
1531,-24.113259205902583,27.085401521039966
1531,-24.113259205902583,27.085401521039966
1531,-24.113259205902583,27.085401521039966
1531,-24.113259205902583,27.085401521039966
1532,-23.780868952557913,27.8982312007125
1532,-23.780868952557913,27.8982312007125
1532,-23.780868952557913,27.8982312007125
1532,-23.780868952557913,27.8982312007125
1532,-23.780868952557913,27.8982312007125
1532,-23.780868952557913,27.8982312007125
1532,-23.780868952557913,27.8982312007125
1533,-23.75243646908401,27.895345003534732
1533,-23.75243646908401,27.895345003534732
1533,-23.75243646908401,27.895345003534732
1533,-23.75243646908401,27.895345003534732
1533,-23.75243646908401,27.895345003534732
1533,-23.75243646908401,27.895345003534732
1533,-23.75243646908401,27.895345003534732
1534,-24.22767173887285,28.00390983009691
1534,-24.22767173887285,28.00390983009691
1534,-24.22767173887285,28.00390983009691
1534,-24.22767173887285,28.00390983009691
1534,-24.22767173887285,28.00390983009691
1534,-24.22767173887285,28.00390983009691
1534,-24.22767173887285,28.00390983009691
1535,-24.51294278770214,27.166801353536513
1535,-24.51294278770214,27.166801353536513
1535,-24.51294278770214,27.166801353536513
1535,-24.51294278770214,27.166801353536513
1535,-24.51294278770214,27.166801353536513
1535,-24.51294278770214,27.166801353536513
1535,-24.51294278770214,27.166801353536513
1536,-23.95589503608299,27.89875286864854
1536,-23.95589503608299,27.89875286864854
1536,-23.95589503608299,27.89875286864854
1536,-23.95589503608299,27.89875286864854
1536,-23.95589503608299,27.89875286864854
1536,-23.95589503608299,27.89875286864854
1536,-23.95589503608299,27.89875286864854
1537,-24.62620453618518,27.67743256936212
1537,-24.62620453618518,27.67743256936212
1537,-24.62620453618518,27.67743256936212
1537,-24.62620453618518,27.67743256936212
1537,-24.62620453618518,27.67743256936212
1537,-24.62620453618518,27.67743256936212
1537,-24.62620453618518,27.67743256936212
1538,-24.802943184343967,27.676096179493072
1538,-24.802943184343967,27.676096179493072
1538,-24.802943184343967,27.676096179493072
1538,-24.802943184343967,27.676096179493072
1538,-24.802943184343967,27.676096179493072
1538,-24.802943184343967,27.676096179493072
1538,-24.802943184343967,27.676096179493072
1539,-24.12725063015942,27.992078492107026
1539,-24.12725063015942,27.992078492107026
1539,-24.12725063015942,27.992078492107026
1539,-24.12725063015942,27.992078492107026
1539,-24.12725063015942,27.992078492107026
1539,-24.12725063015942,27.992078492107026
1539,-24.12725063015942,27.992078492107026
1540,-24.618986223876888,27.894610585062722
1540,-24.618986223876888,27.894610585062722
1540,-24.618986223876888,27.894610585062722
1540,-24.618986223876888,27.894610585062722
1540,-24.618986223876888,27.894610585062722
1540,-24.618986223876888,27.894610585062722
1540,-24.618986223876888,27.894610585062722
1541,-24.345509496008166,28.011636280073102
1541,-24.345509496008166,28.011636280073102
1541,-24.345509496008166,28.011636280073102
1541,-24.345509496008166,28.011636280073102
1541,-24.345509496008166,28.011636280073102
1541,-24.345509496008166,28.011636280073102
1541,-24.345509496008166,28.011636280073102
1542,-23.905359929759253,29.89230788381008
1542,-23.905359929759253,29.89230788381008
1542,-23.905359929759253,29.89230788381008
1542,-23.905359929759253,29.89230788381008
1542,-23.905359929759253,29.89230788381008
1542,-23.905359929759253,29.89230788381008
1542,-23.905359929759253,29.89230788381008
1543,-24.21814399742398,27.26403646110365
1543,-24.21814399742398,27.26403646110365
1543,-24.21814399742398,27.26403646110365
1543,-24.21814399742398,27.26403646110365
1543,-24.21814399742398,27.26403646110365
1543,-24.21814399742398,27.26403646110365
1543,-24.21814399742398,27.26403646110365
1544,-24.463035822906537,29.889421686632307
1544,-24.463035822906537,29.889421686632307
1544,-24.463035822906537,29.889421686632307
1544,-24.463035822906537,29.889421686632307
1544,-24.463035822906537,29.889421686632307
1544,-24.463035822906537,29.889421686632307
1544,-24.463035822906537,29.889421686632307
1545,-24.180101268283835,27.875572429122677
1545,-24.180101268283835,27.875572429122677
1545,-24.180101268283835,27.875572429122677
1545,-24.180101268283835,27.875572429122677
1545,-24.180101268283835,27.875572429122677
1545,-24.180101268283835,27.875572429122677
1545,-24.180101268283835,27.875572429122677
1546,-24.311068609176047,27.874468396344554
1546,-24.311068609176047,27.874468396344554
1546,-24.311068609176047,27.874468396344554
1546,-24.311068609176047,27.874468396344554
1546,-24.311068609176047,27.874468396344554
1546,-24.311068609176047,27.874468396344554
1546,-24.311068609176047,27.874468396344554
1547,-23.972414124222556,28.00390983009691
1547,-23.972414124222556,28.00390983009691
1547,-23.972414124222556,28.00390983009691
1547,-23.972414124222556,28.00390983009691
1547,-23.972414124222556,28.00390983009691
1547,-23.972414124222556,28.00390983009691
1547,-23.972414124222556,28.00390983009691
1548,-24.715314297011776,28.02396310537481
1548,-24.715314297011776,28.02396310537481
1548,-24.715314297011776,28.02396310537481
1548,-24.715314297011776,28.02396310537481
1548,-24.715314297011776,28.02396310537481
1548,-24.715314297011776,28.02396310537481
1548,-24.715314297011776,28.02396310537481
1549,-23.84010369483865,27.87718942353048
1549,-23.84010369483865,27.87718942353048
1549,-23.84010369483865,27.87718942353048
1549,-23.84010369483865,27.87718942353048
1549,-23.84010369483865,27.87718942353048
1549,-23.84010369483865,27.87718942353048
1549,-23.84010369483865,27.87718942353048
1550,-24.62122950257604,27.696196526962897
1550,-24.62122950257604,27.696196526962897
1550,-24.62122950257604,27.696196526962897
1550,-24.62122950257604,27.696196526962897
1550,-24.62122950257604,27.696196526962897
1550,-24.62122950257604,27.696196526962897
1550,-24.62122950257604,27.696196526962897
1551,-24.124460112749297,27.696196526962897
1551,-24.124460112749297,27.696196526962897
1551,-24.124460112749297,27.696196526962897
1551,-24.124460112749297,27.696196526962897
1551,-24.124460112749297,27.696196526962897
1551,-24.124460112749297,27.696196526962897
1551,-24.124460112749297,27.696196526962897
1552,-24.38221422747487,27.992078492107026
1552,-24.38221422747487,27.992078492107026
1552,-24.38221422747487,27.992078492107026
1552,-24.38221422747487,27.992078492107026
1552,-24.38221422747487,27.992078492107026
1552,-24.38221422747487,27.992078492107026
1552,-24.38221422747487,27.992078492107026
1553,-24.832679696939707,27.874510237592897
1553,-24.832679696939707,27.874510237592897
1553,-24.832679696939707,27.874510237592897
1553,-24.832679696939707,27.874510237592897
1553,-24.832679696939707,27.874510237592897
1553,-24.832679696939707,27.874510237592897
1553,-24.832679696939707,27.874510237592897
1554,-24.236795115775617,27.88443612312895
1554,-24.236795115775617,27.88443612312895
1554,-24.236795115775617,27.88443612312895
1554,-24.236795115775617,27.88443612312895
1554,-24.236795115775617,27.88443612312895
1554,-24.236795115775617,27.88443612312895
1554,-24.236795115775617,27.88443612312895
1555,-23.45179124927885,26.78191965965407
1555,-23.45179124927885,26.78191965965407
1555,-23.45179124927885,26.78191965965407
1555,-23.45179124927885,26.78191965965407
1555,-23.45179124927885,26.78191965965407
1555,-23.45179124927885,26.78191965965407
1555,-23.45179124927885,26.78191965965407
1556,-24.422685706269093,27.37810612900126
1556,-24.422685706269093,27.37810612900126
1556,-24.422685706269093,27.37810612900126
1556,-24.422685706269093,27.37810612900126
1556,-24.422685706269093,27.37810612900126
1556,-24.422685706269093,27.37810612900126
1556,-24.422685706269093,27.37810612900126
1557,-24.31870386516073,27.902373484298323
1557,-24.31870386516073,27.902373484298323
1557,-24.31870386516073,27.902373484298323
1557,-24.31870386516073,27.902373484298323
1557,-24.31870386516073,27.902373484298323
1557,-24.31870386516073,27.902373484298323
1557,-24.31870386516073,27.902373484298323
1558,-24.394700457525587,27.26176656775216
1558,-24.394700457525587,27.26176656775216
1558,-24.394700457525587,27.26176656775216
1558,-24.394700457525587,27.26176656775216
1558,-24.394700457525587,27.26176656775216
1558,-24.394700457525587,27.26176656775216
1558,-24.394700457525587,27.26176656775216
1559,-23.7839465377847,27.079108821599036
1559,-23.7839465377847,27.079108821599036
1559,-23.7839465377847,27.079108821599036
1559,-23.7839465377847,27.079108821599036
1559,-23.7839465377847,27.079108821599036
1559,-23.7839465377847,27.079108821599036
1559,-23.7839465377847,27.079108821599036
1560,-24.384092640752492,27.6983091765523
1560,-24.384092640752492,27.6983091765523
1560,-24.384092640752492,27.6983091765523
1560,-24.384092640752492,27.6983091765523
1560,-24.384092640752492,27.6983091765523
1560,-24.384092640752492,27.6983091765523
1560,-24.384092640752492,27.6983091765523
1561,-23.50438605846672,27.897289771000306
1561,-23.50438605846672,27.897289771000306
1561,-23.50438605846672,27.897289771000306
1561,-23.50438605846672,27.897289771000306
1561,-23.50438605846672,27.897289771000306
1561,-23.50438605846672,27.897289771000306
1561,-23.50438605846672,27.897289771000306
1562,-24.2392272550571,28.041890604949707
1562,-24.2392272550571,28.041890604949707
1562,-24.2392272550571,28.041890604949707
1562,-24.2392272550571,28.041890604949707
1562,-24.2392272550571,28.041890604949707
1562,-24.2392272550571,28.041890604949707
1562,-24.2392272550571,28.041890604949707
1563,-24.383986291904847,27.875643055703527
1563,-24.383986291904847,27.875643055703527
1563,-24.383986291904847,27.875643055703527
1563,-24.383986291904847,27.875643055703527
1563,-24.383986291904847,27.875643055703527
1563,-24.383986291904847,27.875643055703527
1563,-24.383986291904847,27.875643055703527
1564,-24.92242501206995,27.67743256936212
1564,-24.92242501206995,27.67743256936212
1564,-24.92242501206995,27.67743256936212
1564,-24.92242501206995,27.67743256936212
1564,-24.92242501206995,27.67743256936212
1564,-24.92242501206995,27.67743256936212
1564,-24.92242501206995,27.67743256936212
1565,-23.99133168505402,28.01090186160109
1565,-23.99133168505402,28.01090186160109
1565,-23.99133168505402,28.01090186160109
1565,-23.99133168505402,28.01090186160109
1565,-23.99133168505402,28.01090186160109
1565,-23.99133168505402,28.01090186160109
1565,-23.99133168505402,28.01090186160109
1566,-24.51040787632819,27.69757475808029
1566,-24.51040787632819,27.69757475808029
1566,-24.51040787632819,27.69757475808029
1566,-24.51040787632819,27.69757475808029
1566,-24.51040787632819,27.69757475808029
1566,-24.51040787632819,27.69757475808029
1566,-24.51040787632819,27.69757475808029
1567,-23.99103257450218,29.888676983214843
1567,-23.99103257450218,29.888676983214843
1567,-23.99103257450218,29.888676983214843
1567,-23.99103257450218,29.888676983214843
1567,-23.99103257450218,29.888676983214843
1567,-23.99103257450218,29.888676983214843
1567,-23.99103257450218,29.888676983214843
1568,-24.043748474193855,27.8797147127085
1568,-24.043748474193855,27.8797147127085
1568,-24.043748474193855,27.8797147127085
1568,-24.043748474193855,27.8797147127085
1568,-24.043748474193855,27.8797147127085
1568,-24.043748474193855,27.8797147127085
1568,-24.043748474193855,27.8797147127085
1569,-23.601034732206866,27.678536602140245
1569,-23.601034732206866,27.678536602140245
1569,-23.601034732206866,27.678536602140245
1569,-23.601034732206866,27.678536602140245
1569,-23.601034732206866,27.678536602140245
1569,-23.601034732206866,27.678536602140245
1569,-23.601034732206866,27.678536602140245
1570,-24.304615287037386,27.678751388586225
1570,-24.304615287037386,27.678751388586225
1570,-24.304615287037386,27.678751388586225
1570,-24.304615287037386,27.678751388586225
1570,-24.304615287037386,27.678751388586225
1570,-24.304615287037386,27.678751388586225
1570,-24.304615287037386,27.678751388586225
1571,-23.786923332908124,27.67743256936212
1571,-23.786923332908124,27.67743256936212
1571,-23.786923332908124,27.67743256936212
1571,-23.786923332908124,27.67743256936212
1571,-23.786923332908124,27.67743256936212
1571,-23.786923332908124,27.67743256936212
1571,-23.786923332908124,27.67743256936212
1572,-23.615388753829116,29.89230788381008
1572,-23.615388753829116,29.89230788381008
1572,-23.615388753829116,29.89230788381008
1572,-23.615388753829116,29.89230788381008
1572,-23.615388753829116,29.89230788381008
1572,-23.615388753829116,29.89230788381008
1572,-23.615388753829116,29.89230788381008
1573,-24.106666122636636,27.902373484298323
1573,-24.106666122636636,27.902373484298323
1573,-24.106666122636636,27.902373484298323
1573,-24.106666122636636,27.902373484298323
1573,-24.106666122636636,27.902373484298323
1573,-24.106666122636636,27.902373484298323
1573,-24.106666122636636,27.902373484298323
1574,-24.678174438408423,26.860363299854917
1574,-24.678174438408423,26.860363299854917
1574,-24.678174438408423,26.860363299854917
1574,-24.678174438408423,26.860363299854917
1574,-24.678174438408423,26.860363299854917
1574,-24.678174438408423,26.860363299854917
1574,-24.678174438408423,26.860363299854917
1575,-24.963462050935828,27.754498502842935
1575,-24.963462050935828,27.754498502842935
1575,-24.963462050935828,27.754498502842935
1575,-24.963462050935828,27.754498502842935
1575,-24.963462050935828,27.754498502842935
1575,-24.963462050935828,27.754498502842935
1575,-24.963462050935828,27.754498502842935
1576,-24.149602857156033,29.89230788381008
1576,-24.149602857156033,29.89230788381008
1576,-24.149602857156033,29.89230788381008
1576,-24.149602857156033,29.89230788381008
1576,-24.149602857156033,29.89230788381008
1576,-24.149602857156033,29.89230788381008
1576,-24.149602857156033,29.89230788381008
1577,-24.148349806393703,27.87825161506026
1577,-24.148349806393703,27.87825161506026
1577,-24.148349806393703,27.87825161506026
1577,-24.148349806393703,27.87825161506026
1577,-24.148349806393703,27.87825161506026
1577,-24.148349806393703,27.87825161506026
1577,-24.148349806393703,27.87825161506026
1578,-23.92077458609881,28.00753044574669
1578,-23.92077458609881,28.00753044574669
1578,-23.92077458609881,28.00753044574669
1578,-23.92077458609881,28.00753044574669
1578,-23.92077458609881,28.00753044574669
1578,-23.92077458609881,28.00753044574669
1578,-23.92077458609881,28.00753044574669
1579,-23.709344047026704,27.992078492107026
1579,-23.709344047026704,27.992078492107026
1579,-23.709344047026704,27.992078492107026
1579,-23.709344047026704,27.992078492107026
1579,-23.709344047026704,27.992078492107026
1579,-23.709344047026704,27.992078492107026
1579,-23.709344047026704,27.992078492107026
1580,-24.023824151582,27.992078492107026
1580,-24.023824151582,27.992078492107026
1580,-24.023824151582,27.992078492107026
1580,-24.023824151582,27.992078492107026
1580,-24.023824151582,27.992078492107026
1580,-24.023824151582,27.992078492107026
1580,-24.023824151582,27.992078492107026
1581,-24.844608597636835,27.992078492107026
1581,-24.844608597636835,27.992078492107026
1581,-24.844608597636835,27.992078492107026
1581,-24.844608597636835,27.992078492107026
1581,-24.844608597636835,27.992078492107026
1581,-24.844608597636835,27.992078492107026
1581,-24.844608597636835,27.992078492107026
1582,-23.966337434642078,28.00390983009691
1582,-23.966337434642078,28.00390983009691
1582,-23.966337434642078,28.00390983009691
1582,-23.966337434642078,28.00390983009691
1582,-23.966337434642078,28.00390983009691
1582,-23.966337434642078,28.00390983009691
1582,-23.966337434642078,28.00390983009691
1583,-24.1175154604729,29.89230788381008
1583,-24.1175154604729,29.89230788381008
1583,-24.1175154604729,29.89230788381008
1583,-24.1175154604729,29.89230788381008
1583,-24.1175154604729,29.89230788381008
1583,-24.1175154604729,29.89230788381008
1583,-24.1175154604729,29.89230788381008
1584,-24.7684570999501,27.484707967241405
1584,-24.7684570999501,27.484707967241405
1584,-24.7684570999501,27.484707967241405
1584,-24.7684570999501,27.484707967241405
1584,-24.7684570999501,27.484707967241405
1584,-24.7684570999501,27.484707967241405
1584,-24.7684570999501,27.484707967241405
1585,-24.83263342380479,27.678607228721095
1585,-24.83263342380479,27.678607228721095
1585,-24.83263342380479,27.678607228721095
1585,-24.83263342380479,27.678607228721095
1585,-24.83263342380479,27.678607228721095
1585,-24.83263342380479,27.678607228721095
1585,-24.83263342380479,27.678607228721095
1586,-24.68531820188261,27.874510237592897
1586,-24.68531820188261,27.874510237592897
1586,-24.68531820188261,27.874510237592897
1586,-24.68531820188261,27.874510237592897
1586,-24.68531820188261,27.874510237592897
1586,-24.68531820188261,27.874510237592897
1586,-24.68531820188261,27.874510237592897
1587,-23.79216494516486,29.89230788381008
1587,-23.79216494516486,29.89230788381008
1587,-23.79216494516486,29.89230788381008
1587,-23.79216494516486,29.89230788381008
1587,-23.79216494516486,29.89230788381008
1587,-23.79216494516486,29.89230788381008
1587,-23.79216494516486,29.89230788381008
1588,-23.979516633281545,28.548279775746586
1588,-23.979516633281545,28.548279775746586
1588,-23.979516633281545,28.548279775746586
1588,-23.979516633281545,28.548279775746586
1588,-23.979516633281545,28.548279775746586
1588,-23.979516633281545,28.548279775746586
1588,-23.979516633281545,28.548279775746586
1589,-24.233299307786393,27.677158371022852
1589,-24.233299307786393,27.677158371022852
1589,-24.233299307786393,27.677158371022852
1589,-24.233299307786393,27.677158371022852
1589,-24.233299307786393,27.677158371022852
1589,-24.233299307786393,27.677158371022852
1589,-24.233299307786393,27.677158371022852
1590,-25.105443175713486,28.028794303898714
1590,-25.105443175713486,28.028794303898714
1590,-25.105443175713486,28.028794303898714
1590,-25.105443175713486,28.028794303898714
1590,-25.105443175713486,28.028794303898714
1590,-25.105443175713486,28.028794303898714
1590,-25.105443175713486,28.028794303898714
1591,-23.815702967489756,27.677373157468832
1591,-23.815702967489756,27.677373157468832
1591,-23.815702967489756,27.677373157468832
1591,-23.815702967489756,27.677373157468832
1591,-23.815702967489756,27.677373157468832
1591,-23.815702967489756,27.677373157468832
1591,-23.815702967489756,27.677373157468832
1592,-24.869637175471617,27.87825161506026
1592,-24.869637175471617,27.87825161506026
1592,-24.869637175471617,27.87825161506026
1592,-24.869637175471617,27.87825161506026
1592,-24.869637175471617,27.87825161506026
1592,-24.869637175471617,27.87825161506026
1592,-24.869637175471617,27.87825161506026
1593,-24.086457145279134,27.874510237592897
1593,-24.086457145279134,27.874510237592897
1593,-24.086457145279134,27.874510237592897
1593,-24.086457145279134,27.874510237592897
1593,-24.086457145279134,27.874510237592897
1593,-24.086457145279134,27.874510237592897
1593,-24.086457145279134,27.874510237592897
1594,-25.07420464718059,28.00635031875487
1594,-25.07420464718059,28.00635031875487
1594,-25.07420464718059,28.00635031875487
1594,-25.07420464718059,28.00635031875487
1594,-25.07420464718059,28.00635031875487
1594,-25.07420464718059,28.00635031875487
1594,-25.07420464718059,28.00635031875487
1595,-23.192462027134862,27.985086460602844
1595,-23.192462027134862,27.985086460602844
1595,-23.192462027134862,27.985086460602844
1595,-23.192462027134862,27.985086460602844
1595,-23.192462027134862,27.985086460602844
1595,-23.192462027134862,27.985086460602844
1595,-23.192462027134862,27.985086460602844
1596,-23.799814169537182,27.677474410610465
1596,-23.799814169537182,27.677474410610465
1596,-23.799814169537182,27.677474410610465
1596,-23.799814169537182,27.677474410610465
1596,-23.799814169537182,27.677474410610465
1596,-23.799814169537182,27.677474410610465
1596,-23.799814169537182,27.677474410610465
1597,-24.826087448542886,28.01090186160109
1597,-24.826087448542886,28.01090186160109
1597,-24.826087448542886,28.01090186160109
1597,-24.826087448542886,28.01090186160109
1597,-24.826087448542886,28.01090186160109
1597,-24.826087448542886,28.01090186160109
1597,-24.826087448542886,28.01090186160109
1598,-24.519724287477484,29.965015312539105
1598,-24.519724287477484,29.965015312539105
1598,-24.519724287477484,29.965015312539105
1598,-24.519724287477484,29.965015312539105
1598,-24.519724287477484,29.965015312539105
1598,-24.519724287477484,29.965015312539105
1598,-24.519724287477484,29.965015312539105
1599,-24.360076587099755,29.89230788381008
1599,-24.360076587099755,29.89230788381008
1599,-24.360076587099755,29.89230788381008
1599,-24.360076587099755,29.89230788381008
1599,-24.360076587099755,29.89230788381008
1599,-24.360076587099755,29.89230788381008
1599,-24.360076587099755,29.89230788381008
1600,-24.770232863212318,28.015778765991627
1600,-24.770232863212318,28.015778765991627
1600,-24.770232863212318,28.015778765991627
1600,-24.770232863212318,28.015778765991627
1600,-24.770232863212318,28.015778765991627
1600,-24.770232863212318,28.015778765991627
1600,-24.770232863212318,28.015778765991627
1601,-23.784107223205936,27.902373484298323
1601,-23.784107223205936,27.902373484298323
1601,-23.784107223205936,27.902373484298323
1601,-23.784107223205936,27.902373484298323
1601,-23.784107223205936,27.902373484298323
1601,-23.784107223205936,27.902373484298323
1601,-23.784107223205936,27.902373484298323
1602,-24.637884828248815,27.874510237592897
1602,-24.637884828248815,27.874510237592897
1602,-24.637884828248815,27.874510237592897
1602,-24.637884828248815,27.874510237592897
1602,-24.637884828248815,27.874510237592897
1602,-24.637884828248815,27.874510237592897
1602,-24.637884828248815,27.874510237592897
1603,-24.614637672655117,27.8797147127085
1603,-24.614637672655117,27.8797147127085
1603,-24.614637672655117,27.8797147127085
1603,-24.614637672655117,27.8797147127085
1603,-24.614637672655117,27.8797147127085
1603,-24.614637672655117,27.8797147127085
1603,-24.614637672655117,27.8797147127085
1604,-24.603172037396853,27.87832224164111
1604,-24.603172037396853,27.87832224164111
1604,-24.603172037396853,27.87832224164111
1604,-24.603172037396853,27.87832224164111
1604,-24.603172037396853,27.87832224164111
1604,-24.603172037396853,27.87832224164111
1604,-24.603172037396853,27.87832224164111
1605,-23.91429445368575,26.859086321879154
1605,-23.91429445368575,26.859086321879154
1605,-23.91429445368575,26.859086321879154
1605,-23.91429445368575,26.859086321879154
1605,-23.91429445368575,26.859086321879154
1605,-23.91429445368575,26.859086321879154
1605,-23.91429445368575,26.859086321879154
1606,-23.595576109772022,27.984942300737714
1606,-23.595576109772022,27.984942300737714
1606,-23.595576109772022,27.984942300737714
1606,-23.595576109772022,27.984942300737714
1606,-23.595576109772022,27.984942300737714
1606,-23.595576109772022,27.984942300737714
1606,-23.595576109772022,27.984942300737714
1607,-24.73335842899821,27.678536602140245
1607,-24.73335842899821,27.678536602140245
1607,-24.73335842899821,27.678536602140245
1607,-24.73335842899821,27.678536602140245
1607,-24.73335842899821,27.678536602140245
1607,-24.73335842899821,27.678536602140245
1607,-24.73335842899821,27.678536602140245
1608,-24.91701049749843,27.48159975205823
1608,-24.91701049749843,27.48159975205823
1608,-24.91701049749843,27.48159975205823
1608,-24.91701049749843,27.48159975205823
1608,-24.91701049749843,27.48159975205823
1608,-24.91701049749843,27.48159975205823
1608,-24.91701049749843,27.48159975205823
1609,-23.436163591413717,26.870138621651684
1609,-23.436163591413717,26.870138621651684
1609,-23.436163591413717,26.870138621651684
1609,-23.436163591413717,26.870138621651684
1609,-23.436163591413717,26.870138621651684
1609,-23.436163591413717,26.870138621651684
1609,-23.436163591413717,26.870138621651684
1610,-24.043110779345202,27.8797147127085
1610,-24.043110779345202,27.8797147127085
1610,-24.043110779345202,27.8797147127085
1610,-24.043110779345202,27.8797147127085
1610,-24.043110779345202,27.8797147127085
1610,-24.043110779345202,27.8797147127085
1610,-24.043110779345202,27.8797147127085
1611,-24.555565156679876,27.992078492107026
1611,-24.555565156679876,27.992078492107026
1611,-24.555565156679876,27.992078492107026
1611,-24.555565156679876,27.992078492107026
1611,-24.555565156679876,27.992078492107026
1611,-24.555565156679876,27.992078492107026
1611,-24.555565156679876,27.992078492107026
1612,-24.038024327540924,27.875572429122677
1612,-24.038024327540924,27.875572429122677
1612,-24.038024327540924,27.875572429122677
1612,-24.038024327540924,27.875572429122677
1612,-24.038024327540924,27.875572429122677
1612,-24.038024327540924,27.875572429122677
1612,-24.038024327540924,27.875572429122677
1613,-24.35608093507176,27.167053886282506
1613,-24.35608093507176,27.167053886282506
1613,-24.35608093507176,27.167053886282506
1613,-24.35608093507176,27.167053886282506
1613,-24.35608093507176,27.167053886282506
1613,-24.35608093507176,27.167053886282506
1613,-24.35608093507176,27.167053886282506
1614,-23.74319162054116,29.89230788381008
1614,-23.74319162054116,29.89230788381008
1614,-23.74319162054116,29.89230788381008
1614,-23.74319162054116,29.89230788381008
1614,-23.74319162054116,29.89230788381008
1614,-23.74319162054116,29.89230788381008
1614,-23.74319162054116,29.89230788381008
1615,-23.33125507895701,27.107845506183814
1615,-23.33125507895701,27.107845506183814
1615,-23.33125507895701,27.107845506183814
1615,-23.33125507895701,27.107845506183814
1615,-23.33125507895701,27.107845506183814
1615,-23.33125507895701,27.107845506183814
1615,-23.33125507895701,27.107845506183814
1616,-24.110021164709607,26.669543654776337
1616,-24.110021164709607,26.669543654776337
1616,-24.110021164709607,26.669543654776337
1616,-24.110021164709607,26.669543654776337
1616,-24.110021164709607,26.669543654776337
1616,-24.110021164709607,26.669543654776337
1616,-24.110021164709607,26.669543654776337
1617,-24.119664107307635,28.025908106720944
1617,-24.119664107307635,28.025908106720944
1617,-24.119664107307635,28.025908106720944
1617,-24.119664107307635,28.025908106720944
1617,-24.119664107307635,28.025908106720944
1617,-24.119664107307635,28.025908106720944
1617,-24.119664107307635,28.025908106720944
1618,-23.83638250301744,27.166354081822217
1618,-23.83638250301744,27.166354081822217
1618,-23.83638250301744,27.166354081822217
1618,-23.83638250301744,27.166354081822217
1618,-23.83638250301744,27.166354081822217
1618,-23.83638250301744,27.166354081822217
1618,-23.83638250301744,27.166354081822217
1619,-24.889324467956175,26.64645570014448
1619,-24.889324467956175,26.64645570014448
1619,-24.889324467956175,26.64645570014448
1619,-24.889324467956175,26.64645570014448
1619,-24.889324467956175,26.64645570014448
1619,-24.889324467956175,26.64645570014448
1619,-24.889324467956175,26.64645570014448
1620,-24.31572476600029,27.87832224164111
1620,-24.31572476600029,27.87832224164111
1620,-24.31572476600029,27.87832224164111
1620,-24.31572476600029,27.87832224164111
1620,-24.31572476600029,27.87832224164111
1620,-24.31572476600029,27.87832224164111
1620,-24.31572476600029,27.87832224164111
1621,-24.469304376782066,27.69981714261268
1621,-24.469304376782066,27.69981714261268
1621,-24.469304376782066,27.69981714261268
1621,-24.469304376782066,27.69981714261268
1621,-24.469304376782066,27.69981714261268
1621,-24.469304376782066,27.69981714261268
1621,-24.469304376782066,27.69981714261268
1622,-24.704988770055635,27.8797147127085
1622,-24.704988770055635,27.8797147127085
1622,-24.704988770055635,27.8797147127085
1622,-24.704988770055635,27.8797147127085
1622,-24.704988770055635,27.8797147127085
1622,-24.704988770055635,27.8797147127085
1622,-24.704988770055635,27.8797147127085
1623,-24.665573012249187,27.291772922197488
1623,-24.665573012249187,27.291772922197488
1623,-24.665573012249187,27.291772922197488
1623,-24.665573012249187,27.291772922197488
1623,-24.665573012249187,27.291772922197488
1623,-24.665573012249187,27.291772922197488
1623,-24.665573012249187,27.291772922197488
1624,-24.795855102603305,27.451334896447687
1624,-24.795855102603305,27.451334896447687
1624,-24.795855102603305,27.451334896447687
1624,-24.795855102603305,27.451334896447687
1624,-24.795855102603305,27.451334896447687
1624,-24.795855102603305,27.451334896447687
1624,-24.795855102603305,27.451334896447687
1625,-23.89405322201407,29.90738062186817
1625,-23.89405322201407,29.90738062186817
1625,-23.89405322201407,29.90738062186817
1625,-23.89405322201407,29.90738062186817
1625,-23.89405322201407,29.90738062186817
1625,-23.89405322201407,29.90738062186817
1625,-23.89405322201407,29.90738062186817
1626,-24.193261382250153,27.678536602140245
1626,-24.193261382250153,27.678536602140245
1626,-24.193261382250153,27.678536602140245
1626,-24.193261382250153,27.678536602140245
1626,-24.193261382250153,27.678536602140245
1626,-24.193261382250153,27.678536602140245
1626,-24.193261382250153,27.678536602140245
1627,-24.51015259575732,27.26403646110365
1627,-24.51015259575732,27.26403646110365
1627,-24.51015259575732,27.26403646110365
1627,-24.51015259575732,27.26403646110365
1627,-24.51015259575732,27.26403646110365
1627,-24.51015259575732,27.26403646110365
1627,-24.51015259575732,27.26403646110365
1628,-23.83466152829923,27.67635489030121
1628,-23.83466152829923,27.67635489030121
1628,-23.83466152829923,27.67635489030121
1628,-23.83466152829923,27.67635489030121
1628,-23.83466152829923,27.67635489030121
1628,-23.83466152829923,27.67635489030121
1628,-23.83466152829923,27.67635489030121
1629,-24.468763930652976,28.01090186160109
1629,-24.468763930652976,28.01090186160109
1629,-24.468763930652976,28.01090186160109
1629,-24.468763930652976,28.01090186160109
1629,-24.468763930652976,28.01090186160109
1629,-24.468763930652976,28.01090186160109
1629,-24.468763930652976,28.01090186160109
1630,-24.005693918505514,27.079556093313332
1630,-24.005693918505514,27.079556093313332
1630,-24.005693918505514,27.079556093313332
1630,-24.005693918505514,27.079556093313332
1630,-24.005693918505514,27.079556093313332
1630,-24.005693918505514,27.079556093313332
1630,-24.005693918505514,27.079556093313332
1631,-24.52868975111284,27.984942300737714
1631,-24.52868975111284,27.984942300737714
1631,-24.52868975111284,27.984942300737714
1631,-24.52868975111284,27.984942300737714
1631,-24.52868975111284,27.984942300737714
1631,-24.52868975111284,27.984942300737714
1631,-24.52868975111284,27.984942300737714
1632,-24.199447779666965,27.696455133882697
1632,-24.199447779666965,27.696455133882697
1632,-24.199447779666965,27.696455133882697
1632,-24.199447779666965,27.696455133882697
1632,-24.199447779666965,27.696455133882697
1632,-24.199447779666965,27.696455133882697
1632,-24.199447779666965,27.696455133882697
1633,-24.197298704842098,29.918618150161645
1633,-24.197298704842098,29.918618150161645
1633,-24.197298704842098,29.918618150161645
1633,-24.197298704842098,29.918618150161645
1633,-24.197298704842098,29.918618150161645
1633,-24.197298704842098,29.918618150161645
1633,-24.197298704842098,29.918618150161645
1634,-24.87388508136273,27.985086460602844
1634,-24.87388508136273,27.985086460602844
1634,-24.87388508136273,27.985086460602844
1634,-24.87388508136273,27.985086460602844
1634,-24.87388508136273,27.985086460602844
1634,-24.87388508136273,27.985086460602844
1634,-24.87388508136273,27.985086460602844
1635,-24.222986800322204,27.67745963184634
1635,-24.222986800322204,27.67745963184634
1635,-24.222986800322204,27.67745963184634
1635,-24.222986800322204,27.67745963184634
1635,-24.222986800322204,27.67745963184634
1635,-24.222986800322204,27.67745963184634
1635,-24.222986800322204,27.67745963184634
1636,-24.05675962503473,27.271385667060947
1636,-24.05675962503473,27.271385667060947
1636,-24.05675962503473,27.271385667060947
1636,-24.05675962503473,27.271385667060947
1636,-24.05675962503473,27.271385667060947
1636,-24.05675962503473,27.271385667060947
1636,-24.05675962503473,27.271385667060947
1637,-24.107756761808986,27.984942300737714
1637,-24.107756761808986,27.984942300737714
1637,-24.107756761808986,27.984942300737714
1637,-24.107756761808986,27.984942300737714
1637,-24.107756761808986,27.984942300737714
1637,-24.107756761808986,27.984942300737714
1637,-24.107756761808986,27.984942300737714
1638,-23.689511040781284,30.250748833138275
1638,-23.689511040781284,30.250748833138275
1638,-23.689511040781284,30.250748833138275
1638,-23.689511040781284,30.250748833138275
1638,-23.689511040781284,30.250748833138275
1638,-23.689511040781284,30.250748833138275
1638,-23.689511040781284,30.250748833138275
1639,-24.530372089938425,27.426334154594223
1639,-24.530372089938425,27.426334154594223
1639,-24.530372089938425,27.426334154594223
1639,-24.530372089938425,27.426334154594223
1639,-24.530372089938425,27.426334154594223
1639,-24.530372089938425,27.426334154594223
1639,-24.530372089938425,27.426334154594223
1640,-24.18581064215058,27.677373157468832
1640,-24.18581064215058,27.677373157468832
1640,-24.18581064215058,27.677373157468832
1640,-24.18581064215058,27.677373157468832
1640,-24.18581064215058,27.677373157468832
1640,-24.18581064215058,27.677373157468832
1640,-24.18581064215058,27.677373157468832
1641,-24.43623420257195,27.261066763291872
1641,-24.43623420257195,27.261066763291872
1641,-24.43623420257195,27.261066763291872
1641,-24.43623420257195,27.261066763291872
1641,-24.43623420257195,27.261066763291872
1641,-24.43623420257195,27.261066763291872
1641,-24.43623420257195,27.261066763291872
1642,-24.574818726815753,29.89230788381008
1642,-24.574818726815753,29.89230788381008
1642,-24.574818726815753,29.89230788381008
1642,-24.574818726815753,29.89230788381008
1642,-24.574818726815753,29.89230788381008
1642,-24.574818726815753,29.89230788381008
1642,-24.574818726815753,29.89230788381008
1643,-23.752335366123972,27.676081400728947
1643,-23.752335366123972,27.676081400728947
1643,-23.752335366123972,27.676081400728947
1643,-23.752335366123972,27.676081400728947
1643,-23.752335366123972,27.676081400728947
1643,-23.752335366123972,27.676081400728947
1643,-23.752335366123972,27.676081400728947
1644,-24.295446671932808,29.89230788381008
1644,-24.295446671932808,29.89230788381008
1644,-24.295446671932808,29.89230788381008
1644,-24.295446671932808,29.89230788381008
1644,-24.295446671932808,29.89230788381008
1644,-24.295446671932808,29.89230788381008
1644,-24.295446671932808,29.89230788381008
1645,-24.576009474056022,28.00390983009691
1645,-24.576009474056022,28.00390983009691
1645,-24.576009474056022,28.00390983009691
1645,-24.576009474056022,28.00390983009691
1645,-24.576009474056022,28.00390983009691
1645,-24.576009474056022,28.00390983009691
1645,-24.576009474056022,28.00390983009691
1646,-24.168978731601946,27.67748770841184
1646,-24.168978731601946,27.67748770841184
1646,-24.168978731601946,27.67748770841184
1646,-24.168978731601946,27.67748770841184
1646,-24.168978731601946,27.67748770841184
1646,-24.168978731601946,27.67748770841184
1646,-24.168978731601946,27.67748770841184
1647,-24.442870692594703,28.025173584360594
1647,-24.442870692594703,28.025173584360594
1647,-24.442870692594703,28.025173584360594
1647,-24.442870692594703,28.025173584360594
1647,-24.442870692594703,28.025173584360594
1647,-24.442870692594703,28.025173584360594
1647,-24.442870692594703,28.025173584360594
1648,-23.70982110891704,26.674644514241127
1648,-23.70982110891704,26.674644514241127
1648,-23.70982110891704,26.674644514241127
1648,-23.70982110891704,26.674644514241127
1648,-23.70982110891704,26.674644514241127
1648,-23.70982110891704,26.674644514241127
1648,-23.70982110891704,26.674644514241127
1649,-24.19000629818155,26.6365636170341
1649,-24.19000629818155,26.6365636170341
1649,-24.19000629818155,26.6365636170341
1649,-24.19000629818155,26.6365636170341
1649,-24.19000629818155,26.6365636170341
1649,-24.19000629818155,26.6365636170341
1649,-24.19000629818155,26.6365636170341
1650,-24.17419965285264,27.875572429122677
1650,-24.17419965285264,27.875572429122677
1650,-24.17419965285264,27.875572429122677
1650,-24.17419965285264,27.875572429122677
1650,-24.17419965285264,27.875572429122677
1650,-24.17419965285264,27.875572429122677
1650,-24.17419965285264,27.875572429122677
1651,-24.08423953790148,27.99976690011697
1651,-24.08423953790148,27.99976690011697
1651,-24.08423953790148,27.99976690011697
1651,-24.08423953790148,27.99976690011697
1651,-24.08423953790148,27.99976690011697
1651,-24.08423953790148,27.99976690011697
1651,-24.08423953790148,27.99976690011697
1652,-23.50447901510469,27.984942300737714
1652,-23.50447901510469,27.984942300737714
1652,-23.50447901510469,27.984942300737714
1652,-23.50447901510469,27.984942300737714
1652,-23.50447901510469,27.984942300737714
1652,-23.50447901510469,27.984942300737714
1652,-23.50447901510469,27.984942300737714
1653,-24.606438044839035,27.678751388586225
1653,-24.606438044839035,27.678751388586225
1653,-24.606438044839035,27.678751388586225
1653,-24.606438044839035,27.678751388586225
1653,-24.606438044839035,27.678751388586225
1653,-24.606438044839035,27.678751388586225
1653,-24.606438044839035,27.678751388586225
1654,-23.531077724658914,30.255156078048064
1654,-23.531077724658914,30.255156078048064
1654,-23.531077724658914,30.255156078048064
1654,-23.531077724658914,30.255156078048064
1654,-23.531077724658914,30.255156078048064
1654,-23.531077724658914,30.255156078048064
1654,-23.531077724658914,30.255156078048064
1655,-24.19818433111803,27.427508813953196
1655,-24.19818433111803,27.427508813953196
1655,-24.19818433111803,27.427508813953196
1655,-24.19818433111803,27.427508813953196
1655,-24.19818433111803,27.427508813953196
1655,-24.19818433111803,27.427508813953196
1655,-24.19818433111803,27.427508813953196
1656,-24.39041220498991,28.00390983009691
1656,-24.39041220498991,28.00390983009691
1656,-24.39041220498991,28.00390983009691
1656,-24.39041220498991,28.00390983009691
1656,-24.39041220498991,28.00390983009691
1656,-24.39041220498991,28.00390983009691
1656,-24.39041220498991,28.00390983009691
1657,-25.17479592830301,27.875643055703527
1657,-25.17479592830301,27.875643055703527
1657,-25.17479592830301,27.875643055703527
1657,-25.17479592830301,27.875643055703527
1657,-25.17479592830301,27.875643055703527
1657,-25.17479592830301,27.875643055703527
1657,-25.17479592830301,27.875643055703527
1658,-24.595495819648043,27.894610481174382
1658,-24.595495819648043,27.894610481174382
1658,-24.595495819648043,27.894610481174382
1658,-24.595495819648043,27.894610481174382
1658,-24.595495819648043,27.894610481174382
1658,-24.595495819648043,27.894610481174382
1658,-24.595495819648043,27.894610481174382
1659,-24.92098785019966,29.904141708778667
1659,-24.92098785019966,29.904141708778667
1659,-24.92098785019966,29.904141708778667
1659,-24.92098785019966,29.904141708778667
1659,-24.92098785019966,29.904141708778667
1659,-24.92098785019966,29.904141708778667
1659,-24.92098785019966,29.904141708778667
1660,-24.12012571471051,27.87832224164111
1660,-24.12012571471051,27.87832224164111
1660,-24.12012571471051,27.87832224164111
1660,-24.12012571471051,27.87832224164111
1660,-24.12012571471051,27.87832224164111
1660,-24.12012571471051,27.87832224164111
1660,-24.12012571471051,27.87832224164111
1661,-23.504199816219153,27.427438187372346
1661,-23.504199816219153,27.427438187372346
1661,-23.504199816219153,27.427438187372346
1661,-23.504199816219153,27.427438187372346
1661,-23.504199816219153,27.427438187372346
1661,-23.504199816219153,27.427438187372346
1661,-23.504199816219153,27.427438187372346
1662,-23.973912314714315,27.424329972189174
1662,-23.973912314714315,27.424329972189174
1662,-23.973912314714315,27.424329972189174
1662,-23.973912314714315,27.424329972189174
1662,-23.973912314714315,27.424329972189174
1662,-23.973912314714315,27.424329972189174
1662,-23.973912314714315,27.424329972189174
1663,-24.261524684545076,27.875572429122677
1663,-24.261524684545076,27.875572429122677
1663,-24.261524684545076,27.875572429122677
1663,-24.261524684545076,27.875572429122677
1663,-24.261524684545076,27.875572429122677
1663,-24.261524684545076,27.875572429122677
1663,-24.261524684545076,27.875572429122677
1664,-24.58243477848105,27.676096179493072
1664,-24.58243477848105,27.676096179493072
1664,-24.58243477848105,27.676096179493072
1664,-24.58243477848105,27.676096179493072
1664,-24.58243477848105,27.676096179493072
1664,-24.58243477848105,27.676096179493072
1664,-24.58243477848105,27.676096179493072
1665,-24.689655388110673,29.89230788381008
1665,-24.689655388110673,29.89230788381008
1665,-24.689655388110673,29.89230788381008
1665,-24.689655388110673,29.89230788381008
1665,-24.689655388110673,29.89230788381008
1665,-24.689655388110673,29.89230788381008
1665,-24.689655388110673,29.89230788381008
1666,-23.958479980289827,26.644398910481414
1666,-23.958479980289827,26.644398910481414
1666,-23.958479980289827,26.644398910481414
1666,-23.958479980289827,26.644398910481414
1666,-23.958479980289827,26.644398910481414
1666,-23.958479980289827,26.644398910481414
1666,-23.958479980289827,26.644398910481414
1667,-24.68411913746718,27.424343893715612
1667,-24.68411913746718,27.424343893715612
1667,-24.68411913746718,27.424343893715612
1667,-24.68411913746718,27.424343893715612
1667,-24.68411913746718,27.424343893715612
1667,-24.68411913746718,27.424343893715612
1667,-24.68411913746718,27.424343893715612
1668,-24.451228387753883,27.7165541113061
1668,-24.451228387753883,27.7165541113061
1668,-24.451228387753883,27.7165541113061
1668,-24.451228387753883,27.7165541113061
1668,-24.451228387753883,27.7165541113061
1668,-24.451228387753883,27.7165541113061
1668,-24.451228387753883,27.7165541113061
1669,-24.100304769998292,27.87846640150624
1669,-24.100304769998292,27.87846640150624
1669,-24.100304769998292,27.87846640150624
1669,-24.100304769998292,27.87846640150624
1669,-24.100304769998292,27.87846640150624
1669,-24.100304769998292,27.87846640150624
1669,-24.100304769998292,27.87846640150624
1670,-24.364152542669085,27.875643055703527
1670,-24.364152542669085,27.875643055703527
1670,-24.364152542669085,27.875643055703527
1670,-24.364152542669085,27.875643055703527
1670,-24.364152542669085,27.875643055703527
1670,-24.364152542669085,27.875643055703527
1670,-24.364152542669085,27.875643055703527
1671,-23.959358852587798,27.085186734593986
1671,-23.959358852587798,27.085186734593986
1671,-23.959358852587798,27.085186734593986
1671,-23.959358852587798,27.085186734593986
1671,-23.959358852587798,27.085186734593986
1671,-23.959358852587798,27.085186734593986
1671,-23.959358852587798,27.085186734593986
1672,-23.843417389609822,27.696930945434907
1672,-23.843417389609822,27.696930945434907
1672,-23.843417389609822,27.696930945434907
1672,-23.843417389609822,27.696930945434907
1672,-23.843417389609822,27.696930945434907
1672,-23.843417389609822,27.696930945434907
1672,-23.843417389609822,27.696930945434907
1673,-23.9098182212407,27.696196526962897
1673,-23.9098182212407,27.696196526962897
1673,-23.9098182212407,27.696196526962897
1673,-23.9098182212407,27.696196526962897
1673,-23.9098182212407,27.696196526962897
1673,-23.9098182212407,27.696196526962897
1673,-23.9098182212407,27.696196526962897
1674,-24.015884009814908,27.87978533928935
1674,-24.015884009814908,27.87978533928935
1674,-24.015884009814908,27.87978533928935
1674,-24.015884009814908,27.87978533928935
1674,-24.015884009814908,27.87978533928935
1674,-24.015884009814908,27.87978533928935
1674,-24.015884009814908,27.87978533928935
1675,-24.793736888868462,27.674052769080166
1675,-24.793736888868462,27.674052769080166
1675,-24.793736888868462,27.674052769080166
1675,-24.793736888868462,27.674052769080166
1675,-24.793736888868462,27.674052769080166
1675,-24.793736888868462,27.674052769080166
1675,-24.793736888868462,27.674052769080166
1676,-24.657506217495452,27.984942300737714
1676,-24.657506217495452,27.984942300737714
1676,-24.657506217495452,27.984942300737714
1676,-24.657506217495452,27.984942300737714
1676,-24.657506217495452,27.984942300737714
1676,-24.657506217495452,27.984942300737714
1676,-24.657506217495452,27.984942300737714
1677,-24.69672200495861,27.483645775711622
1677,-24.69672200495861,27.483645775711622
1677,-24.69672200495861,27.483645775711622
1677,-24.69672200495861,27.483645775711622
1677,-24.69672200495861,27.483645775711622
1677,-24.69672200495861,27.483645775711622
1677,-24.69672200495861,27.483645775711622
1678,-24.223518963955797,28.0116763340142
1678,-24.223518963955797,28.0116763340142
1678,-24.223518963955797,28.0116763340142
1678,-24.223518963955797,28.0116763340142
1678,-24.223518963955797,28.0116763340142
1678,-24.223518963955797,28.0116763340142
1678,-24.223518963955797,28.0116763340142
1679,-24.519087038931346,27.69757475808029
1679,-24.519087038931346,27.69757475808029
1679,-24.519087038931346,27.69757475808029
1679,-24.519087038931346,27.69757475808029
1679,-24.519087038931346,27.69757475808029
1679,-24.519087038931346,27.69757475808029
1679,-24.519087038931346,27.69757475808029
1680,-25.31411044464397,27.894610585062722
1680,-25.31411044464397,27.894610585062722
1680,-25.31411044464397,27.894610585062722
1680,-25.31411044464397,27.894610585062722
1680,-25.31411044464397,27.894610585062722
1680,-25.31411044464397,27.894610585062722
1680,-25.31411044464397,27.894610585062722
1681,-24.475822488648635,27.8982312007125
1681,-24.475822488648635,27.8982312007125
1681,-24.475822488648635,27.8982312007125
1681,-24.475822488648635,27.8982312007125
1681,-24.475822488648635,27.8982312007125
1681,-24.475822488648635,27.8982312007125
1681,-24.475822488648635,27.8982312007125
1682,-24.358172337038745,27.87832224164111
1682,-24.358172337038745,27.87832224164111
1682,-24.358172337038745,27.87832224164111
1682,-24.358172337038745,27.87832224164111
1682,-24.358172337038745,27.87832224164111
1682,-24.358172337038745,27.87832224164111
1682,-24.358172337038745,27.87832224164111
1683,-23.188330544046256,27.166801353536513
1683,-23.188330544046256,27.166801353536513
1683,-23.188330544046256,27.166801353536513
1683,-23.188330544046256,27.166801353536513
1683,-23.188330544046256,27.166801353536513
1683,-23.188330544046256,27.166801353536513
1683,-23.188330544046256,27.166801353536513
1684,-24.802628070133636,27.267215302867672
1684,-24.802628070133636,27.267215302867672
1684,-24.802628070133636,27.267215302867672
1684,-24.802628070133636,27.267215302867672
1684,-24.802628070133636,27.267215302867672
1684,-24.802628070133636,27.267215302867672
1684,-24.802628070133636,27.267215302867672
1685,-24.26201905112142,27.992078492107026
1685,-24.26201905112142,27.992078492107026
1685,-24.26201905112142,27.992078492107026
1685,-24.26201905112142,27.992078492107026
1685,-24.26201905112142,27.992078492107026
1685,-24.26201905112142,27.992078492107026
1685,-24.26201905112142,27.992078492107026
1686,-23.850177037269926,27.67741708183099
1686,-23.850177037269926,27.67741708183099
1686,-23.850177037269926,27.67741708183099
1686,-23.850177037269926,27.67741708183099
1686,-23.850177037269926,27.67741708183099
1686,-23.850177037269926,27.67741708183099
1686,-23.850177037269926,27.67741708183099
1687,-23.97526740976386,29.89230788381008
1687,-23.97526740976386,29.89230788381008
1687,-23.97526740976386,29.89230788381008
1687,-23.97526740976386,29.89230788381008
1687,-23.97526740976386,29.89230788381008
1687,-23.97526740976386,29.89230788381008
1687,-23.97526740976386,29.89230788381008
1688,-23.924070856588216,27.874510237592897
1688,-23.924070856588216,27.874510237592897
1688,-23.924070856588216,27.874510237592897
1688,-23.924070856588216,27.874510237592897
1688,-23.924070856588216,27.874510237592897
1688,-23.924070856588216,27.874510237592897
1688,-23.924070856588216,27.874510237592897
1689,-23.734027527365033,29.89230788381008
1689,-23.734027527365033,29.89230788381008
1689,-23.734027527365033,29.89230788381008
1689,-23.734027527365033,29.89230788381008
1689,-23.734027527365033,29.89230788381008
1689,-23.734027527365033,29.89230788381008
1689,-23.734027527365033,29.89230788381008
1690,-22.937984315687697,27.424343893715612
1690,-22.937984315687697,27.424343893715612
1690,-22.937984315687697,27.424343893715612
1690,-22.937984315687697,27.424343893715612
1690,-22.937984315687697,27.424343893715612
1690,-22.937984315687697,27.424343893715612
1690,-22.937984315687697,27.424343893715612
1691,-24.46995910166022,27.678607228721095
1691,-24.46995910166022,27.678607228721095
1691,-24.46995910166022,27.678607228721095
1691,-24.46995910166022,27.678607228721095
1691,-24.46995910166022,27.678607228721095
1691,-24.46995910166022,27.678607228721095
1691,-24.46995910166022,27.678607228721095
1692,-25.25492418712028,27.426375995842566
1692,-25.25492418712028,27.426375995842566
1692,-25.25492418712028,27.426375995842566
1692,-25.25492418712028,27.426375995842566
1692,-25.25492418712028,27.426375995842566
1692,-25.25492418712028,27.426375995842566
1692,-25.25492418712028,27.426375995842566
1693,-23.49673315558627,28.01452247725087
1693,-23.49673315558627,28.01452247725087
1693,-23.49673315558627,28.01452247725087
1693,-23.49673315558627,28.01452247725087
1693,-23.49673315558627,28.01452247725087
1693,-23.49673315558627,28.01452247725087
1693,-23.49673315558627,28.01452247725087
1694,-23.719338381691806,27.677158371022852
1694,-23.719338381691806,27.677158371022852
1694,-23.719338381691806,27.677158371022852
1694,-23.719338381691806,27.677158371022852
1694,-23.719338381691806,27.677158371022852
1694,-23.719338381691806,27.677158371022852
1694,-23.719338381691806,27.677158371022852
1695,-24.05124659994992,27.89875286864854
1695,-24.05124659994992,27.89875286864854
1695,-24.05124659994992,27.89875286864854
1695,-24.05124659994992,27.89875286864854
1695,-24.05124659994992,27.89875286864854
1695,-24.05124659994992,27.89875286864854
1695,-24.05124659994992,27.89875286864854
1696,-24.012991544412206,26.642363050723098
1696,-24.012991544412206,26.642363050723098
1696,-24.012991544412206,26.642363050723098
1696,-24.012991544412206,26.642363050723098
1696,-24.012991544412206,26.642363050723098
1696,-24.012991544412206,26.642363050723098
1696,-24.012991544412206,26.642363050723098
1697,-24.385747206719945,27.678536602140245
1697,-24.385747206719945,27.678536602140245
1697,-24.385747206719945,27.678536602140245
1697,-24.385747206719945,27.678536602140245
1697,-24.385747206719945,27.678536602140245
1697,-24.385747206719945,27.678536602140245
1697,-24.385747206719945,27.678536602140245
1698,-24.333766788614785,28.00753044574669
1698,-24.333766788614785,28.00753044574669
1698,-24.333766788614785,28.00753044574669
1698,-24.333766788614785,28.00753044574669
1698,-24.333766788614785,28.00753044574669
1698,-24.333766788614785,28.00753044574669
1698,-24.333766788614785,28.00753044574669
1699,-24.088595485939567,29.888676983214843
1699,-24.088595485939567,29.888676983214843
1699,-24.088595485939567,29.888676983214843
1699,-24.088595485939567,29.888676983214843
1699,-24.088595485939567,29.888676983214843
1699,-24.088595485939567,29.888676983214843
1699,-24.088595485939567,29.888676983214843
1700,-24.52398502021578,28.025173688248934
1700,-24.52398502021578,28.025173688248934
1700,-24.52398502021578,28.025173688248934
1700,-24.52398502021578,28.025173688248934
1700,-24.52398502021578,28.025173688248934
1700,-24.52398502021578,28.025173688248934
1700,-24.52398502021578,28.025173688248934
1701,-23.867967884720873,28.00635031875487
1701,-23.867967884720873,28.00635031875487
1701,-23.867967884720873,28.00635031875487
1701,-23.867967884720873,28.00635031875487
1701,-23.867967884720873,28.00635031875487
1701,-23.867967884720873,28.00635031875487
1701,-23.867967884720873,28.00635031875487
1702,-24.1711479217901,28.025173584360594
1702,-24.1711479217901,28.025173584360594
1702,-24.1711479217901,28.025173584360594
1702,-24.1711479217901,28.025173584360594
1702,-24.1711479217901,28.025173584360594
1702,-24.1711479217901,28.025173584360594
1702,-24.1711479217901,28.025173584360594
1703,-24.226006700339777,27.0820811326513
1703,-24.226006700339777,27.0820811326513
1703,-24.226006700339777,27.0820811326513
1703,-24.226006700339777,27.0820811326513
1703,-24.226006700339777,27.0820811326513
1703,-24.226006700339777,27.0820811326513
1703,-24.226006700339777,27.0820811326513
1704,-23.688092876317583,27.19509076640699
1704,-23.688092876317583,27.19509076640699
1704,-23.688092876317583,27.19509076640699
1704,-23.688092876317583,27.19509076640699
1704,-23.688092876317583,27.19509076640699
1704,-23.688092876317583,27.19509076640699
1704,-23.688092876317583,27.19509076640699
1705,-24.125287313706828,27.382081317363067
1705,-24.125287313706828,27.382081317363067
1705,-24.125287313706828,27.382081317363067
1705,-24.125287313706828,27.382081317363067
1705,-24.125287313706828,27.382081317363067
1705,-24.125287313706828,27.382081317363067
1705,-24.125287313706828,27.382081317363067
1706,-23.537222768082575,27.677474410610465
1706,-23.537222768082575,27.677474410610465
1706,-23.537222768082575,27.677474410610465
1706,-23.537222768082575,27.677474410610465
1706,-23.537222768082575,27.677474410610465
1706,-23.537222768082575,27.677474410610465
1706,-23.537222768082575,27.677474410610465
1707,-24.46472086209089,29.889421686632307
1707,-24.46472086209089,29.889421686632307
1707,-24.46472086209089,29.889421686632307
1707,-24.46472086209089,29.889421686632307
1707,-24.46472086209089,29.889421686632307
1707,-24.46472086209089,29.889421686632307
1707,-24.46472086209089,29.889421686632307
1708,-23.766929315574927,27.89875286864854
1708,-23.766929315574927,27.89875286864854
1708,-23.766929315574927,27.89875286864854
1708,-23.766929315574927,27.89875286864854
1708,-23.766929315574927,27.89875286864854
1708,-23.766929315574927,27.89875286864854
1708,-23.766929315574927,27.89875286864854
1709,-23.999012561440498,28.04516157906344
1709,-23.999012561440498,28.04516157906344
1709,-23.999012561440498,28.04516157906344
1709,-23.999012561440498,28.04516157906344
1709,-23.999012561440498,28.04516157906344
1709,-23.999012561440498,28.04516157906344
1709,-23.999012561440498,28.04516157906344
1710,-24.204178733939475,26.67078229202703
1710,-24.204178733939475,26.67078229202703
1710,-24.204178733939475,26.67078229202703
1710,-24.204178733939475,26.67078229202703
1710,-24.204178733939475,26.67078229202703
1710,-24.204178733939475,26.67078229202703
1710,-24.204178733939475,26.67078229202703
1711,-24.04817041529069,27.678607228721095
1711,-24.04817041529069,27.678607228721095
1711,-24.04817041529069,27.678607228721095
1711,-24.04817041529069,27.678607228721095
1711,-24.04817041529069,27.678607228721095
1711,-24.04817041529069,27.678607228721095
1711,-24.04817041529069,27.678607228721095
1712,-23.69258811458206,26.640554663008018
1712,-23.69258811458206,26.640554663008018
1712,-23.69258811458206,26.640554663008018
1712,-23.69258811458206,26.640554663008018
1712,-23.69258811458206,26.640554663008018
1712,-23.69258811458206,26.640554663008018
1712,-23.69258811458206,26.640554663008018
1713,-24.297366604893696,28.028794303898714
1713,-24.297366604893696,28.028794303898714
1713,-24.297366604893696,28.028794303898714
1713,-24.297366604893696,28.028794303898714
1713,-24.297366604893696,28.028794303898714
1713,-24.297366604893696,28.028794303898714
1713,-24.297366604893696,28.028794303898714
1714,-24.812335168609028,27.67605433824473
1714,-24.812335168609028,27.67605433824473
1714,-24.812335168609028,27.67605433824473
1714,-24.812335168609028,27.67605433824473
1714,-24.812335168609028,27.67605433824473
1714,-24.812335168609028,27.67605433824473
1714,-24.812335168609028,27.67605433824473
1715,-24.242878102537546,27.451361958931905
1715,-24.242878102537546,27.451361958931905
1715,-24.242878102537546,27.451361958931905
1715,-24.242878102537546,27.451361958931905
1715,-24.242878102537546,27.451361958931905
1715,-24.242878102537546,27.451361958931905
1715,-24.242878102537546,27.451361958931905
1716,-24.018755510088877,27.992078492107026
1716,-24.018755510088877,27.992078492107026
1716,-24.018755510088877,27.992078492107026
1716,-24.018755510088877,27.992078492107026
1716,-24.018755510088877,27.992078492107026
1716,-24.018755510088877,27.992078492107026
1716,-24.018755510088877,27.992078492107026
1717,-24.809664679255476,27.29629953070002
1717,-24.809664679255476,27.29629953070002
1717,-24.809664679255476,27.29629953070002
1717,-24.809664679255476,27.29629953070002
1717,-24.809664679255476,27.29629953070002
1717,-24.809664679255476,27.29629953070002
1717,-24.809664679255476,27.29629953070002
1718,-23.448229921988887,28.028794303898714
1718,-23.448229921988887,28.028794303898714
1718,-23.448229921988887,28.028794303898714
1718,-23.448229921988887,28.028794303898714
1718,-23.448229921988887,28.028794303898714
1718,-23.448229921988887,28.028794303898714
1718,-23.448229921988887,28.028794303898714
1719,-24.16929893107243,27.67635489030121
1719,-24.16929893107243,27.67635489030121
1719,-24.16929893107243,27.67635489030121
1719,-24.16929893107243,27.67635489030121
1719,-24.16929893107243,27.67635489030121
1719,-24.16929893107243,27.67635489030121
1719,-24.16929893107243,27.67635489030121
1720,-24.361711259430436,29.897078539268588
1720,-24.361711259430436,29.897078539268588
1720,-24.361711259430436,29.897078539268588
1720,-24.361711259430436,29.897078539268588
1720,-24.361711259430436,29.897078539268588
1720,-24.361711259430436,29.897078539268588
1720,-24.361711259430436,29.897078539268588
1721,-24.780456772985698,27.67605433824473
1721,-24.780456772985698,27.67605433824473
1721,-24.780456772985698,27.67605433824473
1721,-24.780456772985698,27.67605433824473
1721,-24.780456772985698,27.67605433824473
1721,-24.780456772985698,27.67605433824473
1721,-24.780456772985698,27.67605433824473
1722,-24.615269673510912,27.153930814084042
1722,-24.615269673510912,27.153930814084042
1722,-24.615269673510912,27.153930814084042
1722,-24.615269673510912,27.153930814084042
1722,-24.615269673510912,27.153930814084042
1722,-24.615269673510912,27.153930814084042
1722,-24.615269673510912,27.153930814084042
1723,-24.893238689042736,27.8982312007125
1723,-24.893238689042736,27.8982312007125
1723,-24.893238689042736,27.8982312007125
1723,-24.893238689042736,27.8982312007125
1723,-24.893238689042736,27.8982312007125
1723,-24.893238689042736,27.8982312007125
1723,-24.893238689042736,27.8982312007125
1724,-25.157234719687636,27.67763186827697
1724,-25.157234719687636,27.67763186827697
1724,-25.157234719687636,27.67763186827697
1724,-25.157234719687636,27.67763186827697
1724,-25.157234719687636,27.67763186827697
1724,-25.157234719687636,27.67763186827697
1724,-25.157234719687636,27.67763186827697
1725,-23.70815617578858,26.670500348528556
1725,-23.70815617578858,26.670500348528556
1725,-23.70815617578858,26.670500348528556
1725,-23.70815617578858,26.670500348528556
1725,-23.70815617578858,26.670500348528556
1725,-23.70815617578858,26.670500348528556
1725,-23.70815617578858,26.670500348528556
1726,-24.546623681050022,27.297618349924125
1726,-24.546623681050022,27.297618349924125
1726,-24.546623681050022,27.297618349924125
1726,-24.546623681050022,27.297618349924125
1726,-24.546623681050022,27.297618349924125
1726,-24.546623681050022,27.297618349924125
1726,-24.546623681050022,27.297618349924125
1727,-23.9514359164594,27.875572429122677
1727,-23.9514359164594,27.875572429122677
1727,-23.9514359164594,27.875572429122677
1727,-23.9514359164594,27.875572429122677
1727,-23.9514359164594,27.875572429122677
1727,-23.9514359164594,27.875572429122677
1727,-23.9514359164594,27.875572429122677
1728,-24.62904566829663,28.00390983009691
1728,-24.62904566829663,28.00390983009691
1728,-24.62904566829663,28.00390983009691
1728,-24.62904566829663,28.00390983009691
1728,-24.62904566829663,28.00390983009691
1728,-24.62904566829663,28.00390983009691
1728,-24.62904566829663,28.00390983009691
1729,-24.432186300759476,28.8234670759386
1729,-24.432186300759476,28.8234670759386
1729,-24.432186300759476,28.8234670759386
1729,-24.432186300759476,28.8234670759386
1729,-24.432186300759476,28.8234670759386
1729,-24.432186300759476,28.8234670759386
1729,-24.432186300759476,28.8234670759386
1730,-24.51088370015407,27.19509076640699
1730,-24.51088370015407,27.19509076640699
1730,-24.51088370015407,27.19509076640699
1730,-24.51088370015407,27.19509076640699
1730,-24.51088370015407,27.19509076640699
1730,-24.51088370015407,27.19509076640699
1730,-24.51088370015407,27.19509076640699
1731,-24.899841165841462,27.427438187372346
1731,-24.899841165841462,27.427438187372346
1731,-24.899841165841462,27.427438187372346
1731,-24.899841165841462,27.427438187372346
1731,-24.899841165841462,27.427438187372346
1731,-24.899841165841462,27.427438187372346
1731,-24.899841165841462,27.427438187372346
1732,-24.246176956031658,27.674322788174255
1732,-24.246176956031658,27.674322788174255
1732,-24.246176956031658,27.674322788174255
1732,-24.246176956031658,27.674322788174255
1732,-24.246176956031658,27.674322788174255
1732,-24.246176956031658,27.674322788174255
1732,-24.246176956031658,27.674322788174255
1733,-24.058554784644734,26.636893158922703
1733,-24.058554784644734,26.636893158922703
1733,-24.058554784644734,26.636893158922703
1733,-24.058554784644734,26.636893158922703
1733,-24.058554784644734,26.636893158922703
1733,-24.058554784644734,26.636893158922703
1733,-24.058554784644734,26.636893158922703
1734,-23.508031144527184,27.701195373730073
1734,-23.508031144527184,27.701195373730073
1734,-23.508031144527184,27.701195373730073
1734,-23.508031144527184,27.701195373730073
1734,-23.508031144527184,27.701195373730073
1734,-23.508031144527184,27.701195373730073
1734,-23.508031144527184,27.701195373730073
1735,-24.269458134403894,27.87992949915448
1735,-24.269458134403894,27.87992949915448
1735,-24.269458134403894,27.87992949915448
1735,-24.269458134403894,27.87992949915448
1735,-24.269458134403894,27.87992949915448
1735,-24.269458134403894,27.87992949915448
1735,-24.269458134403894,27.87992949915448
1736,-24.559258301884675,27.894610585062722
1736,-24.559258301884675,27.894610585062722
1736,-24.559258301884675,27.894610585062722
1736,-24.559258301884675,27.894610585062722
1736,-24.559258301884675,27.894610585062722
1736,-24.559258301884675,27.894610585062722
1736,-24.559258301884675,27.894610585062722
1737,-24.47849315460499,27.874495458828772
1737,-24.47849315460499,27.874495458828772
1737,-24.47849315460499,27.874495458828772
1737,-24.47849315460499,27.874495458828772
1737,-24.47849315460499,27.874495458828772
1737,-24.47849315460499,27.874495458828772
1737,-24.47849315460499,27.874495458828772
1738,-24.660674167500236,27.874510237592897
1738,-24.660674167500236,27.874510237592897
1738,-24.660674167500236,27.874510237592897
1738,-24.660674167500236,27.874510237592897
1738,-24.660674167500236,27.874510237592897
1738,-24.660674167500236,27.874510237592897
1738,-24.660674167500236,27.874510237592897
1739,-25.32342072113277,28.00390983009691
1739,-25.32342072113277,28.00390983009691
1739,-25.32342072113277,28.00390983009691
1739,-25.32342072113277,28.00390983009691
1739,-25.32342072113277,28.00390983009691
1739,-25.32342072113277,28.00390983009691
1739,-25.32342072113277,28.00390983009691
1740,-24.05053698471849,28.025908106720944
1740,-24.05053698471849,28.025908106720944
1740,-24.05053698471849,28.025908106720944
1740,-24.05053698471849,28.025908106720944
1740,-24.05053698471849,28.025908106720944
1740,-24.05053698471849,28.025908106720944
1740,-24.05053698471849,28.025908106720944
1741,-24.332472863637403,26.64645570014448
1741,-24.332472863637403,26.64645570014448
1741,-24.332472863637403,26.64645570014448
1741,-24.332472863637403,26.64645570014448
1741,-24.332472863637403,26.64645570014448
1741,-24.332472863637403,26.64645570014448
1741,-24.332472863637403,26.64645570014448
1742,-23.74557178962248,27.696196526962897
1742,-23.74557178962248,27.696196526962897
1742,-23.74557178962248,27.696196526962897
1742,-23.74557178962248,27.696196526962897
1742,-23.74557178962248,27.696196526962897
1742,-23.74557178962248,27.696196526962897
1742,-23.74557178962248,27.696196526962897
1743,-25.043100267481577,27.8982312007125
1743,-25.043100267481577,27.8982312007125
1743,-25.043100267481577,27.8982312007125
1743,-25.043100267481577,27.8982312007125
1743,-25.043100267481577,27.8982312007125
1743,-25.043100267481577,27.8982312007125
1743,-25.043100267481577,27.8982312007125
1744,-24.32642291407926,27.674052769080166
1744,-24.32642291407926,27.674052769080166
1744,-24.32642291407926,27.674052769080166
1744,-24.32642291407926,27.674052769080166
1744,-24.32642291407926,27.674052769080166
1744,-24.32642291407926,27.674052769080166
1744,-24.32642291407926,27.674052769080166
1745,-23.166398529202027,27.992078492107026
1745,-23.166398529202027,27.992078492107026
1745,-23.166398529202027,27.992078492107026
1745,-23.166398529202027,27.992078492107026
1745,-23.166398529202027,27.992078492107026
1745,-23.166398529202027,27.992078492107026
1745,-23.166398529202027,27.992078492107026
1746,-24.045701706545614,28.025173688248934
1746,-24.045701706545614,28.025173688248934
1746,-24.045701706545614,28.025173688248934
1746,-24.045701706545614,28.025173688248934
1746,-24.045701706545614,28.025173688248934
1746,-24.045701706545614,28.025173688248934
1746,-24.045701706545614,28.025173688248934
1747,-24.304081184315642,27.985086460602844
1747,-24.304081184315642,27.985086460602844
1747,-24.304081184315642,27.985086460602844
1747,-24.304081184315642,27.985086460602844
1747,-24.304081184315642,27.985086460602844
1747,-24.304081184315642,27.985086460602844
1747,-24.304081184315642,27.985086460602844
1748,-24.68626148608564,27.428221539930675
1748,-24.68626148608564,27.428221539930675
1748,-24.68626148608564,27.428221539930675
1748,-24.68626148608564,27.428221539930675
1748,-24.68626148608564,27.428221539930675
1748,-24.68626148608564,27.428221539930675
1748,-24.68626148608564,27.428221539930675
1749,-24.363498003717964,27.985086460602844
1749,-24.363498003717964,27.985086460602844
1749,-24.363498003717964,27.985086460602844
1749,-24.363498003717964,27.985086460602844
1749,-24.363498003717964,27.985086460602844
1749,-24.363498003717964,27.985086460602844
1749,-24.363498003717964,27.985086460602844
1750,-24.4441579028404,27.894610585062722
1750,-24.4441579028404,27.894610585062722
1750,-24.4441579028404,27.894610585062722
1750,-24.4441579028404,27.894610585062722
1750,-24.4441579028404,27.894610585062722
1750,-24.4441579028404,27.894610585062722
1750,-24.4441579028404,27.894610585062722
1751,-25.046596606949038,28.00390983009691
1751,-25.046596606949038,28.00390983009691
1751,-25.046596606949038,28.00390983009691
1751,-25.046596606949038,28.00390983009691
1751,-25.046596606949038,28.00390983009691
1751,-25.046596606949038,28.00390983009691
1751,-25.046596606949038,28.00390983009691
1752,-24.618832728798157,27.875572429122677
1752,-24.618832728798157,27.875572429122677
1752,-24.618832728798157,27.875572429122677
1752,-24.618832728798157,27.875572429122677
1752,-24.618832728798157,27.875572429122677
1752,-24.618832728798157,27.875572429122677
1752,-24.618832728798157,27.875572429122677
1753,-24.08116317369152,27.69757475808029
1753,-24.08116317369152,27.69757475808029
1753,-24.08116317369152,27.69757475808029
1753,-24.08116317369152,27.69757475808029
1753,-24.08116317369152,27.69757475808029
1753,-24.08116317369152,27.69757475808029
1753,-24.08116317369152,27.69757475808029
1754,-24.298383340124,28.025173688248934
1754,-24.298383340124,28.025173688248934
1754,-24.298383340124,28.025173688248934
1754,-24.298383340124,28.025173688248934
1754,-24.298383340124,28.025173688248934
1754,-24.298383340124,28.025173688248934
1754,-24.298383340124,28.025173688248934
1755,-24.02587754542937,26.779873636000676
1755,-24.02587754542937,26.779873636000676
1755,-24.02587754542937,26.779873636000676
1755,-24.02587754542937,26.779873636000676
1755,-24.02587754542937,26.779873636000676
1755,-24.02587754542937,26.779873636000676
1755,-24.02587754542937,26.779873636000676
1756,-23.612262807922917,27.88625577767498
1756,-23.612262807922917,27.88625577767498
1756,-23.612262807922917,27.88625577767498
1756,-23.612262807922917,27.88625577767498
1756,-23.612262807922917,27.88625577767498
1756,-23.612262807922917,27.88625577767498
1756,-23.612262807922917,27.88625577767498
1757,-24.51595445902704,27.875787215568657
1757,-24.51595445902704,27.875787215568657
1757,-24.51595445902704,27.875787215568657
1757,-24.51595445902704,27.875787215568657
1757,-24.51595445902704,27.875787215568657
1757,-24.51595445902704,27.875787215568657
1757,-24.51595445902704,27.875787215568657
1758,-24.98164324172087,29.888676983214843
1758,-24.98164324172087,29.888676983214843
1758,-24.98164324172087,29.888676983214843
1758,-24.98164324172087,29.888676983214843
1758,-24.98164324172087,29.888676983214843
1758,-24.98164324172087,29.888676983214843
1758,-24.98164324172087,29.888676983214843
1759,-24.15725350438241,28.00390983009691
1759,-24.15725350438241,28.00390983009691
1759,-24.15725350438241,28.00390983009691
1759,-24.15725350438241,28.00390983009691
1759,-24.15725350438241,28.00390983009691
1759,-24.15725350438241,28.00390983009691
1759,-24.15725350438241,28.00390983009691
1760,-25.053367140088557,27.875643055703527
1760,-25.053367140088557,27.875643055703527
1760,-25.053367140088557,27.875643055703527
1760,-25.053367140088557,27.875643055703527
1760,-25.053367140088557,27.875643055703527
1760,-25.053367140088557,27.875643055703527
1760,-25.053367140088557,27.875643055703527
1761,-24.91197875698464,27.991934332241897
1761,-24.91197875698464,27.991934332241897
1761,-24.91197875698464,27.991934332241897
1761,-24.91197875698464,27.991934332241897
1761,-24.91197875698464,27.991934332241897
1761,-24.91197875698464,27.991934332241897
1761,-24.91197875698464,27.991934332241897
1762,-25.076427648622587,26.64072550141757
1762,-25.076427648622587,26.64072550141757
1762,-25.076427648622587,26.64072550141757
1762,-25.076427648622587,26.64072550141757
1762,-25.076427648622587,26.64072550141757
1762,-25.076427648622587,26.64072550141757
1762,-25.076427648622587,26.64072550141757
1763,-24.86318239119011,27.677373157468832
1763,-24.86318239119011,27.677373157468832
1763,-24.86318239119011,27.677373157468832
1763,-24.86318239119011,27.677373157468832
1763,-24.86318239119011,27.677373157468832
1763,-24.86318239119011,27.677373157468832
1763,-24.86318239119011,27.677373157468832
1764,-23.766491751171344,27.42433258542966
1764,-23.766491751171344,27.42433258542966
1764,-23.766491751171344,27.42433258542966
1764,-23.766491751171344,27.42433258542966
1764,-23.766491751171344,27.42433258542966
1764,-23.766491751171344,27.42433258542966
1764,-23.766491751171344,27.42433258542966
1765,-24.5513068782568,28.028794303898714
1765,-24.5513068782568,28.028794303898714
1765,-24.5513068782568,28.028794303898714
1765,-24.5513068782568,28.028794303898714
1765,-24.5513068782568,28.028794303898714
1765,-24.5513068782568,28.028794303898714
1765,-24.5513068782568,28.028794303898714
1766,-25.050092011501707,27.67635489030121
1766,-25.050092011501707,27.67635489030121
1766,-25.050092011501707,27.67635489030121
1766,-25.050092011501707,27.67635489030121
1766,-25.050092011501707,27.67635489030121
1766,-25.050092011501707,27.67635489030121
1766,-25.050092011501707,27.67635489030121
1767,-23.18290825649844,27.894610585062722
1767,-23.18290825649844,27.894610585062722
1767,-23.18290825649844,27.894610585062722
1767,-23.18290825649844,27.894610585062722
1767,-23.18290825649844,27.894610585062722
1767,-23.18290825649844,27.894610585062722
1767,-23.18290825649844,27.894610585062722
1768,-24.463599917548127,27.69757475808029
1768,-24.463599917548127,27.69757475808029
1768,-24.463599917548127,27.69757475808029
1768,-24.463599917548127,27.69757475808029
1768,-24.463599917548127,27.69757475808029
1768,-24.463599917548127,27.69757475808029
1768,-24.463599917548127,27.69757475808029
1769,-24.09069480956087,27.897289667111966
1769,-24.09069480956087,27.897289667111966
1769,-24.09069480956087,27.897289667111966
1769,-24.09069480956087,27.897289667111966
1769,-24.09069480956087,27.897289667111966
1769,-24.09069480956087,27.897289667111966
1769,-24.09069480956087,27.897289667111966
1770,-24.310999362745303,27.87846640150624
1770,-24.310999362745303,27.87846640150624
1770,-24.310999362745303,27.87846640150624
1770,-24.310999362745303,27.87846640150624
1770,-24.310999362745303,27.87846640150624
1770,-24.310999362745303,27.87846640150624
1770,-24.310999362745303,27.87846640150624
1771,-24.49219092261098,27.67763186827697
1771,-24.49219092261098,27.67763186827697
1771,-24.49219092261098,27.67763186827697
1771,-24.49219092261098,27.67763186827697
1771,-24.49219092261098,27.67763186827697
1771,-24.49219092261098,27.67763186827697
1771,-24.49219092261098,27.67763186827697
1772,-24.89459298019585,27.87825161506026
1772,-24.89459298019585,27.87825161506026
1772,-24.89459298019585,27.87825161506026
1772,-24.89459298019585,27.87825161506026
1772,-24.89459298019585,27.87825161506026
1772,-24.89459298019585,27.87825161506026
1772,-24.89459298019585,27.87825161506026
1773,-24.51611726918974,27.676096179493072
1773,-24.51611726918974,27.676096179493072
1773,-24.51611726918974,27.676096179493072
1773,-24.51611726918974,27.676096179493072
1773,-24.51611726918974,27.676096179493072
1773,-24.51611726918974,27.676096179493072
1773,-24.51611726918974,27.676096179493072
1774,-24.54017142052622,27.984942300737714
1774,-24.54017142052622,27.984942300737714
1774,-24.54017142052622,27.984942300737714
1774,-24.54017142052622,27.984942300737714
1774,-24.54017142052622,27.984942300737714
1774,-24.54017142052622,27.984942300737714
1774,-24.54017142052622,27.984942300737714
1775,-23.662554790706217,27.426375995842566
1775,-23.662554790706217,27.426375995842566
1775,-23.662554790706217,27.426375995842566
1775,-23.662554790706217,27.426375995842566
1775,-23.662554790706217,27.426375995842566
1775,-23.662554790706217,27.426375995842566
1775,-23.662554790706217,27.426375995842566
1776,-24.213941324239073,27.184948109983715
1776,-24.213941324239073,27.184948109983715
1776,-24.213941324239073,27.184948109983715
1776,-24.213941324239073,27.184948109983715
1776,-24.213941324239073,27.184948109983715
1776,-24.213941324239073,27.184948109983715
1776,-24.213941324239073,27.184948109983715
1777,-22.66575036818972,27.426334154594223
1777,-22.66575036818972,27.426334154594223
1777,-22.66575036818972,27.426334154594223
1777,-22.66575036818972,27.426334154594223
1777,-22.66575036818972,27.426334154594223
1777,-22.66575036818972,27.426334154594223
1777,-22.66575036818972,27.426334154594223
1778,-24.34261992358696,26.64926891129693
1778,-24.34261992358696,26.64926891129693
1778,-24.34261992358696,26.64926891129693
1778,-24.34261992358696,26.64926891129693
1778,-24.34261992358696,26.64926891129693
1778,-24.34261992358696,26.64926891129693
1778,-24.34261992358696,26.64926891129693
1779,-24.392992409219804,27.518278601738626
1779,-24.392992409219804,27.518278601738626
1779,-24.392992409219804,27.518278601738626
1779,-24.392992409219804,27.518278601738626
1779,-24.392992409219804,27.518278601738626
1779,-24.392992409219804,27.518278601738626
1779,-24.392992409219804,27.518278601738626
1780,-24.01979908198314,27.676340111537083
1780,-24.01979908198314,27.676340111537083
1780,-24.01979908198314,27.676340111537083
1780,-24.01979908198314,27.676340111537083
1780,-24.01979908198314,27.676340111537083
1780,-24.01979908198314,27.676340111537083
1780,-24.01979908198314,27.676340111537083
1781,-24.15796945375244,27.26405038263009
1781,-24.15796945375244,27.26405038263009
1781,-24.15796945375244,27.26405038263009
1781,-24.15796945375244,27.26405038263009
1781,-24.15796945375244,27.26405038263009
1781,-24.15796945375244,27.26405038263009
1781,-24.15796945375244,27.26405038263009
1782,-23.946735794103493,27.50736673883123
1782,-23.946735794103493,27.50736673883123
1782,-23.946735794103493,27.50736673883123
1782,-23.946735794103493,27.50736673883123
1782,-23.946735794103493,27.50736673883123
1782,-23.946735794103493,27.50736673883123
1782,-23.946735794103493,27.50736673883123
1783,-23.87898495973103,28.00390983009691
1783,-23.87898495973103,28.00390983009691
1783,-23.87898495973103,28.00390983009691
1783,-23.87898495973103,28.00390983009691
1783,-23.87898495973103,28.00390983009691
1783,-23.87898495973103,28.00390983009691
1783,-23.87898495973103,28.00390983009691
1784,-24.84385646563864,27.875787215568657
1784,-24.84385646563864,27.875787215568657
1784,-24.84385646563864,27.875787215568657
1784,-24.84385646563864,27.875787215568657
1784,-24.84385646563864,27.875787215568657
1784,-24.84385646563864,27.875787215568657
1784,-24.84385646563864,27.875787215568657
1785,-24.000044103995155,27.427652973818326
1785,-24.000044103995155,27.427652973818326
1785,-24.000044103995155,27.427652973818326
1785,-24.000044103995155,27.427652973818326
1785,-24.000044103995155,27.427652973818326
1785,-24.000044103995155,27.427652973818326
1785,-24.000044103995155,27.427652973818326
1786,-24.40127495465737,27.8797147127085
1786,-24.40127495465737,27.8797147127085
1786,-24.40127495465737,27.8797147127085
1786,-24.40127495465737,27.8797147127085
1786,-24.40127495465737,27.8797147127085
1786,-24.40127495465737,27.8797147127085
1786,-24.40127495465737,27.8797147127085
1787,-24.07477702558814,27.192107018759785
1787,-24.07477702558814,27.192107018759785
1787,-24.07477702558814,27.192107018759785
1787,-24.07477702558814,27.192107018759785
1787,-24.07477702558814,27.192107018759785
1787,-24.07477702558814,27.192107018759785
1787,-24.07477702558814,27.192107018759785
1788,-23.991903925767723,27.874468396344554
1788,-23.991903925767723,27.874468396344554
1788,-23.991903925767723,27.874468396344554
1788,-23.991903925767723,27.874468396344554
1788,-23.991903925767723,27.874468396344554
1788,-23.991903925767723,27.874468396344554
1788,-23.991903925767723,27.874468396344554
1789,-23.86673100896924,27.875572429122677
1789,-23.86673100896924,27.875572429122677
1789,-23.86673100896924,27.875572429122677
1789,-23.86673100896924,27.875572429122677
1789,-23.86673100896924,27.875572429122677
1789,-23.86673100896924,27.875572429122677
1789,-23.86673100896924,27.875572429122677
1790,-24.656831966904406,28.00753044574669
1790,-24.656831966904406,28.00753044574669
1790,-24.656831966904406,28.00753044574669
1790,-24.656831966904406,28.00753044574669
1790,-24.656831966904406,28.00753044574669
1790,-24.656831966904406,28.00753044574669
1790,-24.656831966904406,28.00753044574669
1791,-24.524675759927387,27.677474410610465
1791,-24.524675759927387,27.677474410610465
1791,-24.524675759927387,27.677474410610465
1791,-24.524675759927387,27.677474410610465
1791,-24.524675759927387,27.677474410610465
1791,-24.524675759927387,27.677474410610465
1791,-24.524675759927387,27.677474410610465
1792,-24.274808987480288,26.90250402963538
1792,-24.274808987480288,26.90250402963538
1792,-24.274808987480288,26.90250402963538
1792,-24.274808987480288,26.90250402963538
1792,-24.274808987480288,26.90250402963538
1792,-24.274808987480288,26.90250402963538
1792,-24.274808987480288,26.90250402963538
1793,-24.78938581172848,27.8797147127085
1793,-24.78938581172848,27.8797147127085
1793,-24.78938581172848,27.8797147127085
1793,-24.78938581172848,27.8797147127085
1793,-24.78938581172848,27.8797147127085
1793,-24.78938581172848,27.8797147127085
1793,-24.78938581172848,27.8797147127085
1794,-24.420261521381907,28.01090186160109
1794,-24.420261521381907,28.01090186160109
1794,-24.420261521381907,28.01090186160109
1794,-24.420261521381907,28.01090186160109
1794,-24.420261521381907,28.01090186160109
1794,-24.420261521381907,28.01090186160109
1794,-24.420261521381907,28.01090186160109
1795,-24.703536368375367,29.923457615073225
1795,-24.703536368375367,29.923457615073225
1795,-24.703536368375367,29.923457615073225
1795,-24.703536368375367,29.923457615073225
1795,-24.703536368375367,29.923457615073225
1795,-24.703536368375367,29.923457615073225
1795,-24.703536368375367,29.923457615073225
1796,-23.635549276269007,28.00390972620857
1796,-23.635549276269007,28.00390972620857
1796,-23.635549276269007,28.00390972620857
1796,-23.635549276269007,28.00390972620857
1796,-23.635549276269007,28.00390972620857
1796,-23.635549276269007,28.00390972620857
1796,-23.635549276269007,28.00390972620857
1797,-24.683441997617937,30.250748833138275
1797,-24.683441997617937,30.250748833138275
1797,-24.683441997617937,30.250748833138275
1797,-24.683441997617937,30.250748833138275
1797,-24.683441997617937,30.250748833138275
1797,-24.683441997617937,30.250748833138275
1797,-24.683441997617937,30.250748833138275
1798,-24.296109407913146,27.69757475808029
1798,-24.296109407913146,27.69757475808029
1798,-24.296109407913146,27.69757475808029
1798,-24.296109407913146,27.69757475808029
1798,-24.296109407913146,27.69757475808029
1798,-24.296109407913146,27.69757475808029
1798,-24.296109407913146,27.69757475808029
1799,-24.12697622467499,27.679969727423163
1799,-24.12697622467499,27.679969727423163
1799,-24.12697622467499,27.679969727423163
1799,-24.12697622467499,27.679969727423163
1799,-24.12697622467499,27.679969727423163
1799,-24.12697622467499,27.679969727423163
1799,-24.12697622467499,27.679969727423163
1800,-24.701692796502645,26.648293478827355
1800,-24.701692796502645,26.648293478827355
1800,-24.701692796502645,26.648293478827355
1800,-24.701692796502645,26.648293478827355
1800,-24.701692796502645,26.648293478827355
1800,-24.701692796502645,26.648293478827355
1800,-24.701692796502645,26.648293478827355
1801,-23.73720789259591,28.025173688248934
1801,-23.73720789259591,28.025173688248934
1801,-23.73720789259591,28.025173688248934
1801,-23.73720789259591,28.025173688248934
1801,-23.73720789259591,28.025173688248934
1801,-23.73720789259591,28.025173688248934
1801,-23.73720789259591,28.025173688248934
1802,-23.920614477364076,27.87825161506026
1802,-23.920614477364076,27.87825161506026
1802,-23.920614477364076,27.87825161506026
1802,-23.920614477364076,27.87825161506026
1802,-23.920614477364076,27.87825161506026
1802,-23.920614477364076,27.87825161506026
1802,-23.920614477364076,27.87825161506026
1803,-24.562165224358168,28.01452247725087
1803,-24.562165224358168,28.01452247725087
1803,-24.562165224358168,28.01452247725087
1803,-24.562165224358168,28.01452247725087
1803,-24.562165224358168,28.01452247725087
1803,-24.562165224358168,28.01452247725087
1803,-24.562165224358168,28.01452247725087
1804,-24.51140824941989,28.01090186160109
1804,-24.51140824941989,28.01090186160109
1804,-24.51140824941989,28.01090186160109
1804,-24.51140824941989,28.01090186160109
1804,-24.51140824941989,28.01090186160109
1804,-24.51140824941989,28.01090186160109
1804,-24.51140824941989,28.01090186160109
1805,-23.838589249859552,27.875643055703527
1805,-23.838589249859552,27.875643055703527
1805,-23.838589249859552,27.875643055703527
1805,-23.838589249859552,27.875643055703527
1805,-23.838589249859552,27.875643055703527
1805,-23.838589249859552,27.875643055703527
1805,-23.838589249859552,27.875643055703527
1806,-24.295500262279926,26.677750116183812
1806,-24.295500262279926,26.677750116183812
1806,-24.295500262279926,26.677750116183812
1806,-24.295500262279926,26.677750116183812
1806,-24.295500262279926,26.677750116183812
1806,-24.295500262279926,26.677750116183812
1806,-24.295500262279926,26.677750116183812
1807,-22.477884685571386,26.638841265657938
1807,-22.477884685571386,26.638841265657938
1807,-22.477884685571386,26.638841265657938
1807,-22.477884685571386,26.638841265657938
1807,-22.477884685571386,26.638841265657938
1807,-22.477884685571386,26.638841265657938
1807,-22.477884685571386,26.638841265657938
1808,-23.989323379008933,26.831874670855704
1808,-23.989323379008933,26.831874670855704
1808,-23.989323379008933,26.831874670855704
1808,-23.989323379008933,26.831874670855704
1808,-23.989323379008933,26.831874670855704
1808,-23.989323379008933,26.831874670855704
1808,-23.989323379008933,26.831874670855704
1809,-24.291165237930763,27.875787215568657
1809,-24.291165237930763,27.875787215568657
1809,-24.291165237930763,27.875787215568657
1809,-24.291165237930763,27.875787215568657
1809,-24.291165237930763,27.875787215568657
1809,-24.291165237930763,27.875787215568657
1809,-24.291165237930763,27.875787215568657
1810,-23.85949937225872,27.26405038263009
1810,-23.85949937225872,27.26405038263009
1810,-23.85949937225872,27.26405038263009
1810,-23.85949937225872,27.26405038263009
1810,-23.85949937225872,27.26405038263009
1810,-23.85949937225872,27.26405038263009
1810,-23.85949937225872,27.26405038263009
1811,-24.250419956575346,27.984942300737714
1811,-24.250419956575346,27.984942300737714
1811,-24.250419956575346,27.984942300737714
1811,-24.250419956575346,27.984942300737714
1811,-24.250419956575346,27.984942300737714
1811,-24.250419956575346,27.984942300737714
1811,-24.250419956575346,27.984942300737714
1812,-24.94610480485769,27.902373484298323
1812,-24.94610480485769,27.902373484298323
1812,-24.94610480485769,27.902373484298323
1812,-24.94610480485769,27.902373484298323
1812,-24.94610480485769,27.902373484298323
1812,-24.94610480485769,27.902373484298323
1812,-24.94610480485769,27.902373484298323
1813,-23.476563434117836,27.427652973818326
1813,-23.476563434117836,27.427652973818326
1813,-23.476563434117836,27.427652973818326
1813,-23.476563434117836,27.427652973818326
1813,-23.476563434117836,27.427652973818326
1813,-23.476563434117836,27.427652973818326
1813,-23.476563434117836,27.427652973818326
1814,-24.564488549619842,28.00390972620857
1814,-24.564488549619842,28.00390972620857
1814,-24.564488549619842,28.00390972620857
1814,-24.564488549619842,28.00390972620857
1814,-24.564488549619842,28.00390972620857
1814,-24.564488549619842,28.00390972620857
1814,-24.564488549619842,28.00390972620857
1815,-23.925784402741836,27.875572429122677
1815,-23.925784402741836,27.875572429122677
1815,-23.925784402741836,27.875572429122677
1815,-23.925784402741836,27.875572429122677
1815,-23.925784402741836,27.875572429122677
1815,-23.925784402741836,27.875572429122677
1815,-23.925784402741836,27.875572429122677
1816,-24.341123185743257,27.191470150757212
1816,-24.341123185743257,27.191470150757212
1816,-24.341123185743257,27.191470150757212
1816,-24.341123185743257,27.191470150757212
1816,-24.341123185743257,27.191470150757212
1816,-24.341123185743257,27.191470150757212
1816,-24.341123185743257,27.191470150757212
1817,-24.34940826746327,27.999919998408494
1817,-24.34940826746327,27.999919998408494
1817,-24.34940826746327,27.999919998408494
1817,-24.34940826746327,27.999919998408494
1817,-24.34940826746327,27.999919998408494
1817,-24.34940826746327,27.999919998408494
1817,-24.34940826746327,27.999919998408494
1818,-24.280871057929257,27.874495458828772
1818,-24.280871057929257,27.874495458828772
1818,-24.280871057929257,27.874495458828772
1818,-24.280871057929257,27.874495458828772
1818,-24.280871057929257,27.874495458828772
1818,-24.280871057929257,27.874495458828772
1818,-24.280871057929257,27.874495458828772
1819,-24.68487180235883,27.894610585062722
1819,-24.68487180235883,27.894610585062722
1819,-24.68487180235883,27.894610585062722
1819,-24.68487180235883,27.894610585062722
1819,-24.68487180235883,27.894610585062722
1819,-24.68487180235883,27.894610585062722
1819,-24.68487180235883,27.894610585062722
1820,-24.00890559869457,27.897289771000306
1820,-24.00890559869457,27.897289771000306
1820,-24.00890559869457,27.897289771000306
1820,-24.00890559869457,27.897289771000306
1820,-24.00890559869457,27.897289771000306
1820,-24.00890559869457,27.897289771000306
1820,-24.00890559869457,27.897289771000306
1821,-24.722724379374966,27.697574654191953
1821,-24.722724379374966,27.697574654191953
1821,-24.722724379374966,27.697574654191953
1821,-24.722724379374966,27.697574654191953
1821,-24.722724379374966,27.697574654191953
1821,-24.722724379374966,27.697574654191953
1821,-24.722724379374966,27.697574654191953
1822,-23.40093345553521,27.42433258542966
1822,-23.40093345553521,27.42433258542966
1822,-23.40093345553521,27.42433258542966
1822,-23.40093345553521,27.42433258542966
1822,-23.40093345553521,27.42433258542966
1822,-23.40093345553521,27.42433258542966
1822,-23.40093345553521,27.42433258542966
1823,-23.441756278039616,27.427438187372346
1823,-23.441756278039616,27.427438187372346
1823,-23.441756278039616,27.427438187372346
1823,-23.441756278039616,27.427438187372346
1823,-23.441756278039616,27.427438187372346
1823,-23.441756278039616,27.427438187372346
1823,-23.441756278039616,27.427438187372346
1824,-23.826545663039283,27.427508813953196
1824,-23.826545663039283,27.427508813953196
1824,-23.826545663039283,27.427508813953196
1824,-23.826545663039283,27.427508813953196
1824,-23.826545663039283,27.427508813953196
1824,-23.826545663039283,27.427508813953196
1824,-23.826545663039283,27.427508813953196
1825,-24.617838902027902,26.860148513408937
1825,-24.617838902027902,26.860148513408937
1825,-24.617838902027902,26.860148513408937
1825,-24.617838902027902,26.860148513408937
1825,-24.617838902027902,26.860148513408937
1825,-24.617838902027902,26.860148513408937
1825,-24.617838902027902,26.860148513408937
1826,-24.363750584119874,27.383373074102952
1826,-24.363750584119874,27.383373074102952
1826,-24.363750584119874,27.383373074102952
1826,-24.363750584119874,27.383373074102952
1826,-24.363750584119874,27.383373074102952
1826,-24.363750584119874,27.383373074102952
1826,-24.363750584119874,27.383373074102952
1827,-23.78772736610344,26.862273666803308
1827,-23.78772736610344,26.862273666803308
1827,-23.78772736610344,26.862273666803308
1827,-23.78772736610344,26.862273666803308
1827,-23.78772736610344,26.862273666803308
1827,-23.78772736610344,26.862273666803308
1827,-23.78772736610344,26.862273666803308
1828,-24.709124335263542,27.875572429122677
1828,-24.709124335263542,27.875572429122677
1828,-24.709124335263542,27.875572429122677
1828,-24.709124335263542,27.875572429122677
1828,-24.709124335263542,27.875572429122677
1828,-24.709124335263542,27.875572429122677
1828,-24.709124335263542,27.875572429122677
1829,-23.964530950995428,28.01090175771275
1829,-23.964530950995428,28.01090175771275
1829,-23.964530950995428,28.01090175771275
1829,-23.964530950995428,28.01090175771275
1829,-23.964530950995428,28.01090175771275
1829,-23.964530950995428,28.01090175771275
1829,-23.964530950995428,28.01090175771275
1830,-23.764162115212105,28.01090186160109
1830,-23.764162115212105,28.01090186160109
1830,-23.764162115212105,28.01090186160109
1830,-23.764162115212105,28.01090186160109
1830,-23.764162115212105,28.01090186160109
1830,-23.764162115212105,28.01090186160109
1830,-23.764162115212105,28.01090186160109
1831,-24.450449460757678,27.07793696693873
1831,-24.450449460757678,27.07793696693873
1831,-24.450449460757678,27.07793696693873
1831,-24.450449460757678,27.07793696693873
1831,-24.450449460757678,27.07793696693873
1831,-24.450449460757678,27.07793696693873
1831,-24.450449460757678,27.07793696693873
1832,-24.95494977758985,28.01090186160109
1832,-24.95494977758985,28.01090186160109
1832,-24.95494977758985,28.01090186160109
1832,-24.95494977758985,28.01090186160109
1832,-24.95494977758985,28.01090186160109
1832,-24.95494977758985,28.01090186160109
1832,-24.95494977758985,28.01090186160109
1833,-23.662793776379626,27.87825161506026
1833,-23.662793776379626,27.87825161506026
1833,-23.662793776379626,27.87825161506026
1833,-23.662793776379626,27.87825161506026
1833,-23.662793776379626,27.87825161506026
1833,-23.662793776379626,27.87825161506026
1833,-23.662793776379626,27.87825161506026
1834,-24.132576819505708,27.67763186827697
1834,-24.132576819505708,27.67763186827697
1834,-24.132576819505708,27.67763186827697
1834,-24.132576819505708,27.67763186827697
1834,-24.132576819505708,27.67763186827697
1834,-24.132576819505708,27.67763186827697
1834,-24.132576819505708,27.67763186827697
1835,-24.24863173286771,27.984871674156864
1835,-24.24863173286771,27.984871674156864
1835,-24.24863173286771,27.984871674156864
1835,-24.24863173286771,27.984871674156864
1835,-24.24863173286771,27.984871674156864
1835,-24.24863173286771,27.984871674156864
1835,-24.24863173286771,27.984871674156864
1836,-24.436619832193834,27.286182832226867
1836,-24.436619832193834,27.286182832226867
1836,-24.436619832193834,27.286182832226867
1836,-24.436619832193834,27.286182832226867
1836,-24.436619832193834,27.286182832226867
1836,-24.436619832193834,27.286182832226867
1836,-24.436619832193834,27.286182832226867
1837,-24.44669332617605,27.894610585062722
1837,-24.44669332617605,27.894610585062722
1837,-24.44669332617605,27.894610585062722
1837,-24.44669332617605,27.894610585062722
1837,-24.44669332617605,27.894610585062722
1837,-24.44669332617605,27.894610585062722
1837,-24.44669332617605,27.894610585062722
1838,-24.4539682562912,29.89230788381008
1838,-24.4539682562912,29.89230788381008
1838,-24.4539682562912,29.89230788381008
1838,-24.4539682562912,29.89230788381008
1838,-24.4539682562912,29.89230788381008
1838,-24.4539682562912,29.89230788381008
1838,-24.4539682562912,29.89230788381008
1839,-24.459515388283254,27.877174644766356
1839,-24.459515388283254,27.877174644766356
1839,-24.459515388283254,27.877174644766356
1839,-24.459515388283254,27.877174644766356
1839,-24.459515388283254,27.877174644766356
1839,-24.459515388283254,27.877174644766356
1839,-24.459515388283254,27.877174644766356
1840,-24.840615364832114,27.674052769080166
1840,-24.840615364832114,27.674052769080166
1840,-24.840615364832114,27.674052769080166
1840,-24.840615364832114,27.674052769080166
1840,-24.840615364832114,27.674052769080166
1840,-24.840615364832114,27.674052769080166
1840,-24.840615364832114,27.674052769080166
1841,-24.39043094777483,30.274862721047608
1841,-24.39043094777483,30.274862721047608
1841,-24.39043094777483,30.274862721047608
1841,-24.39043094777483,30.274862721047608
1841,-24.39043094777483,30.274862721047608
1841,-24.39043094777483,30.274862721047608
1841,-24.39043094777483,30.274862721047608
1842,-24.533637204003025,27.169337701160433
1842,-24.533637204003025,27.169337701160433
1842,-24.533637204003025,27.169337701160433
1842,-24.533637204003025,27.169337701160433
1842,-24.533637204003025,27.169337701160433
1842,-24.533637204003025,27.169337701160433
1842,-24.533637204003025,27.169337701160433
1843,-24.352018488896366,27.87825161506026
1843,-24.352018488896366,27.87825161506026
1843,-24.352018488896366,27.87825161506026
1843,-24.352018488896366,27.87825161506026
1843,-24.352018488896366,27.87825161506026
1843,-24.352018488896366,27.87825161506026
1843,-24.352018488896366,27.87825161506026
1844,-23.633486985845774,28.01090175771275
1844,-23.633486985845774,28.01090175771275
1844,-23.633486985845774,28.01090175771275
1844,-23.633486985845774,28.01090175771275
1844,-23.633486985845774,28.01090175771275
1844,-23.633486985845774,28.01090175771275
1844,-23.633486985845774,28.01090175771275
1845,-24.4106229611886,28.01090186160109
1845,-24.4106229611886,28.01090186160109
1845,-24.4106229611886,28.01090186160109
1845,-24.4106229611886,28.01090186160109
1845,-24.4106229611886,28.01090186160109
1845,-24.4106229611886,28.01090186160109
1845,-24.4106229611886,28.01090186160109
1846,-24.317297382664268,26.855096354753222
1846,-24.317297382664268,26.855096354753222
1846,-24.317297382664268,26.855096354753222
1846,-24.317297382664268,26.855096354753222
1846,-24.317297382664268,26.855096354753222
1846,-24.317297382664268,26.855096354753222
1846,-24.317297382664268,26.855096354753222
1847,-24.732988090514464,27.875787215568657
1847,-24.732988090514464,27.875787215568657
1847,-24.732988090514464,27.875787215568657
1847,-24.732988090514464,27.875787215568657
1847,-24.732988090514464,27.875787215568657
1847,-24.732988090514464,27.875787215568657
1847,-24.732988090514464,27.875787215568657
1848,-23.458203424228667,27.427652973818326
1848,-23.458203424228667,27.427652973818326
1848,-23.458203424228667,27.427652973818326
1848,-23.458203424228667,27.427652973818326
1848,-23.458203424228667,27.427652973818326
1848,-23.458203424228667,27.427652973818326
1848,-23.458203424228667,27.427652973818326
1849,-24.35076441664566,27.8982312007125
1849,-24.35076441664566,27.8982312007125
1849,-24.35076441664566,27.8982312007125
1849,-24.35076441664566,27.8982312007125
1849,-24.35076441664566,27.8982312007125
1849,-24.35076441664566,27.8982312007125
1849,-24.35076441664566,27.8982312007125
1850,-24.262624772259468,27.8797147127085
1850,-24.262624772259468,27.8797147127085
1850,-24.262624772259468,27.8797147127085
1850,-24.262624772259468,27.8797147127085
1850,-24.262624772259468,27.8797147127085
1850,-24.262624772259468,27.8797147127085
1850,-24.262624772259468,27.8797147127085
1851,-24.03466523524732,27.874495458828772
1851,-24.03466523524732,27.874495458828772
1851,-24.03466523524732,27.874495458828772
1851,-24.03466523524732,27.874495458828772
1851,-24.03466523524732,27.874495458828772
1851,-24.03466523524732,27.874495458828772
1851,-24.03466523524732,27.874495458828772
1852,-24.47250117945279,27.38205425487885
1852,-24.47250117945279,27.38205425487885
1852,-24.47250117945279,27.38205425487885
1852,-24.47250117945279,27.38205425487885
1852,-24.47250117945279,27.38205425487885
1852,-24.47250117945279,27.38205425487885
1852,-24.47250117945279,27.38205425487885
1853,-24.47220734507716,27.89875286864854
1853,-24.47220734507716,27.89875286864854
1853,-24.47220734507716,27.89875286864854
1853,-24.47220734507716,27.89875286864854
1853,-24.47220734507716,27.89875286864854
1853,-24.47220734507716,27.89875286864854
1853,-24.47220734507716,27.89875286864854
1854,-24.111962788587054,27.678607228721095
1854,-24.111962788587054,27.678607228721095
1854,-24.111962788587054,27.678607228721095
1854,-24.111962788587054,27.678607228721095
1854,-24.111962788587054,27.678607228721095
1854,-24.111962788587054,27.678607228721095
1854,-24.111962788587054,27.678607228721095
1855,-24.214570819851687,27.992078492107026
1855,-24.214570819851687,27.992078492107026
1855,-24.214570819851687,27.992078492107026
1855,-24.214570819851687,27.992078492107026
1855,-24.214570819851687,27.992078492107026
1855,-24.214570819851687,27.992078492107026
1855,-24.214570819851687,27.992078492107026
1856,-23.744493251628217,27.382081317363067
1856,-23.744493251628217,27.382081317363067
1856,-23.744493251628217,27.382081317363067
1856,-23.744493251628217,27.382081317363067
1856,-23.744493251628217,27.382081317363067
1856,-23.744493251628217,27.382081317363067
1856,-23.744493251628217,27.382081317363067
1857,-24.18387278248223,27.985086460602844
1857,-24.18387278248223,27.985086460602844
1857,-24.18387278248223,27.985086460602844
1857,-24.18387278248223,27.985086460602844
1857,-24.18387278248223,27.985086460602844
1857,-24.18387278248223,27.985086460602844
1857,-24.18387278248223,27.985086460602844
1858,-24.330993219551665,28.033376620422764
1858,-24.330993219551665,28.033376620422764
1858,-24.330993219551665,28.033376620422764
1858,-24.330993219551665,28.033376620422764
1858,-24.330993219551665,28.033376620422764
1858,-24.330993219551665,28.033376620422764
1858,-24.330993219551665,28.033376620422764
1859,-24.594599010955562,28.00390983009691
1859,-24.594599010955562,28.00390983009691
1859,-24.594599010955562,28.00390983009691
1859,-24.594599010955562,28.00390983009691
1859,-24.594599010955562,28.00390983009691
1859,-24.594599010955562,28.00390983009691
1859,-24.594599010955562,28.00390983009691
1860,-25.254021732825276,27.677373157468832
1860,-25.254021732825276,27.677373157468832
1860,-25.254021732825276,27.677373157468832
1860,-25.254021732825276,27.677373157468832
1860,-25.254021732825276,27.677373157468832
1860,-25.254021732825276,27.677373157468832
1860,-25.254021732825276,27.677373157468832
1861,-23.514089516977165,28.00753044574669
1861,-23.514089516977165,28.00753044574669
1861,-23.514089516977165,28.00753044574669
1861,-23.514089516977165,28.00753044574669
1861,-23.514089516977165,28.00753044574669
1861,-23.514089516977165,28.00753044574669
1861,-23.514089516977165,28.00753044574669
1862,-24.12733505154321,28.01090186160109
1862,-24.12733505154321,28.01090186160109
1862,-24.12733505154321,28.01090186160109
1862,-24.12733505154321,28.01090186160109
1862,-24.12733505154321,28.01090186160109
1862,-24.12733505154321,28.01090186160109
1862,-24.12733505154321,28.01090186160109
1863,-23.45769089202577,26.640383296081183
1863,-23.45769089202577,26.640383296081183
1863,-23.45769089202577,26.640383296081183
1863,-23.45769089202577,26.640383296081183
1863,-23.45769089202577,26.640383296081183
1863,-23.45769089202577,26.640383296081183
1863,-23.45769089202577,26.640383296081183
1864,-24.86273605995114,26.842131478085143
1864,-24.86273605995114,26.842131478085143
1864,-24.86273605995114,26.842131478085143
1864,-24.86273605995114,26.842131478085143
1864,-24.86273605995114,26.842131478085143
1864,-24.86273605995114,26.842131478085143
1864,-24.86273605995114,26.842131478085143
1865,-24.78497304785185,28.00390983009691
1865,-24.78497304785185,28.00390983009691
1865,-24.78497304785185,28.00390983009691
1865,-24.78497304785185,28.00390983009691
1865,-24.78497304785185,28.00390983009691
1865,-24.78497304785185,28.00390983009691
1865,-24.78497304785185,28.00390983009691
1866,-24.00088548597856,26.774971957831898
1866,-24.00088548597856,26.774971957831898
1866,-24.00088548597856,26.774971957831898
1866,-24.00088548597856,26.774971957831898
1866,-24.00088548597856,26.774971957831898
1866,-24.00088548597856,26.774971957831898
1866,-24.00088548597856,26.774971957831898
1867,-23.492787521209493,27.67406407736612
1867,-23.492787521209493,27.67406407736612
1867,-23.492787521209493,27.67406407736612
1867,-23.492787521209493,27.67406407736612
1867,-23.492787521209493,27.67406407736612
1867,-23.492787521209493,27.67406407736612
1867,-23.492787521209493,27.67406407736612
1868,-24.17406925208676,27.67748770841184
1868,-24.17406925208676,27.67748770841184
1868,-24.17406925208676,27.67748770841184
1868,-24.17406925208676,27.67748770841184
1868,-24.17406925208676,27.67748770841184
1868,-24.17406925208676,27.67748770841184
1868,-24.17406925208676,27.67748770841184
1869,-24.5687528128166,27.898752764760204
1869,-24.5687528128166,27.898752764760204
1869,-24.5687528128166,27.898752764760204
1869,-24.5687528128166,27.898752764760204
1869,-24.5687528128166,27.898752764760204
1869,-24.5687528128166,27.898752764760204
1869,-24.5687528128166,27.898752764760204
1870,-24.487471399128232,27.451334896447687
1870,-24.487471399128232,27.451334896447687
1870,-24.487471399128232,27.451334896447687
1870,-24.487471399128232,27.451334896447687
1870,-24.487471399128232,27.451334896447687
1870,-24.487471399128232,27.451334896447687
1870,-24.487471399128232,27.451334896447687
1871,-24.084299542775316,27.87825161506026
1871,-24.084299542775316,27.87825161506026
1871,-24.084299542775316,27.87825161506026
1871,-24.084299542775316,27.87825161506026
1871,-24.084299542775316,27.87825161506026
1871,-24.084299542775316,27.87825161506026
1871,-24.084299542775316,27.87825161506026
1872,-24.324182762580076,27.92320956854239
1872,-24.324182762580076,27.92320956854239
1872,-24.324182762580076,27.92320956854239
1872,-24.324182762580076,27.92320956854239
1872,-24.324182762580076,27.92320956854239
1872,-24.324182762580076,27.92320956854239
1872,-24.324182762580076,27.92320956854239
1873,-23.805873068718256,27.89875286864854
1873,-23.805873068718256,27.89875286864854
1873,-23.805873068718256,27.89875286864854
1873,-23.805873068718256,27.89875286864854
1873,-23.805873068718256,27.89875286864854
1873,-23.805873068718256,27.89875286864854
1873,-23.805873068718256,27.89875286864854
1874,-24.125767258272955,27.87978533928935
1874,-24.125767258272955,27.87978533928935
1874,-24.125767258272955,27.87978533928935
1874,-24.125767258272955,27.87978533928935
1874,-24.125767258272955,27.87978533928935
1874,-24.125767258272955,27.87978533928935
1874,-24.125767258272955,27.87978533928935
1875,-24.426868355813,26.862273666803308
1875,-24.426868355813,26.862273666803308
1875,-24.426868355813,26.862273666803308
1875,-24.426868355813,26.862273666803308
1875,-24.426868355813,26.862273666803308
1875,-24.426868355813,26.862273666803308
1875,-24.426868355813,26.862273666803308
1876,-24.130165083451065,27.8797147127085
1876,-24.130165083451065,27.8797147127085
1876,-24.130165083451065,27.8797147127085
1876,-24.130165083451065,27.8797147127085
1876,-24.130165083451065,27.8797147127085
1876,-24.130165083451065,27.8797147127085
1876,-24.130165083451065,27.8797147127085
1877,-24.30945725785893,28.00390983009691
1877,-24.30945725785893,28.00390983009691
1877,-24.30945725785893,28.00390983009691
1877,-24.30945725785893,28.00390983009691
1877,-24.30945725785893,28.00390983009691
1877,-24.30945725785893,28.00390983009691
1877,-24.30945725785893,28.00390983009691
1878,-24.84498004840265,26.835225617511313
1878,-24.84498004840265,26.835225617511313
1878,-24.84498004840265,26.835225617511313
1878,-24.84498004840265,26.835225617511313
1878,-24.84498004840265,26.835225617511313
1878,-24.84498004840265,26.835225617511313
1878,-24.84498004840265,26.835225617511313
1879,-23.72797342334716,27.677474410610465
1879,-23.72797342334716,27.677474410610465
1879,-23.72797342334716,27.677474410610465
1879,-23.72797342334716,27.677474410610465
1879,-23.72797342334716,27.677474410610465
1879,-23.72797342334716,27.677474410610465
1879,-23.72797342334716,27.677474410610465
1880,-24.978058107539326,27.701195373730073
1880,-24.978058107539326,27.701195373730073
1880,-24.978058107539326,27.701195373730073
1880,-24.978058107539326,27.701195373730073
1880,-24.978058107539326,27.701195373730073
1880,-24.978058107539326,27.701195373730073
1880,-24.978058107539326,27.701195373730073
1881,-24.120518303901317,27.89875286864854
1881,-24.120518303901317,27.89875286864854
1881,-24.120518303901317,27.89875286864854
1881,-24.120518303901317,27.89875286864854
1881,-24.120518303901317,27.89875286864854
1881,-24.120518303901317,27.89875286864854
1881,-24.120518303901317,27.89875286864854
1882,-24.378131667290063,27.900910386650086
1882,-24.378131667290063,27.900910386650086
1882,-24.378131667290063,27.900910386650086
1882,-24.378131667290063,27.900910386650086
1882,-24.378131667290063,27.900910386650086
1882,-24.378131667290063,27.900910386650086
1882,-24.378131667290063,27.900910386650086
1883,-24.44409976699625,26.67440290767857
1883,-24.44409976699625,26.67440290767857
1883,-24.44409976699625,26.67440290767857
1883,-24.44409976699625,26.67440290767857
1883,-24.44409976699625,26.67440290767857
1883,-24.44409976699625,26.67440290767857
1883,-24.44409976699625,26.67440290767857
1884,-23.899663593677413,27.67748770841184
1884,-23.899663593677413,27.67748770841184
1884,-23.899663593677413,27.67748770841184
1884,-23.899663593677413,27.67748770841184
1884,-23.899663593677413,27.67748770841184
1884,-23.899663593677413,27.67748770841184
1884,-23.899663593677413,27.67748770841184
1885,-24.072276751590167,27.988925780346502
1885,-24.072276751590167,27.988925780346502
1885,-24.072276751590167,27.988925780346502
1885,-24.072276751590167,27.988925780346502
1885,-24.072276751590167,27.988925780346502
1885,-24.072276751590167,27.988925780346502
1885,-24.072276751590167,27.988925780346502
1886,-24.80772555406452,26.837157597868313
1886,-24.80772555406452,26.837157597868313
1886,-24.80772555406452,26.837157597868313
1886,-24.80772555406452,26.837157597868313
1886,-24.80772555406452,26.837157597868313
1886,-24.80772555406452,26.837157597868313
1886,-24.80772555406452,26.837157597868313
1887,-24.150989522862687,27.992078492107026
1887,-24.150989522862687,27.992078492107026
1887,-24.150989522862687,27.992078492107026
1887,-24.150989522862687,27.992078492107026
1887,-24.150989522862687,27.992078492107026
1887,-24.150989522862687,27.992078492107026
1887,-24.150989522862687,27.992078492107026
1888,-24.58226028639867,27.26151403500617
1888,-24.58226028639867,27.26151403500617
1888,-24.58226028639867,27.26151403500617
1888,-24.58226028639867,27.26151403500617
1888,-24.58226028639867,27.26151403500617
1888,-24.58226028639867,27.26151403500617
1888,-24.58226028639867,27.26151403500617
1889,-25.06622774360439,27.992078492107026
1889,-25.06622774360439,27.992078492107026
1889,-25.06622774360439,27.992078492107026
1889,-25.06622774360439,27.992078492107026
1889,-25.06622774360439,27.992078492107026
1889,-25.06622774360439,27.992078492107026
1889,-25.06622774360439,27.992078492107026
1890,-23.953740167317036,28.00635031875487
1890,-23.953740167317036,28.00635031875487
1890,-23.953740167317036,28.00635031875487
1890,-23.953740167317036,28.00635031875487
1890,-23.953740167317036,28.00635031875487
1890,-23.953740167317036,28.00635031875487
1890,-23.953740167317036,28.00635031875487
1891,-24.317157967243276,26.671672203188862
1891,-24.317157967243276,26.671672203188862
1891,-24.317157967243276,26.671672203188862
1891,-24.317157967243276,26.671672203188862
1891,-24.317157967243276,26.671672203188862
1891,-24.317157967243276,26.671672203188862
1891,-24.317157967243276,26.671672203188862
1892,-24.057901637021576,28.025908106720944
1892,-24.057901637021576,28.025908106720944
1892,-24.057901637021576,28.025908106720944
1892,-24.057901637021576,28.025908106720944
1892,-24.057901637021576,28.025908106720944
1892,-24.057901637021576,28.025908106720944
1892,-24.057901637021576,28.025908106720944
1893,-24.206306974783807,27.289803447876647
1893,-24.206306974783807,27.289803447876647
1893,-24.206306974783807,27.289803447876647
1893,-24.206306974783807,27.289803447876647
1893,-24.206306974783807,27.289803447876647
1893,-24.206306974783807,27.289803447876647
1893,-24.206306974783807,27.289803447876647
1894,-24.007672931684525,29.91684209671848
1894,-24.007672931684525,29.91684209671848
1894,-24.007672931684525,29.91684209671848
1894,-24.007672931684525,29.91684209671848
1894,-24.007672931684525,29.91684209671848
1894,-24.007672931684525,29.91684209671848
1894,-24.007672931684525,29.91684209671848
1895,-24.540111606496467,27.450096958962174
1895,-24.540111606496467,27.450096958962174
1895,-24.540111606496467,27.450096958962174
1895,-24.540111606496467,27.450096958962174
1895,-24.540111606496467,27.450096958962174
1895,-24.540111606496467,27.450096958962174
1895,-24.540111606496467,27.450096958962174
1896,-24.603801735076203,27.985086460602844
1896,-24.603801735076203,27.985086460602844
1896,-24.603801735076203,27.985086460602844
1896,-24.603801735076203,27.985086460602844
1896,-24.603801735076203,27.985086460602844
1896,-24.603801735076203,27.985086460602844
1896,-24.603801735076203,27.985086460602844
1897,-24.472028043137822,28.01090186160109
1897,-24.472028043137822,28.01090186160109
1897,-24.472028043137822,28.01090186160109
1897,-24.472028043137822,28.01090186160109
1897,-24.472028043137822,28.01090186160109
1897,-24.472028043137822,28.01090186160109
1897,-24.472028043137822,28.01090186160109
1898,-24.044505962205726,27.67635489030121
1898,-24.044505962205726,27.67635489030121
1898,-24.044505962205726,27.67635489030121
1898,-24.044505962205726,27.67635489030121
1898,-24.044505962205726,27.67635489030121
1898,-24.044505962205726,27.67635489030121
1898,-24.044505962205726,27.67635489030121
1899,-23.834722123115412,27.424329972189174
1899,-23.834722123115412,27.424329972189174
1899,-23.834722123115412,27.424329972189174
1899,-23.834722123115412,27.424329972189174
1899,-23.834722123115412,27.424329972189174
1899,-23.834722123115412,27.424329972189174
1899,-23.834722123115412,27.424329972189174
1900,-23.684497203378225,27.696196526962897
1900,-23.684497203378225,27.696196526962897
1900,-23.684497203378225,27.696196526962897
1900,-23.684497203378225,27.696196526962897
1900,-23.684497203378225,27.696196526962897
1900,-23.684497203378225,27.696196526962897
1900,-23.684497203378225,27.696196526962897
1901,-25.443782512139013,28.00753044574669
1901,-25.443782512139013,28.00753044574669
1901,-25.443782512139013,28.00753044574669
1901,-25.443782512139013,28.00753044574669
1901,-25.443782512139013,28.00753044574669
1901,-25.443782512139013,28.00753044574669
1901,-25.443782512139013,28.00753044574669
1902,-24.024256716954195,27.085257361174836
1902,-24.024256716954195,27.085257361174836
1902,-24.024256716954195,27.085257361174836
1902,-24.024256716954195,27.085257361174836
1902,-24.024256716954195,27.085257361174836
1902,-24.024256716954195,27.085257361174836
1902,-24.024256716954195,27.085257361174836
1903,-24.661706403102986,27.991934332241897
1903,-24.661706403102986,27.991934332241897
1903,-24.661706403102986,27.991934332241897
1903,-24.661706403102986,27.991934332241897
1903,-24.661706403102986,27.991934332241897
1903,-24.661706403102986,27.991934332241897
1903,-24.661706403102986,27.991934332241897
1904,-24.891400071343014,27.89948728712055
1904,-24.891400071343014,27.89948728712055
1904,-24.891400071343014,27.89948728712055
1904,-24.891400071343014,27.89948728712055
1904,-24.891400071343014,27.89948728712055
1904,-24.891400071343014,27.89948728712055
1904,-24.891400071343014,27.89948728712055
1905,-24.127472944720257,28.006549495373605
1905,-24.127472944720257,28.006549495373605
1905,-24.127472944720257,28.006549495373605
1905,-24.127472944720257,28.006549495373605
1905,-24.127472944720257,28.006549495373605
1905,-24.127472944720257,28.006549495373605
1905,-24.127472944720257,28.006549495373605
1906,-23.822286282504752,27.169337701160433
1906,-23.822286282504752,27.169337701160433
1906,-23.822286282504752,27.169337701160433
1906,-23.822286282504752,27.169337701160433
1906,-23.822286282504752,27.169337701160433
1906,-23.822286282504752,27.169337701160433
1906,-23.822286282504752,27.169337701160433
1907,-24.59574950106012,27.902373484298323
1907,-24.59574950106012,27.902373484298323
1907,-24.59574950106012,27.902373484298323
1907,-24.59574950106012,27.902373484298323
1907,-24.59574950106012,27.902373484298323
1907,-24.59574950106012,27.902373484298323
1907,-24.59574950106012,27.902373484298323
1908,-24.040568633314003,28.758792062806105
1908,-24.040568633314003,28.758792062806105
1908,-24.040568633314003,28.758792062806105
1908,-24.040568633314003,28.758792062806105
1908,-24.040568633314003,28.758792062806105
1908,-24.040568633314003,28.758792062806105
1908,-24.040568633314003,28.758792062806105
1909,-24.010935459469337,29.888687268160297
1909,-24.010935459469337,29.888687268160297
1909,-24.010935459469337,29.888687268160297
1909,-24.010935459469337,29.888687268160297
1909,-24.010935459469337,29.888687268160297
1909,-24.010935459469337,29.888687268160297
1909,-24.010935459469337,29.888687268160297
1910,-23.848413047514168,28.025173688248934
1910,-23.848413047514168,28.025173688248934
1910,-23.848413047514168,28.025173688248934
1910,-23.848413047514168,28.025173688248934
1910,-23.848413047514168,28.025173688248934
1910,-23.848413047514168,28.025173688248934
1910,-23.848413047514168,28.025173688248934
1911,-24.835875061856783,27.26151403500617
1911,-24.835875061856783,27.26151403500617
1911,-24.835875061856783,27.26151403500617
1911,-24.835875061856783,27.26151403500617
1911,-24.835875061856783,27.26151403500617
1911,-24.835875061856783,27.26151403500617
1911,-24.835875061856783,27.26151403500617
1912,-23.95663618228583,27.696930945434907
1912,-23.95663618228583,27.696930945434907
1912,-23.95663618228583,27.696930945434907
1912,-23.95663618228583,27.696930945434907
1912,-23.95663618228583,27.696930945434907
1912,-23.95663618228583,27.696930945434907
1912,-23.95663618228583,27.696930945434907
1913,-23.912890860300763,27.894610585062722
1913,-23.912890860300763,27.894610585062722
1913,-23.912890860300763,27.894610585062722
1913,-23.912890860300763,27.894610585062722
1913,-23.912890860300763,27.894610585062722
1913,-23.912890860300763,27.894610585062722
1913,-23.912890860300763,27.894610585062722
1914,-25.15769376438272,27.267215302867672
1914,-25.15769376438272,27.267215302867672
1914,-25.15769376438272,27.267215302867672
1914,-25.15769376438272,27.267215302867672
1914,-25.15769376438272,27.267215302867672
1914,-25.15769376438272,27.267215302867672
1914,-25.15769376438272,27.267215302867672
1915,-24.056396966242584,29.888676983214843
1915,-24.056396966242584,29.888676983214843
1915,-24.056396966242584,29.888676983214843
1915,-24.056396966242584,29.888676983214843
1915,-24.056396966242584,29.888676983214843
1915,-24.056396966242584,29.888676983214843
1915,-24.056396966242584,29.888676983214843
1916,-25.038526343218628,26.67078229202879
1916,-25.038526343218628,26.67078229202879
1916,-25.038526343218628,26.67078229202879
1916,-25.038526343218628,26.67078229202879
1916,-25.038526343218628,26.67078229202879
1916,-25.038526343218628,26.67078229202879
1916,-25.038526343218628,26.67078229202879
1917,-25.106783148985198,27.700075853420817
1917,-25.106783148985198,27.700075853420817
1917,-25.106783148985198,27.700075853420817
1917,-25.106783148985198,27.700075853420817
1917,-25.106783148985198,27.700075853420817
1917,-25.106783148985198,27.700075853420817
1917,-25.106783148985198,27.700075853420817
1918,-24.16348395756933,28.01090186160109
1918,-24.16348395756933,28.01090186160109
1918,-24.16348395756933,28.01090186160109
1918,-24.16348395756933,28.01090186160109
1918,-24.16348395756933,28.01090186160109
1918,-24.16348395756933,28.01090186160109
1918,-24.16348395756933,28.01090186160109
1919,-24.76828262550173,28.025173688248934
1919,-24.76828262550173,28.025173688248934
1919,-24.76828262550173,28.025173688248934
1919,-24.76828262550173,28.025173688248934
1919,-24.76828262550173,28.025173688248934
1919,-24.76828262550173,28.025173688248934
1919,-24.76828262550173,28.025173688248934
1920,-25.03657083043452,27.289803447876647
1920,-25.03657083043452,27.289803447876647
1920,-25.03657083043452,27.289803447876647
1920,-25.03657083043452,27.289803447876647
1920,-25.03657083043452,27.289803447876647
1920,-25.03657083043452,27.289803447876647
1920,-25.03657083043452,27.289803447876647
1921,-23.450398095722626,28.025173688248934
1921,-23.450398095722626,28.025173688248934
1921,-23.450398095722626,28.025173688248934
1921,-23.450398095722626,28.025173688248934
1921,-23.450398095722626,28.025173688248934
1921,-23.450398095722626,28.025173688248934
1921,-23.450398095722626,28.025173688248934
1922,-23.798514205097476,27.984942300737714
1922,-23.798514205097476,27.984942300737714
1922,-23.798514205097476,27.984942300737714
1922,-23.798514205097476,27.984942300737714
1922,-23.798514205097476,27.984942300737714
1922,-23.798514205097476,27.984942300737714
1922,-23.798514205097476,27.984942300737714
1923,-24.15071682956716,27.169323779633995
1923,-24.15071682956716,27.169323779633995
1923,-24.15071682956716,27.169323779633995
1923,-24.15071682956716,27.169323779633995
1923,-24.15071682956716,27.169323779633995
1923,-24.15071682956716,27.169323779633995
1923,-24.15071682956716,27.169323779633995
1924,-24.31598277743045,28.00390983009691
1924,-24.31598277743045,28.00390983009691
1924,-24.31598277743045,28.00390983009691
1924,-24.31598277743045,28.00390983009691
1924,-24.31598277743045,28.00390983009691
1924,-24.31598277743045,28.00390983009691
1924,-24.31598277743045,28.00390983009691
1925,-24.419225728517826,26.775732083528595
1925,-24.419225728517826,26.775732083528595
1925,-24.419225728517826,26.775732083528595
1925,-24.419225728517826,26.775732083528595
1925,-24.419225728517826,26.775732083528595
1925,-24.419225728517826,26.775732083528595
1925,-24.419225728517826,26.775732083528595
1926,-24.454741961399183,29.2142339244741
1926,-24.454741961399183,29.2142339244741
1926,-24.454741961399183,29.2142339244741
1926,-24.454741961399183,29.2142339244741
1926,-24.454741961399183,29.2142339244741
1926,-24.454741961399183,29.2142339244741
1926,-24.454741961399183,29.2142339244741
1927,-24.741939680630434,28.00753044574669
1927,-24.741939680630434,28.00753044574669
1927,-24.741939680630434,28.00753044574669
1927,-24.741939680630434,28.00753044574669
1927,-24.741939680630434,28.00753044574669
1927,-24.741939680630434,28.00753044574669
1927,-24.741939680630434,28.00753044574669
1928,-23.75882932407879,26.70040888777364
1928,-23.75882932407879,26.70040888777364
1928,-23.75882932407879,26.70040888777364
1928,-23.75882932407879,26.70040888777364
1928,-23.75882932407879,26.70040888777364
1928,-23.75882932407879,26.70040888777364
1928,-23.75882932407879,26.70040888777364
1929,-24.942026828576005,27.875572429122677
1929,-24.942026828576005,27.875572429122677
1929,-24.942026828576005,27.875572429122677
1929,-24.942026828576005,27.875572429122677
1929,-24.942026828576005,27.875572429122677
1929,-24.942026828576005,27.875572429122677
1929,-24.942026828576005,27.875572429122677
1930,-24.87613237841713,29.965015312539105
1930,-24.87613237841713,29.965015312539105
1930,-24.87613237841713,29.965015312539105
1930,-24.87613237841713,29.965015312539105
1930,-24.87613237841713,29.965015312539105
1930,-24.87613237841713,29.965015312539105
1930,-24.87613237841713,29.965015312539105
1931,-24.360694414885888,27.87825161506026
1931,-24.360694414885888,27.87825161506026
1931,-24.360694414885888,27.87825161506026
1931,-24.360694414885888,27.87825161506026
1931,-24.360694414885888,27.87825161506026
1931,-24.360694414885888,27.87825161506026
1931,-24.360694414885888,27.87825161506026
1932,-24.455023543472116,26.641285217412797
1932,-24.455023543472116,26.641285217412797
1932,-24.455023543472116,26.641285217412797
1932,-24.455023543472116,26.641285217412797
1932,-24.455023543472116,26.641285217412797
1932,-24.455023543472116,26.641285217412797
1932,-24.455023543472116,26.641285217412797
1933,-23.86505156789188,29.89230788381008
1933,-23.86505156789188,29.89230788381008
1933,-23.86505156789188,29.89230788381008
1933,-23.86505156789188,29.89230788381008
1933,-23.86505156789188,29.89230788381008
1933,-23.86505156789188,29.89230788381008
1933,-23.86505156789188,29.89230788381008
1934,-24.524583760222285,27.87832224164111
1934,-24.524583760222285,27.87832224164111
1934,-24.524583760222285,27.87832224164111
1934,-24.524583760222285,27.87832224164111
1934,-24.524583760222285,27.87832224164111
1934,-24.524583760222285,27.87832224164111
1934,-24.524583760222285,27.87832224164111
1935,-24.369462938476335,26.65147232059138
1935,-24.369462938476335,26.65147232059138
1935,-24.369462938476335,26.65147232059138
1935,-24.369462938476335,26.65147232059138
1935,-24.369462938476335,26.65147232059138
1935,-24.369462938476335,26.65147232059138
1935,-24.369462938476335,26.65147232059138
1936,-24.27649589498791,27.87846640150624
1936,-24.27649589498791,27.87846640150624
1936,-24.27649589498791,27.87846640150624
1936,-24.27649589498791,27.87846640150624
1936,-24.27649589498791,27.87846640150624
1936,-24.27649589498791,27.87846640150624
1936,-24.27649589498791,27.87846640150624
1937,-24.86814869971209,27.4058170592468
1937,-24.86814869971209,27.4058170592468
1937,-24.86814869971209,27.4058170592468
1937,-24.86814869971209,27.4058170592468
1937,-24.86814869971209,27.4058170592468
1937,-24.86814869971209,27.4058170592468
1937,-24.86814869971209,27.4058170592468
1938,-23.708767805302603,27.87832224164111
1938,-23.708767805302603,27.87832224164111
1938,-23.708767805302603,27.87832224164111
1938,-23.708767805302603,27.87832224164111
1938,-23.708767805302603,27.87832224164111
1938,-23.708767805302603,27.87832224164111
1938,-23.708767805302603,27.87832224164111
1939,-24.11706656748366,27.07793696693873
1939,-24.11706656748366,27.07793696693873
1939,-24.11706656748366,27.07793696693873
1939,-24.11706656748366,27.07793696693873
1939,-24.11706656748366,27.07793696693873
1939,-24.11706656748366,27.07793696693873
1939,-24.11706656748366,27.07793696693873
1940,-23.498485753556068,29.89230788381008
1940,-23.498485753556068,29.89230788381008
1940,-23.498485753556068,29.89230788381008
1940,-23.498485753556068,29.89230788381008
1940,-23.498485753556068,29.89230788381008
1940,-23.498485753556068,29.89230788381008
1940,-23.498485753556068,29.89230788381008
1941,-24.297646763342847,27.87846640150624
1941,-24.297646763342847,27.87846640150624
1941,-24.297646763342847,27.87846640150624
1941,-24.297646763342847,27.87846640150624
1941,-24.297646763342847,27.87846640150624
1941,-24.297646763342847,27.87846640150624
1941,-24.297646763342847,27.87846640150624
1942,-24.198581902632338,26.843306137444117
1942,-24.198581902632338,26.843306137444117
1942,-24.198581902632338,26.843306137444117
1942,-24.198581902632338,26.843306137444117
1942,-24.198581902632338,26.843306137444117
1942,-24.198581902632338,26.843306137444117
1942,-24.198581902632338,26.843306137444117
1943,-23.699972588026206,27.676340111537083
1943,-23.699972588026206,27.676340111537083
1943,-23.699972588026206,27.676340111537083
1943,-23.699972588026206,27.676340111537083
1943,-23.699972588026206,27.676340111537083
1943,-23.699972588026206,27.676340111537083
1943,-23.699972588026206,27.676340111537083
1944,-24.36828577265588,27.992078492107026
1944,-24.36828577265588,27.992078492107026
1944,-24.36828577265588,27.992078492107026
1944,-24.36828577265588,27.992078492107026
1944,-24.36828577265588,27.992078492107026
1944,-24.36828577265588,27.992078492107026
1944,-24.36828577265588,27.992078492107026
1945,-24.41333305184453,27.678536602140245
1945,-24.41333305184453,27.678536602140245
1945,-24.41333305184453,27.678536602140245
1945,-24.41333305184453,27.678536602140245
1945,-24.41333305184453,27.678536602140245
1945,-24.41333305184453,27.678536602140245
1945,-24.41333305184453,27.678536602140245
1946,-23.985419619730138,28.06005035081298
1946,-23.985419619730138,28.06005035081298
1946,-23.985419619730138,28.06005035081298
1946,-23.985419619730138,28.06005035081298
1946,-23.985419619730138,28.06005035081298
1946,-23.985419619730138,28.06005035081298
1946,-23.985419619730138,28.06005035081298
1947,-24.39527466572041,27.875572429122677
1947,-24.39527466572041,27.875572429122677
1947,-24.39527466572041,27.875572429122677
1947,-24.39527466572041,27.875572429122677
1947,-24.39527466572041,27.875572429122677
1947,-24.39527466572041,27.875572429122677
1947,-24.39527466572041,27.875572429122677
1948,-24.44967082377946,27.082092440937252
1948,-24.44967082377946,27.082092440937252
1948,-24.44967082377946,27.082092440937252
1948,-24.44967082377946,27.082092440937252
1948,-24.44967082377946,27.082092440937252
1948,-24.44967082377946,27.082092440937252
1948,-24.44967082377946,27.082092440937252
1949,-23.703972908028906,27.696455237771033
1949,-23.703972908028906,27.696455237771033
1949,-23.703972908028906,27.696455237771033
1949,-23.703972908028906,27.696455237771033
1949,-23.703972908028906,27.696455237771033
1949,-23.703972908028906,27.696455237771033
1949,-23.703972908028906,27.696455237771033
1950,-24.737613247039477,27.875643055703527
1950,-24.737613247039477,27.875643055703527
1950,-24.737613247039477,27.875643055703527
1950,-24.737613247039477,27.875643055703527
1950,-24.737613247039477,27.875643055703527
1950,-24.737613247039477,27.875643055703527
1950,-24.737613247039477,27.875643055703527
1951,-24.275825142169975,28.00753044574669
1951,-24.275825142169975,28.00753044574669
1951,-24.275825142169975,28.00753044574669
1951,-24.275825142169975,28.00753044574669
1951,-24.275825142169975,28.00753044574669
1951,-24.275825142169975,28.00753044574669
1951,-24.275825142169975,28.00753044574669
1952,-24.5457121078519,27.678751388586225
1952,-24.5457121078519,27.678751388586225
1952,-24.5457121078519,27.678751388586225
1952,-24.5457121078519,27.678751388586225
1952,-24.5457121078519,27.678751388586225
1952,-24.5457121078519,27.678751388586225
1952,-24.5457121078519,27.678751388586225
1953,-23.467089878421167,27.677158371022852
1953,-23.467089878421167,27.677158371022852
1953,-23.467089878421167,27.677158371022852
1953,-23.467089878421167,27.677158371022852
1953,-23.467089878421167,27.677158371022852
1953,-23.467089878421167,27.677158371022852
1953,-23.467089878421167,27.677158371022852
1954,-24.41826643010031,27.87832224164111
1954,-24.41826643010031,27.87832224164111
1954,-24.41826643010031,27.87832224164111
1954,-24.41826643010031,27.87832224164111
1954,-24.41826643010031,27.87832224164111
1954,-24.41826643010031,27.87832224164111
1954,-24.41826643010031,27.87832224164111
1955,-24.36393546464806,27.87978533928935
1955,-24.36393546464806,27.87978533928935
1955,-24.36393546464806,27.87978533928935
1955,-24.36393546464806,27.87978533928935
1955,-24.36393546464806,27.87978533928935
1955,-24.36393546464806,27.87978533928935
1955,-24.36393546464806,27.87978533928935
1956,-24.84955346871967,27.69981714261268
1956,-24.84955346871967,27.69981714261268
1956,-24.84955346871967,27.69981714261268
1956,-24.84955346871967,27.69981714261268
1956,-24.84955346871967,27.69981714261268
1956,-24.84955346871967,27.69981714261268
1956,-24.84955346871967,27.69981714261268
1957,-24.55893190817177,29.99718076953812
1957,-24.55893190817177,29.99718076953812
1957,-24.55893190817177,29.99718076953812
1957,-24.55893190817177,29.99718076953812
1957,-24.55893190817177,29.99718076953812
1957,-24.55893190817177,29.99718076953812
1957,-24.55893190817177,29.99718076953812
1958,-24.48797652182641,28.028794303898714
1958,-24.48797652182641,28.028794303898714
1958,-24.48797652182641,28.028794303898714
1958,-24.48797652182641,28.028794303898714
1958,-24.48797652182641,28.028794303898714
1958,-24.48797652182641,28.028794303898714
1958,-24.48797652182641,28.028794303898714
1959,-24.12009419780881,26.843235510863266
1959,-24.12009419780881,26.843235510863266
1959,-24.12009419780881,26.843235510863266
1959,-24.12009419780881,26.843235510863266
1959,-24.12009419780881,26.843235510863266
1959,-24.12009419780881,26.843235510863266
1959,-24.12009419780881,26.843235510863266
1960,-24.548038938921582,27.89875286864854
1960,-24.548038938921582,27.89875286864854
1960,-24.548038938921582,27.89875286864854
1960,-24.548038938921582,27.89875286864854
1960,-24.548038938921582,27.89875286864854
1960,-24.548038938921582,27.89875286864854
1960,-24.548038938921582,27.89875286864854
1961,-23.893172636540722,27.697574654191953
1961,-23.893172636540722,27.697574654191953
1961,-23.893172636540722,27.697574654191953
1961,-23.893172636540722,27.697574654191953
1961,-23.893172636540722,27.697574654191953
1961,-23.893172636540722,27.697574654191953
1961,-23.893172636540722,27.697574654191953
1962,-23.691838914300202,27.8982312007125
1962,-23.691838914300202,27.8982312007125
1962,-23.691838914300202,27.8982312007125
1962,-23.691838914300202,27.8982312007125
1962,-23.691838914300202,27.8982312007125
1962,-23.691838914300202,27.8982312007125
1962,-23.691838914300202,27.8982312007125
1963,-24.479088739887608,29.897078539268588
1963,-24.479088739887608,29.897078539268588
1963,-24.479088739887608,29.897078539268588
1963,-24.479088739887608,29.897078539268588
1963,-24.479088739887608,29.897078539268588
1963,-24.479088739887608,29.897078539268588
1963,-24.479088739887608,29.897078539268588
1964,-24.024084418421275,27.992078492107026
1964,-24.024084418421275,27.992078492107026
1964,-24.024084418421275,27.992078492107026
1964,-24.024084418421275,27.992078492107026
1964,-24.024084418421275,27.992078492107026
1964,-24.024084418421275,27.992078492107026
1964,-24.024084418421275,27.992078492107026
1965,-23.747560306299235,27.696196526962897
1965,-23.747560306299235,27.696196526962897
1965,-23.747560306299235,27.696196526962897
1965,-23.747560306299235,27.696196526962897
1965,-23.747560306299235,27.696196526962897
1965,-23.747560306299235,27.696196526962897
1965,-23.747560306299235,27.696196526962897
1966,-24.216945570655206,27.697574654191953
1966,-24.216945570655206,27.697574654191953
1966,-24.216945570655206,27.697574654191953
1966,-24.216945570655206,27.697574654191953
1966,-24.216945570655206,27.697574654191953
1966,-24.216945570655206,27.697574654191953
1966,-24.216945570655206,27.697574654191953
1967,-24.483266982323595,27.383158287656972
1967,-24.483266982323595,27.383158287656972
1967,-24.483266982323595,27.383158287656972
1967,-24.483266982323595,27.383158287656972
1967,-24.483266982323595,27.383158287656972
1967,-24.483266982323595,27.383158287656972
1967,-24.483266982323595,27.383158287656972
1968,-24.494651505724995,28.01090175771275
1968,-24.494651505724995,28.01090175771275
1968,-24.494651505724995,28.01090175771275
1968,-24.494651505724995,28.01090175771275
1968,-24.494651505724995,28.01090175771275
1968,-24.494651505724995,28.01090175771275
1968,-24.494651505724995,28.01090175771275
1969,-24.486566459640834,27.3800500724738
1969,-24.486566459640834,27.3800500724738
1969,-24.486566459640834,27.3800500724738
1969,-24.486566459640834,27.3800500724738
1969,-24.486566459640834,27.3800500724738
1969,-24.486566459640834,27.3800500724738
1969,-24.486566459640834,27.3800500724738
1970,-24.29334304061344,27.402196443597017
1970,-24.29334304061344,27.402196443597017
1970,-24.29334304061344,27.402196443597017
1970,-24.29334304061344,27.402196443597017
1970,-24.29334304061344,27.402196443597017
1970,-24.29334304061344,27.402196443597017
1970,-24.29334304061344,27.402196443597017
1971,-24.44393348944242,27.090307042934413
1971,-24.44393348944242,27.090307042934413
1971,-24.44393348944242,27.090307042934413
1971,-24.44393348944242,27.090307042934413
1971,-24.44393348944242,27.090307042934413
1971,-24.44393348944242,27.090307042934413
1971,-24.44393348944242,27.090307042934413
1972,-24.57343607887524,29.888676983214843
1972,-24.57343607887524,29.888676983214843
1972,-24.57343607887524,29.888676983214843
1972,-24.57343607887524,29.888676983214843
1972,-24.57343607887524,29.888676983214843
1972,-24.57343607887524,29.888676983214843
1972,-24.57343607887524,29.888676983214843
1973,-24.2438258536629,27.676081400728947
1973,-24.2438258536629,27.676081400728947
1973,-24.2438258536629,27.676081400728947
1973,-24.2438258536629,27.676081400728947
1973,-24.2438258536629,27.676081400728947
1973,-24.2438258536629,27.676081400728947
1973,-24.2438258536629,27.676081400728947
1974,-24.16552203398113,27.69981714261268
1974,-24.16552203398113,27.69981714261268
1974,-24.16552203398113,27.69981714261268
1974,-24.16552203398113,27.69981714261268
1974,-24.16552203398113,27.69981714261268
1974,-24.16552203398113,27.69981714261268
1974,-24.16552203398113,27.69981714261268
1975,-24.57968670864684,27.87846640150624
1975,-24.57968670864684,27.87846640150624
1975,-24.57968670864684,27.87846640150624
1975,-24.57968670864684,27.87846640150624
1975,-24.57968670864684,27.87846640150624
1975,-24.57968670864684,27.87846640150624
1975,-24.57968670864684,27.87846640150624
1976,-24.082872043348253,29.89230788381008
1976,-24.082872043348253,29.89230788381008
1976,-24.082872043348253,29.89230788381008
1976,-24.082872043348253,29.89230788381008
1976,-24.082872043348253,29.89230788381008
1976,-24.082872043348253,29.89230788381008
1976,-24.082872043348253,29.89230788381008
1977,-24.479921533783887,27.38205425487885
1977,-24.479921533783887,27.38205425487885
1977,-24.479921533783887,27.38205425487885
1977,-24.479921533783887,27.38205425487885
1977,-24.479921533783887,27.38205425487885
1977,-24.479921533783887,27.38205425487885
1977,-24.479921533783887,27.38205425487885
1978,-23.892983136211704,28.01452247725087
1978,-23.892983136211704,28.01452247725087
1978,-23.892983136211704,28.01452247725087
1978,-23.892983136211704,28.01452247725087
1978,-23.892983136211704,28.01452247725087
1978,-23.892983136211704,28.01452247725087
1978,-23.892983136211704,28.01452247725087
1979,-24.341220486292972,26.965499515931654
1979,-24.341220486292972,26.965499515931654
1979,-24.341220486292972,26.965499515931654
1979,-24.341220486292972,26.965499515931654
1979,-24.341220486292972,26.965499515931654
1979,-24.341220486292972,26.965499515931654
1979,-24.341220486292972,26.965499515931654
1980,-25.143032025999204,27.38205425487885
1980,-25.143032025999204,27.38205425487885
1980,-25.143032025999204,27.38205425487885
1980,-25.143032025999204,27.38205425487885
1980,-25.143032025999204,27.38205425487885
1980,-25.143032025999204,27.38205425487885
1980,-25.143032025999204,27.38205425487885
1981,-24.756001293918736,27.894610481174382
1981,-24.756001293918736,27.894610481174382
1981,-24.756001293918736,27.894610481174382
1981,-24.756001293918736,27.894610481174382
1981,-24.756001293918736,27.894610481174382
1981,-24.756001293918736,27.894610481174382
1981,-24.756001293918736,27.894610481174382
1982,-24.556658680496554,27.38205425487885
1982,-24.556658680496554,27.38205425487885
1982,-24.556658680496554,27.38205425487885
1982,-24.556658680496554,27.38205425487885
1982,-24.556658680496554,27.38205425487885
1982,-24.556658680496554,27.38205425487885
1982,-24.556658680496554,27.38205425487885
1983,-24.531569948247284,27.875787215568657
1983,-24.531569948247284,27.875787215568657
1983,-24.531569948247284,27.875787215568657
1983,-24.531569948247284,27.875787215568657
1983,-24.531569948247284,27.875787215568657
1983,-24.531569948247284,27.875787215568657
1983,-24.531569948247284,27.875787215568657
1984,-24.29558984057625,28.435539124895364
1984,-24.29558984057625,28.435539124895364
1984,-24.29558984057625,28.435539124895364
1984,-24.29558984057625,28.435539124895364
1984,-24.29558984057625,28.435539124895364
1984,-24.29558984057625,28.435539124895364
1984,-24.29558984057625,28.435539124895364
1985,-24.26037857890503,27.084082701815863
1985,-24.26037857890503,27.084082701815863
1985,-24.26037857890503,27.084082701815863
1985,-24.26037857890503,27.084082701815863
1985,-24.26037857890503,27.084082701815863
1985,-24.26037857890503,27.084082701815863
1985,-24.26037857890503,27.084082701815863
1986,-23.970252052710197,27.26608248475704
1986,-23.970252052710197,27.26608248475704
1986,-23.970252052710197,27.26608248475704
1986,-23.970252052710197,27.26608248475704
1986,-23.970252052710197,27.26608248475704
1986,-23.970252052710197,27.26608248475704
1986,-23.970252052710197,27.26608248475704
1987,-24.305951314724574,28.00390972620857
1987,-24.305951314724574,28.00390972620857
1987,-24.305951314724574,28.00390972620857
1987,-24.305951314724574,28.00390972620857
1987,-24.305951314724574,28.00390972620857
1987,-24.305951314724574,28.00390972620857
1987,-24.305951314724574,28.00390972620857
1988,-24.74962511564947,27.08410976430008
1988,-24.74962511564947,27.08410976430008
1988,-24.74962511564947,27.08410976430008
1988,-24.74962511564947,27.08410976430008
1988,-24.74962511564947,27.08410976430008
1988,-24.74962511564947,27.08410976430008
1988,-24.74962511564947,27.08410976430008
1989,-24.553363157247837,27.999721335464763
1989,-24.553363157247837,27.999721335464763
1989,-24.553363157247837,27.999721335464763
1989,-24.553363157247837,27.999721335464763
1989,-24.553363157247837,27.999721335464763
1989,-24.553363157247837,27.999721335464763
1989,-24.553363157247837,27.999721335464763
1990,-23.702267739962753,27.87825161506026
1990,-23.702267739962753,27.87825161506026
1990,-23.702267739962753,27.87825161506026
1990,-23.702267739962753,27.87825161506026
1990,-23.702267739962753,27.87825161506026
1990,-23.702267739962753,27.87825161506026
1990,-23.702267739962753,27.87825161506026
1991,-24.013541956433766,28.03957887220258
1991,-24.013541956433766,28.03957887220258
1991,-24.013541956433766,28.03957887220258
1991,-24.013541956433766,28.03957887220258
1991,-24.013541956433766,28.03957887220258
1991,-24.013541956433766,28.03957887220258
1991,-24.013541956433766,28.03957887220258
1992,-23.97831724750982,26.648293478827355
1992,-23.97831724750982,26.648293478827355
1992,-23.97831724750982,26.648293478827355
1992,-23.97831724750982,26.648293478827355
1992,-23.97831724750982,26.648293478827355
1992,-23.97831724750982,26.648293478827355
1992,-23.97831724750982,26.648293478827355
1993,-23.693641000059728,28.00390983009691
1993,-23.693641000059728,28.00390983009691
1993,-23.693641000059728,28.00390983009691
1993,-23.693641000059728,28.00390983009691
1993,-23.693641000059728,28.00390983009691
1993,-23.693641000059728,28.00390983009691
1993,-23.693641000059728,28.00390983009691
1994,-23.945710906905628,27.402196443597017
1994,-23.945710906905628,27.402196443597017
1994,-23.945710906905628,27.402196443597017
1994,-23.945710906905628,27.402196443597017
1994,-23.945710906905628,27.402196443597017
1994,-23.945710906905628,27.402196443597017
1994,-23.945710906905628,27.402196443597017
1995,-24.72392639228476,28.00390983009691
1995,-24.72392639228476,28.00390983009691
1995,-24.72392639228476,28.00390983009691
1995,-24.72392639228476,28.00390983009691
1995,-24.72392639228476,28.00390983009691
1995,-24.72392639228476,28.00390983009691
1995,-24.72392639228476,28.00390983009691
1996,-24.04589778853117,27.67748770841184
1996,-24.04589778853117,27.67748770841184
1996,-24.04589778853117,27.67748770841184
1996,-24.04589778853117,27.67748770841184
1996,-24.04589778853117,27.67748770841184
1996,-24.04589778853117,27.67748770841184
1996,-24.04589778853117,27.67748770841184
1997,-25.147896549106154,28.025173688248934
1997,-25.147896549106154,28.025173688248934
1997,-25.147896549106154,28.025173688248934
1997,-25.147896549106154,28.025173688248934
1997,-25.147896549106154,28.025173688248934
1997,-25.147896549106154,28.025173688248934
1997,-25.147896549106154,28.025173688248934
1998,-24.302098128729575,26.84012729568009
1998,-24.302098128729575,26.84012729568009
1998,-24.302098128729575,26.84012729568009
1998,-24.302098128729575,26.84012729568009
1998,-24.302098128729575,26.84012729568009
1998,-24.302098128729575,26.84012729568009
1998,-24.302098128729575,26.84012729568009
1999,-25.110886316563157,27.677158371022852
1999,-25.110886316563157,27.677158371022852
1999,-25.110886316563157,27.677158371022852
1999,-25.110886316563157,27.677158371022852
1999,-25.110886316563157,27.677158371022852
1999,-25.110886316563157,27.677158371022852
1999,-25.110886316563157,27.677158371022852
